"","id","institutionCode","collectionCode","ownerInstitutionCode","basisOfRecord","occurrenceID","catalogNumber","otherCatalogNumbers","higherClassification","kingdom","phylum","class","order","family","scientificName","taxonID","scientificNameAuthorship","genus","subgenus","specificEpithet","verbatimTaxonRank","infraspecificEpithet","taxonRank","identifiedBy","dateIdentified","identificationReferences","identificationRemarks","taxonRemarks","identificationQualifier","typeStatus","recordedBy","associatedCollectors","recordNumber","eventDate","year","month","day","startDayOfYear","endDayOfYear","verbatimEventDate","occurrenceRemarks","habitat","substrate","verbatimAttributes","fieldNumber","informationWithheld","dataGeneralizations","dynamicProperties","associatedOccurrences","associatedTaxa","reproductiveCondition","establishmentMeans","cultivationStatus","lifeStage","sex","individualCount","preparations","country","stateProvince","county","municipality","locality","locationRemarks","localitySecurity","localitySecurityReason","decimalLatitude","decimalLongitude","geodeticDatum","coordinateUncertaintyInMeters","verbatimCoordinates","georeferencedBy","georeferenceProtocol","georeferenceSources","georeferenceVerificationStatus","georeferenceRemarks","minimumElevationInMeters","maximumElevationInMeters","minimumDepthInMeters","maximumDepthInMeters","verbatimDepth","verbatimElevation","disposition","language","recordEnteredBy","modified","sourcePrimaryKey.dbpk","collId","recordId","references"
"1",4352781,"CINC",NA,NA,"PreservedSpecimen","04f70e16-0cb8-4b8e-83fd-ec78bfd4ff6d","CINC-F-0000387","","Fungi|Ascomycota|Pezizomycotina|Cryptomycina","Fungi","Ascomycota","","","Sordariomycetes","Cryptomycina pteridis",159344,"(Rebent.) H�hn.","Cryptomycina",NA,"pteridis","","","Species","","",NA,NA,NA,"","","Cooke, William Bridge","Cooke, V.G.","25307","1949-07-17","1949","7","17",198,NA,"July 17, 1949","Mycobiota of North America, 1-450, W.B. Cooke, exs #: 355","","on Pteridium aquilium var. pubescens","",NA,"",NA,NA,NA,"",NA,NA,NA,"",NA,NA,NA,"United States","Idaho","Idaho","Kooskia","along the Rackliff Ridge Trail one half mile above Rackliff Creek Public Camp, Nez Perce National Forest",NA,NA,NA,46.153118,-115.458197,"WGS84",1414,"","harmona4","","GeoLocate","","",762,NA,NA,NA,NA,"2500ft.",NA,NA,"harmona4","2020-05-08 08:53:22",NA,70,"urn:uuid:04f70e16-0cb8-4b8e-83fd-ec78bfd4ff6d","https://www.mycoportal.org/portal/collections/individual/index.php?occid=4352781"
"2",4390210,"CINC",NA,NA,"PreservedSpecimen","c143ab5d-bc7b-478a-b760-f0edd9ad862b","CINC-F-0000934","","Fungi|Ascomycota|Pezizomycotina|Leotiomycetes|Leotiomycetidae|Erysiphales|Erysiphaceae|Erysiphe","Fungi","Ascomycota","Leotiomycetes","Erysiphales","Erysiphaceae","Erysiphe communis",216779,"(Wallr.) Schltdl.","Erysiphe",NA,"communis","","","Species","","",NA,NA,NA,"","","Cooke, William Bridge","Cooke, V.G.","25693","1949-08-26","1949","8","26",238,NA,"August 26, 1949","Mycobiota of North America, 1-450, W.B. Cooke, exs #: 351","","on Lupinus obtusilobus","",NA,"",NA,NA,NA,"",NA,NA,NA,"",NA,NA,NA,"United States","California","Siskiyou","Mt. Shasta","Along the Bolam Road, north side of Mount Shasta",NA,NA,NA,41.488171,-122.2333,"WGS84",4850,"","harmona4","","GeoLocate","","",1829,2134,NA,NA,NA,"6000-7000ft.",NA,NA,"harmona4","2020-05-08 08:53:22",NA,70,"urn:uuid:c143ab5d-bc7b-478a-b760-f0edd9ad862b","https://www.mycoportal.org/portal/collections/individual/index.php?occid=4390210"
"3",4395200,"CINC",NA,NA,"PreservedSpecimen","47c5eadc-9a65-4341-b346-cd56d257660f","CINC-F-0000990","","Protozoa|Myxomycota|Myxomycetes|Trichiales","Protozoa","Myxomycota","Myxomycetes","Trichiales","Trichiaceae","Ophiotheca chrysosperma",645744,"Curr.","Ophiotheca",NA,"chrysosperma","","","Species","","",NA,NA,NA,"","","Risch, G.","","s.n.","1949-01-08","1949","1","8",8,NA,"January 8, 1949","","","decaying log","",NA,"",NA,NA,NA,"",NA,NA,NA,"",NA,NA,NA,"United States","Ohio","Hamilton","Cincinnati","California",NA,NA,NA,39.065339,-84.423274,"",3036,"","harmona4 (2019-12-16 08:11:09)","","georef batch tool 2019-12-16; GeoLocate","reviewed - high confidence","",NA,NA,NA,NA,NA,"",NA,NA,"harmona4","2020-05-08 08:53:22",NA,70,"urn:uuid:47c5eadc-9a65-4341-b346-cd56d257660f","https://www.mycoportal.org/portal/collections/individual/index.php?occid=4395200"
"4",4398849,"CINC",NA,NA,"PreservedSpecimen","916f93e2-a64b-4bdd-b80a-f040667d5762","CINC-F-0001163","","Fungi|Basidiomycota|Ascomycota|Pezizomycotina|Agaricomycotina|Leotiomycetes|Agaricomycetes|Leotiomycetidae|Agaricomycetidae|Helotiales|Agaricales|Mycenaceae|Helotiaceae|Helotium","Fungi","Ascomycota","Agaricomycetes","Agaricales","Helotiaceae","Helotium virgultorum",237933,"Fr.","Helotium",NA,"virgultorum","","","Species","","",NA,NA,NA,"","","Cooke, William Bridge","Cooke, V.G.","26104","1949-10-29","1949","10","29",302,NA,"October 29, 1949","Mycobiota of North America, 1-450, W.B. Cooke, exs #: 361","On various kinds of sticks in the litter under Symphoricarpos albus and Rosa spauldingii in near-climax scrub on southest facing slope","","",NA,"",NA,NA,NA,"",NA,NA,NA,"",NA,NA,NA,"United States","Idaho","Lewis","","3.2 miles west of Mohler, northwest side of State Route 12, between Nez Perce and Craigmont",NA,NA,NA,46.289594,-116.4133,"WGS84",4139,"","harmona4","","GeoLocate","","",975,NA,NA,NA,NA,"3200ft.",NA,NA,"harmona4","2020-05-08 08:53:22",NA,70,"urn:uuid:916f93e2-a64b-4bdd-b80a-f040667d5762","https://www.mycoportal.org/portal/collections/individual/index.php?occid=4398849"
"5",4412424,"CINC",NA,NA,"PreservedSpecimen","3d90bc50-c2bb-4f8d-a46f-cf83aff5817a","CINC-F-0001437","","Fungi|Ascomycota|Pezizomycotina|Leotiomycetes|Leotiomycetidae|Rhytismatales|Rhytismataceae|Propolis","Fungi","Ascomycota","Leotiomycetes","Rhytismatales","Rhytismataceae","Propolis leonis",390386,"(Tul. & C. Tul.) Rehm","Propolis",NA,"leonis","","","Species","","",NA,NA,NA,"","","Cooke, William Bridge","Cooke, V.G.","26271","1949-11-05","1949","11","5",309,NA,"November 5, 1949","Mycobiota of North America, 1-450, W.B. Cooke, exs #: 359","dense, near-climax forest in Abies grandis - Pachistima myrsinites association","cones of Pinus contorta var. latifolia","",NA,"",NA,NA,NA,"",NA,NA,NA,"",NA,NA,NA,"United States","Washington","Stevens","","on northeast facing slope, one mile east of Springdale, southwest side of old route U.S. 395",NA,NA,NA,48.06267,-117.682984,"WGS84",4725,"","harmona4","","GeoLocate","","",671,NA,NA,NA,NA,"2200ft.",NA,NA,"harmona4","2020-05-08 08:53:22",NA,70,"urn:uuid:3d90bc50-c2bb-4f8d-a46f-cf83aff5817a","https://www.mycoportal.org/portal/collections/individual/index.php?occid=4412424"
"6",4412425,"CINC",NA,NA,"PreservedSpecimen","57adce90-d647-4172-b596-bc49d7972bdd","CINC-F-0001438","","Fungi|Ascomycota|Pezizomycotina|Leotiomycetes|Leotiomycetidae|Rhytismatales|Rhytismataceae|Propolis","Fungi","Ascomycota","Leotiomycetes","Rhytismatales","Rhytismataceae","Propolis leonis",390386,"(Tul. & C. Tul.) Rehm","Propolis",NA,"leonis","","","Species","","",NA,NA,NA,"","","Cooke, William Bridge","Cooke, V.G.","24938","1949-04-00","1949","4","00",NA,NA,"April, 1949","Mycobiota of North America, 1-450, W.B. Cooke, exs #: 360","on scales of bark on living trees in open climax pine forest","on Pinus ponderosa","",NA,"",NA,NA,NA,"",NA,NA,NA,"",NA,NA,NA,"United States","Idaho","Idaho","Stites","4.8 miles south of Stites on hillside east of road in canyon of South Fork of the Clearwater River",NA,NA,NA,45.846232,-116.02311,"",7721,"T31N, R4E, S9","harmona4 (2018-07-17 07:48:20)","","georef batch tool 2018-07-17; GeoLocate","reviewed - medium confidence","",457,NA,NA,NA,NA,"1500 ft",NA,NA,"harmona4","2020-05-08 08:53:22",NA,70,"urn:uuid:57adce90-d647-4172-b596-bc49d7972bdd","https://www.mycoportal.org/portal/collections/individual/index.php?occid=4412425"
"7",4413088,"CINC",NA,NA,"PreservedSpecimen","1f3dfae8-4df6-4c47-bb8d-264ab7bff62e","CINC-F-0001493","","Fungi|Ascomycota|Pezizomycotina|Leotiomycetes|Leotiomycetidae|Rhytismatales|Rhytismataceae|Bifusella","Fungi","Ascomycota","Leotiomycetes","Rhytismatales","Rhytismataceae","Bifusella acuminata",114105,"(Ellis & Everh.) Bonar & W.B. Cooke","Bifusella",NA,"acuminata","","","Species","","",NA,NA,NA,"","","Cooke, William Bridge","Cooke, V.G.","25505","1949-08-10","1949","8","10",222,NA,"August 10, 1949","Mycobiota of North America, 1-450, W.B. Cooke, exs #: 431","","on Carex sp.","",NA,"",NA,NA,NA,"",NA,NA,NA,"",NA,NA,NA,"United States","Washington","Yakima","Yakima Park","Mount Rainier National Park",NA,NA,NA,46.860916,-121.705624,"WGS84",2289,"","harmona4","","GeoLocate","","",NA,NA,NA,NA,NA,"",NA,NA,"harmona4","2020-05-08 08:53:22",NA,70,"urn:uuid:1f3dfae8-4df6-4c47-bb8d-264ab7bff62e","https://www.mycoportal.org/portal/collections/individual/index.php?occid=4413088"
"8",4784144,"CINC",NA,NA,"PreservedSpecimen","1ae3ae85-9e75-4cde-84b3-a3a5e88d31b1","CINC-F-0002089","","Fungi|Ascomycota|Pezizomycotina|Dothideomycetes|Pleosporomycetidae|Pleosporales|Venturiaceae|Venturia","Fungi","Ascomycota","Dothideomycetes","Pleosporales","Venturiaceae","Venturia dickiei",558028,"(Berk. & Broome) Ces. & De Not.","Venturia",NA,"dickiei","","","Species","","",NA,NA,NA,"","","Cooke, William Bridge","Cooke, V.G.","26272","1949-11-05","1949","11","5",309,NA,"November 5, 1949","Mycobiota of North America, 1-450, W.B. Cooke, exs #: 354","Dense, near-climax forest in Abies grandis - Pachistima myrsinites association","on Linnaea borealis var. americana","",NA,"",NA,NA,NA,"",NA,NA,NA,"",NA,NA,NA,"United States","Washington","Stevens","","Northeast facing slope, 1 mile east of Springdale, southwest side of U.S. 395",NA,NA,NA,48.05739,-117.719695,"WGS84",3639,"","harmona4","","GeoLocate","","",671,NA,NA,NA,NA,"2200ft.",NA,NA,"harmona4","2020-05-08 08:53:22",NA,70,"urn:uuid:1ae3ae85-9e75-4cde-84b3-a3a5e88d31b1","https://www.mycoportal.org/portal/collections/individual/index.php?occid=4784144"
"9",4798023,"CINC",NA,NA,"PreservedSpecimen","0c458d7a-764b-4574-8e00-50774f459bdf","CINC-F-0002379","","Fungi|Basidiomycota|Pucciniomycotina|Pucciniomycetes|Pucciniales|Pucciniaceae|Puccinia","Fungi","Basidiomycota","Pucciniomycetes","Pucciniales","Pucciniaceae","Puccinia aristidae",397275,"Tracy","Puccinia",NA,"aristidae","","","Species","","",NA,NA,NA,"","","Cooke, William Bridge","","26001","1949-09-00","1949","9","00",NA,NA,"September, 1949","Mycobiota of North America, 1-450, W.B. Cooke, exs #: 366","on grasses in alkaline soil around a small lake in the scablands","on Distichlis spicata","",NA,"",NA,NA,NA,"",NA,NA,NA,"",NA,NA,NA,"United States","Washington","Whitman","","near Ewan",NA,NA,NA,47.116831,-117.73493,"WGS84",1025,"","harmona4","","GeoLocate","","",NA,NA,NA,NA,NA,"",NA,NA,"harmona4","2020-05-08 08:53:22",NA,70,"urn:uuid:0c458d7a-764b-4574-8e00-50774f459bdf","https://www.mycoportal.org/portal/collections/individual/index.php?occid=4798023"
"10",4800596,"CINC",NA,NA,"PreservedSpecimen","8e8f8d6f-19ac-40b5-9fc8-1ceb1ccf1d8a","CINC-F-0002549","","Fungi|Basidiomycota|Pucciniomycotina|Pucciniomycetes|Pucciniales|Pucciniaceae|Puccinia","Fungi","Basidiomycota","Pucciniomycetes","Pucciniales","Pucciniaceae","Puccinia crandallii",397961,"Pammel & H.H. Hume","Puccinia",NA,"crandallii","","","Species","","",NA,NA,NA,"","","Cooke, William Bridge","Cooke, V.G.","25194","1949-05-29","1949","5","29",149,NA,"May 29, 1949","Mycobiota of North America, 1-450, W.B. Cooke, exs #: 438","","on Symphoricarpos albus","",NA,"",NA,NA,NA,"",NA,NA,NA,"",NA,NA,NA,"United States","Washington","Whitman","Kamiak Butte","Kamiak Butte",NA,NA,NA,46.862389,-117.16684,"WGS84",1807,"","harmona4","","GeoLocate","","",NA,NA,NA,NA,NA,"",NA,NA,"harmona4","2020-05-08 08:53:22",NA,70,"urn:uuid:8e8f8d6f-19ac-40b5-9fc8-1ceb1ccf1d8a","https://www.mycoportal.org/portal/collections/individual/index.php?occid=4800596"
"11",4825283,"CINC",NA,NA,"PreservedSpecimen","5da677fe-3186-4b78-93bf-15fa04221682","CINC-F-0002707","","Fungi|Basidiomycota|Pucciniomycotina|Pucciniomycetes|Pucciniales|Pucciniaceae|Puccinia","Fungi","Basidiomycota","Pucciniomycetes","Pucciniales","Pucciniaceae","Puccinia hieracii",188306,"(R�hl.) H. Mart.","Puccinia",NA,"hieracii","","","Species","","",NA,NA,NA,"","","Cooke, William Bridge","Cooke, V.G.","25507","1949-08-10","1949","8","10",222,NA,"August 10, 1949","Mycobiota of North America, 1-450, W.B. Cooke, exs #: 439","","on Agoseris glauca","",NA,"",NA,NA,NA,"",NA,NA,NA,"",NA,NA,NA,"United States","Washington","Yakima","","Mt. Rainier National Park; Yakima Park",NA,NA,NA,46.915605,-121.639411,"WGS84",3574,"","harmona4","","GeoLocate","reviewed - high confidence","",NA,NA,NA,NA,NA,"",NA,NA,"harmona4","2020-05-08 08:53:22",NA,70,"urn:uuid:5da677fe-3186-4b78-93bf-15fa04221682","https://www.mycoportal.org/portal/collections/individual/index.php?occid=4825283"
"12",4906583,"CINC",NA,NA,"PreservedSpecimen","1670b217-f022-4377-83bc-b31e9aa65273","CINC-F-0003164","","Fungi|Basidiomycota|Ustilaginomycotina|Exobasidiomycetes|Exobasidiomycetidae|Exobasidiales|Exobasidiaceae|Exobasidium","Fungi","Basidiomycota","Exobasidiomycetes","Exobasidiales","Exobasidiaceae","Exobasidium burtii",218604,"Zeller","Exobasidium",NA,"burtii","","","Species","","",NA,NA,NA,"","","Cooke, William Bridge","Cooke, V.G.","25558","1949-08-16","1949","8","16",228,NA,"August 16, 1949","Mycobiota of North America, 1-450, W.B. Cooke, exs #: 376","shrubs","on Rhododendron occidentale","",NA,"",NA,NA,NA,"",NA,NA,NA,"",NA,NA,NA,"United States","California","Del Norte","","in the vicinity of Rock Creek Lodge, South Fork of the Smith River",NA,NA,NA,41.809795,-124.081548,"WGS84",1942,"","harmona4","","GeoLocate","","",NA,NA,NA,NA,NA,"",NA,NA,"harmona4","2020-05-08 08:53:22",NA,70,"urn:uuid:1670b217-f022-4377-83bc-b31e9aa65273","https://www.mycoportal.org/portal/collections/individual/index.php?occid=4906583"
"13",4906606,"CINC",NA,NA,"PreservedSpecimen","6165040e-9e4c-4535-b067-0464f5c3f26b","CINC-F-0003177","","Fungi|Basidiomycota|Ustilaginomycotina|Exobasidiomycetes|Exobasidiomycetidae|Exobasidiales|Exobasidiaceae|Exobasidium","Fungi","Basidiomycota","Exobasidiomycetes","Exobasidiales","Exobasidiaceae","Exobasidium parvifolii",218681,"Hotson","Exobasidium",NA,"parvifolii","","","Species","","",NA,NA,NA,"","","Cooke, William Bridge","Cooke, V.G.","25526","1949-08-15","1949","8","15",227,NA,"August 15, 1949","Mycobiota of North America, 1-450, W.B. Cooke, exs #: 377","","on Vaccinium parvifolium","",NA,"",NA,NA,NA,"",NA,NA,NA,"",NA,NA,NA,"United States","California","Del Norte","","along the South Fork of the Smith River Trail two miles above Rock Creek",NA,NA,NA,41.809795,-124.081548,"WGS84",210,"","harmona4","","GeoLocate","","",NA,NA,NA,NA,NA,"",NA,NA,"harmona4","2020-05-08 08:53:22",NA,70,"urn:uuid:6165040e-9e4c-4535-b067-0464f5c3f26b","https://www.mycoportal.org/portal/collections/individual/index.php?occid=4906606"
"14",4951632,"CINC",NA,NA,"PreservedSpecimen","d28b4b3f-b135-46d8-baba-d2f0f69145b5","CINC-F-0003607","","Fungi|Basidiomycota|Agaricomycotina|Agaricomycetes|Russulales|Stereaceae|Aleurodiscus","Fungi","Basidiomycota","Agaricomycetes","Russulales","Stereaceae","Aleurodiscus candidus",93386,"(Schwein.) Burt","Aleurodiscus",NA,"candidus","","","Species","","",NA,NA,NA,"","","Cooke, William Bridge","Cooke, V.G.","25517","1949-08-15","1949","8","15",227,NA,"August 15, 1949","Mycobiota of North America, 1-450, W.B. Cooke, exs #: 378","Covering the underside of leaning trunks and branches of several trees","on Quercus chrysolepis","",NA,"",NA,NA,NA,"",NA,NA,NA,"",NA,NA,NA,"United States","California","Del Norte","Rock Creek","Along the South Fork of the Smith River at Rock Creek",NA,NA,NA,41.81219,-124.081392,"WGS84",2278,"","harmona4","","GeoLocate","","",NA,NA,NA,NA,NA,"",NA,NA,"harmona4","2020-05-08 08:53:22",NA,70,"urn:uuid:d28b4b3f-b135-46d8-baba-d2f0f69145b5","https://www.mycoportal.org/portal/collections/individual/index.php?occid=4951632"
"15",4994277,"CINC",NA,NA,"PreservedSpecimen","77989819-75a3-4728-b554-e060e9827af2","CINC-F-0003878","","Fungi|Basidiomycota|Pucciniomycotina|Pucciniomycetes|Pucciniales|Pucciniaceae|Uromyces","Fungi","Basidiomycota","Pucciniomycetes","Pucciniales","Pucciniaceae","Uromyces silenes",554510,"(Schltdl.) Fuckel","Uromyces",NA,"silenes","","","Species","","",NA,NA,NA,"","","Cooke, William Bridge","Cooke, V.G.","25660","1949-08-26","1949","8","26",238,NA,"August 26, 1949","Mycobiota of North America, 1-450, W.B. Cooke, exs #: 373","","on Silene douglasii var. douglasii","",NA,"",NA,NA,NA,"",NA,NA,NA,"",NA,NA,NA,"United States","California","Siskiyou","Mt. Shasta","Along the Bolam Road above Bolam Station, North side of Mount Shasta",NA,NA,NA,41.468108,-122.2333,"WGS84",4320,"","harmona4","","GeoLocate","","",1829,2134,NA,NA,NA,"6000 - 8000 ft.",NA,NA,"harmona4","2020-05-08 08:53:22",NA,70,"urn:uuid:77989819-75a3-4728-b554-e060e9827af2","https://www.mycoportal.org/portal/collections/individual/index.php?occid=4994277"
"16",5023781,"CINC",NA,NA,"PreservedSpecimen","868f7409-b791-4bec-960e-6413dc51b79f","CINC-F-0004020","","Fungi|Basidiomycota|Pucciniomycotina|Pucciniomycetes|Pucciniales|Pucciniaceae|Puccinia|Puccinia rubigo-vera","Fungi","Basidiomycota","Pucciniomycetes","Pucciniales","Pucciniaceae","Puccinia rubigo-vera var. agropyri",611593,"(Erikss.) Arthur","Puccinia",NA,"rubigo-vera","var.","agropyri","Variety","","",NA,NA,NA,"","","Cooke, William Bridge","Cooke, V.G.","25109","1949-04-23","1949","4","23",113,NA,"April 23, 1949","Mycobiota of North America, 1-450, W.B. Cooke, exs #: 372","In open climax pine forest, west facing slope","on Ranunculus glaberrimus","",NA,"",NA,NA,NA,"",NA,NA,NA,"",NA,NA,NA,"United States","Idaho","Idaho","Clearwater River","4.8 miles south of the Stites on hillside east of road, in canyon of South Fork of the Clearwater River",NA,NA,NA,46.022062,-115.976253,"WGS84",6222,"","","","GeoLocate","","",457,NA,NA,NA,NA,"1500 ft",NA,NA,"harmona4","2020-05-08 08:53:22",NA,70,"urn:uuid:868f7409-b791-4bec-960e-6413dc51b79f","https://www.mycoportal.org/portal/collections/individual/index.php?occid=5023781"
"17",5037818,"CINC",NA,NA,"PreservedSpecimen","52a0f749-65e1-4e75-af81-c99bc5228c49","CINC-F-0004123","","Fungi|Basidiomycota|Ustilaginomycotina|Ustilaginomycetes|Ustilaginomycetidae|Ustilaginales|Ustilaginaceae|Ustilago","Fungi","Basidiomycota","Ustilaginomycetes","Ustilaginales","Microbotryaceae","Ustilago violacea",556713,"(Pers.) Roussel","Ustilago",NA,"violacea","","","Species","","",NA,NA,NA,"","","Cooke, William Bridge","Cooke, V.G.","25678","1949-08-26","1949","8","26",238,NA,"August 26, 1949","Mycobiota of North America, 1-450, W.B. Cooke, exs #: 374","","on Silene douglasii var. douglasii","",NA,"",NA,NA,NA,"",NA,NA,NA,"",NA,NA,NA,"United States","California","Siskiyou","Mt. Shasta","Along the Bolam Road above Bolam Station, North side of Mount Shasta",NA,NA,NA,41.5,-122.2333,"WGS84",2455,"","harmona4","","GeoLocate","","",1829,2438,NA,NA,NA,"6000 - 8000 ft.",NA,NA,"harmona4","2020-05-08 08:53:22",NA,70,"urn:uuid:52a0f749-65e1-4e75-af81-c99bc5228c49","https://www.mycoportal.org/portal/collections/individual/index.php?occid=5037818"
"18",5073874,"CINC",NA,NA,"PreservedSpecimen","9f328538-a0d8-4874-84e3-fe613ac05e84","CINC-F-0004397","","Fungi|Basidiomycota|Agaricomycotina|Agaricomycetes|Agaricomycetidae|Agaricales|Typhulaceae|Typhula","Fungi","Basidiomycota","Agaricomycetes","Agaricales","Typhulaceae","Typhula idahoensis",549794,"Remsberg","Typhula",NA,"idahoensis","","","Species","","",NA,NA,NA,"","","Sprague, R.","","s.n.","1949-04-01","1949","4","1",91,NA,"April 1, 1941","Mycobiota of North America, 1-450, W.B. Cooke, exs #: 332","This species occurs throughout the wheat growing areas in Washington.","on Triticum aestivum","",NA,"",NA,NA,NA,"",NA,NA,NA,"",NA,NA,NA,"United States","Washington","Douglas","Mansfield","near Mansfield",NA,NA,NA,47.811532,-119.636714,"WGS84",786,"","","","GeoLocate","","",NA,NA,NA,NA,NA,"",NA,NA,"harmona4","2020-05-08 08:53:22",NA,70,"urn:uuid:9f328538-a0d8-4874-84e3-fe613ac05e84","https://www.mycoportal.org/portal/collections/individual/index.php?occid=5073874"
"19",5086091,"CINC",NA,NA,"PreservedSpecimen","39d7497c-4b0e-4e00-8fcf-c248be497848","CINC-F-0004607","","Fungi|Basidiomycota|Agaricomycotina|Agaricomycetes|Agaricomycetidae|Polyporales|Fomitopsidaceae|Rhodofomes","Fungi","Basidiomycota","Agaricomycetes","Polyporales","Fomitopsidaceae","Rhodofomes cajanderi",697867,"(P. Karst.) B.K. Cui, M.L. Han & Y.C. Dai","Rhodofomes",NA,"cajanderi","","","Species","","",NA,NA,NA,"","","Cooke, William Bridge","Cooke, V.G.","25533","1949-08-15","1949","8","15",227,NA,"August 15, 1949","Mycobiota of North America, 1-450, W.B. Cooke, exs #: 385","","rotten logs of Pseudotsuga taxifolia","",NA,"",NA,NA,NA,"",NA,NA,NA,"",NA,NA,NA,"United States","California","Del Norte","Rock Creek Lodge","Rock Creek Lodge, South Fork of the Smith River",NA,NA,NA,41.81219,-124.081392,"WGS84",1435,"","harmona4","","GeoLocate","","",NA,NA,NA,NA,NA,"",NA,NA,"harmona4","2020-05-08 08:53:22",NA,70,"urn:uuid:39d7497c-4b0e-4e00-8fcf-c248be497848","https://www.mycoportal.org/portal/collections/individual/index.php?occid=5086091"
"20",5624129,"CINC",NA,NA,"PreservedSpecimen","bca12f75-9faa-49f8-8d23-93f644d636ce","CINC-F-0007147","","Fungi|Basidiomycota|Agaricomycotina|Agaricomycetes|Agaricomycetidae|Boletales|Sclerodermataceae|Scleroderma","Fungi","Basidiomycota","Agaricomycetes","Boletales","Sclerodermataceae","Scleroderma aurantium",415957,"(L.) Pers.","Scleroderma",NA,"aurantium","","","Species","","",NA,NA,NA,"","","Nielsen, C.","Culberson, W.","1876F","1949-09-02","1949","9","2",245,NA,"September 2, 1949","","near small waterfall","on soil","",NA,"",NA,NA,NA,"",NA,NA,NA,"",NA,NA,NA,"United States","Tennessee","Sevier","Gatlinburg","About 12 miles east of Gatlinburg",NA,NA,NA,35.722431,-83.301975,"WGS84",4568,"","","","GeoLocate","","",NA,NA,NA,NA,NA,"",NA,NA,"harmona4","2020-04-20 09:37:17",NA,70,"urn:uuid:bca12f75-9faa-49f8-8d23-93f644d636ce","https://www.mycoportal.org/portal/collections/individual/index.php?occid=5624129"
"21",5624130,"CINC",NA,NA,"PreservedSpecimen","9601209f-fcc4-48d2-b92f-64ae579c4ad3","CINC-F-0007148","","Fungi|Basidiomycota|Agaricomycotina|Agaricomycetes|Agaricomycetidae|Boletales|Sclerodermataceae|Scleroderma","Fungi","Basidiomycota","Agaricomycetes","Boletales","Sclerodermataceae","Scleroderma polyrhizum",313038,"(J.F. Gmel.) Pers.","Scleroderma",NA,"polyrhizum","","","Species","","",NA,NA,NA,"","","Risch, H.E.","","s.n.","1949-10-10","1949","10","10",283,NA,"October 10, 1949","","","growing on exposed lawn","",NA,"",NA,NA,NA,"",NA,NA,NA,"",NA,NA,NA,"United States","Ohio","Hamilton","Cincinnati","Mt. Airy Forest",NA,NA,NA,39.183065,-84.567647,"",2375,"","harmona4 (2020-04-16 08:19:36)","","georef batch tool 2020-04-16; GeoLocate","reviewed - high confidence","",NA,NA,NA,NA,NA,"",NA,NA,"harmona4","2020-04-25 10:13:14",NA,70,"urn:uuid:9601209f-fcc4-48d2-b92f-64ae579c4ad3","https://www.mycoportal.org/portal/collections/individual/index.php?occid=5624130"
"22",7086423,"CINC",NA,NA,"PreservedSpecimen","beda3fbe-f777-4672-83d2-60e1d55f3846","CINC-F-0007577","","Fungi|Basidiomycota|Agaricomycotina|Agaricomycetes|Agaricomycetidae|Boletales|Diplocystidiaceae|Astraeus","Fungi","Basidiomycota","Agaricomycetes","Boletales","Diplocystidiaceae","Astraeus hygrometricus",108703,"(Pers.) Morgan","Astraeus",NA,"hygrometricus","","","Species","","",NA,NA,NA,"Astraeus hygrometris","","Culberson, W.L.","","s.n.","1949-08-00","1949","8","00",NA,NA,"August, 1949","","","on dry sandy soil in live oak grove","",NA,"",NA,NA,NA,"",NA,NA,NA,"",NA,NA,NA,"United States","North Carolina","Carteret","Harker's Island","Harker's Island, off N.C. coast near Beaufort",NA,0,NA,34.69601,-76.557518,"WGS84",5805,"","","","GeoLocate","","",NA,NA,NA,NA,NA,"",NA,NA,"harmona4","2020-05-08 08:53:22",NA,70,"urn:uuid:beda3fbe-f777-4672-83d2-60e1d55f3846","https://www.mycoportal.org/portal/collections/individual/index.php?occid=7086423"
"23",7220869,"CINC",NA,NA,"PreservedSpecimen","6545b501-f939-496f-afd5-75a8f89bb753","CINC-F-0007853","","Fungi|Ascomycota|Pezizomycotina|Dothideomycetes|Dothideomycetidae|Capnodiales|Mycosphaerellaceae|Septoria","Fungi","Ascomycota","Dothideomycetes","Capnodiales","Mycosphaerellaceae","Septoria solitaria",421297,"Ellis & Everh.","Septoria",NA,"solitaria","","","Species","","",NA,NA,NA,"Septoria solitaris","","Cooke, William Bridge","V. G. Cooke","25551","1949-08-16","1949","8","16",228,NA,"August 16, 1949","Mycobiota of North America, 1-450, W.B. Cooke, exs #: 393","","On leaves of Rhododendron occidentale","",NA,"",NA,NA,NA,"",NA,NA,NA,"",NA,NA,NA,"United States","California","Del Norte","","near Rock Creek Lodge, south fork of the Smith River",NA,0,NA,41.73556,-123.98167,"",NA,"","","","","","",NA,NA,NA,NA,NA,"",NA,NA,"harmona4","2020-03-31 15:26:32",NA,70,"urn:uuid:6545b501-f939-496f-afd5-75a8f89bb753","https://www.mycoportal.org/portal/collections/individual/index.php?occid=7220869"
"24",7220886,"CINC",NA,NA,"PreservedSpecimen","2b9c543d-c0d4-4517-ad82-2de9c7cc754a","CINC-F-0007841","","Fungi|Ascomycota|Pezizomycotina|Dothideomycetes|Dothideomycetidae|Capnodiales|Mycosphaerellaceae|Septoria","Fungi","Ascomycota","Dothideomycetes","Capnodiales","Mycosphaerellaceae","Septoria rhoina",421080,"Berk. & M.A. Curtis","Septoria",NA,"rhoina","","","Species","","",NA,NA,NA,"Septoria rhonia","","Cooke, William Bridge","V. G. Cooke","35313","1949-07-17","1949","7","17",198,NA,"July 17, 1949","Mycobiota of North America, 1-450, W.B. Cooke, exs #: 392","In climax open pine forest on west facing slope","on leaves of Rhus toxicodendron","",NA,"",NA,NA,NA,"",NA,NA,NA,"",NA,NA,NA,"United States","Idaho","Idaho","Stites","4.8 miles south of Stites on hillside east of road, in canyon of South Fork of the Clearwater River",NA,0,NA,46.022173,-115.97528,"",NA,"","","","","","",457,NA,NA,NA,NA,"",NA,NA,"harmona4","2020-03-31 15:26:32",NA,70,"urn:uuid:2b9c543d-c0d4-4517-ad82-2de9c7cc754a","https://www.mycoportal.org/portal/collections/individual/index.php?occid=7220886"
"25",7417621,"CINC",NA,NA,"PreservedSpecimen","0e696067-85f7-4bc7-8d97-7b94f2b1eda6","CINC-F-0007723","","Fungi|Ascomycota|Pezizomycotina|Dothideomycetes|Botryosphaeriales|Botryosphaeriaceae|Haplosporella","Fungi","Ascomycota","Dothideomycetes","Botryosphaeriales","Botryosphaeriaceae","Haplosporella alpina",234944,"Ellis & Everh.","Haplosporella",NA,"alpina","","","Species","","",NA,NA,NA,"Haplosporella alpine","","Cooke, William Bridge","V. G. Cooke","25627","1949-08-24","1949","8","24",236,NA,"August 24, 1949","Mycobiota of North America, 1-450, W.B. Cooke, exs #: 356","","on dead branches around base of shrubs of Sambucus racemosa","",NA,"",NA,NA,NA,"",NA,NA,NA,"",NA,NA,NA,"United States","California","Siskiyou","Red Butte","south side of Red Butte, Mount Shasta",NA,0,NA,41.31,-122.30944,"",NA,"","","","","","",2286,NA,NA,NA,NA,"",NA,NA,"harmona4","2020-03-31 15:26:32",NA,70,"urn:uuid:0e696067-85f7-4bc7-8d97-7b94f2b1eda6","https://www.mycoportal.org/portal/collections/individual/index.php?occid=7417621"
"26",7417682,"CINC",NA,NA,"PreservedSpecimen","96fef534-06e3-4d51-ab31-e3fa058f9177","CINC-F-0007755","","Fungi|Ascomycota|Pezizomycotina|Dothideomycetes|Botryosphaeriales|Botryosphaeriaceae|Phyllosticta","Fungi","Ascomycota","Dothideomycetes","Botryosphaeriales","Botryosphaeriaceae","Phyllosticta ferax",374102,"Ellis & Everh.","Phyllosticta",NA,"ferax","","","Species","","",NA,NA,NA,"Phyllosticta ferax","","Cooke, William Bridge","Cooke, V.G.","25692","1949-08-26","1949","8","26",238,NA,"August 26, 1949","Mycobiota of North America, 1-450, W.B. Cooke, exs #: 389","","on Lupinus obtusilobus","",NA,"",NA,NA,NA,"",NA,NA,NA,"",NA,NA,NA,"United States","California","Siskiyou","Mt. Shasta","Along the Bolam Road above Bolam Station, North side of Mount Shasta",NA,0,NA,41.31,-122.30944,"",NA,"","","","","","",1829,2438,NA,NA,NA,"6000 - 8000 ft.",NA,NA,"harmona4","2020-05-08 08:53:22",NA,70,"urn:uuid:96fef534-06e3-4d51-ab31-e3fa058f9177","https://www.mycoportal.org/portal/collections/individual/index.php?occid=7417682"
"27",9576067,"CINC",NA,NA,"PreservedSpecimen","b99d2d83-a652-40aa-a313-fa9546fd194a","CINC-F-0004329","","Fungi|Ascomycota|Pezizomycotina|Leotiomycetes|Hainesia","Fungi","Ascomycota","Leotiomycetes","","Dermateaceae","Hainesia borealis",234281,"Ellis & Everh.","Hainesia",NA,"borealis","","","Species","","",NA,NA,NA,"","","Cooke, William Bridge","V. G. Cooke","25302","1949-07-17","1949","7","17",198,NA,"July 17, 1949","Mycobiota of North America, 1-450, W.B. Cooke, exs #: 394","Climax prairie, Festuca-Agropyron association on north facing slope","on Galium boreale","",NA,"",NA,NA,NA,"",NA,NA,NA,"",NA,NA,NA,"United States","Idaho","Lewis","","Between Nez Perce & Craigmont, two miles east of Mohler, south side of State Route 12; 46.242701 -116.346239",NA,NA,NA,46.242701,-116.346239,"WGS84",1402,"","","","GeoLocate","","",945,NA,NA,NA,NA,"3100 ft",NA,NA,"harmona4","2020-03-31 15:26:32",NA,70,"urn:uuid:b99d2d83-a652-40aa-a313-fa9546fd194a","https://www.mycoportal.org/portal/collections/individual/index.php?occid=9576067"
"28",9576815,"CINC",NA,NA,"PreservedSpecimen","1548653f-d537-4dc7-8978-a4806ace4a9d","CINC-F-0007927","","Fungi|Ascomycota|Pezizomycotina|Dothideomycetes|Dothideomycetidae|Capnodiales|Cladosporiaceae|Davidiellaceae|Heterosporium","Fungi","Ascomycota","Dothideomycetes","Capnodiales","Davidiellaceae","Heterosporium allii",240578,"Ellis & G. Martin","Heterosporium",NA,"allii","","","Species","","",NA,NA,NA,"","","Cooke, William Bridge","V. G. Cooke","25644","1949-08-25","1949","8","25",237,NA,"August 25, 1949","Mycobiota of North America, 1-450, W.B. Cooke, exs #: 449","","on Allium validum","",NA,"",NA,NA,NA,"",NA,NA,NA,"",NA,NA,NA,"United States","California","Siskiyou","Mt. Shasta","along Panther Creek in the lower Panther Creek meadows",NA,NA,NA,41.57694,-123.44222,"",NA,"","","","","","",2286,NA,NA,NA,NA,"",NA,NA,"harmona4","2020-03-31 15:26:32",NA,70,"urn:uuid:1548653f-d537-4dc7-8978-a4806ace4a9d","https://www.mycoportal.org/portal/collections/individual/index.php?occid=9576815"
"29",9576816,"CINC",NA,NA,"PreservedSpecimen","30303396-ca2a-4be9-bae6-bf105f15bbda","CINC-F-0007928","","Fungi|Ascomycota|Pezizomycotina|Dothideomycetes|Dothideomycetidae|Capnodiales|Cladosporiaceae|Davidiellaceae|Heterosporium","Fungi","Ascomycota","Dothideomycetes","Capnodiales","Davidiellaceae","Heterosporium iridis",240635,"(Fautrey & Roum.) J.E. Jacques","Heterosporium",NA,"iridis","","","Species","","",NA,NA,NA,"","","Cooke, William Bridge","","s.n.","1949-03-15","1949","3","15",74,NA,"March 15, 1949","Contains perfect stage; Mycobiota of North America, 1-450, W.B. Cooke, exs #: 307","","on Iris germanica, in flower beds after melting of winter snow","",NA,"",NA,NA,NA,"Didymellina iridis",NA,NA,NA,"",NA,NA,NA,"United States","Washington","Whitman","Pullman","Campus, State College of Washington, Pullman",NA,NA,NA,46.731274,-117.179616,"WGS84",5639,"","","","GeoLocate","","",NA,NA,NA,NA,NA,"",NA,NA,"harmona4","2020-04-15 10:06:56",NA,70,"urn:uuid:30303396-ca2a-4be9-bae6-bf105f15bbda","https://www.mycoportal.org/portal/collections/individual/index.php?occid=9576816"
"30",9576850,"CINC",NA,NA,"PreservedSpecimen","0855d631-9c85-4074-8fbc-79d8cc0b1e68","CINC-F-0007958","","Incertae Sedis|Fungi|Ascomycota|Pezizomycotina|Arthrobotryum","Fungi","Ascomycota","","","","Arthrobotryum spongiosum",102540,"Hoerl","Arthrobotryum",NA,"spongiosum","","","Species","","",NA,NA,NA,"","","Cooke, William Bridge","V. G. Cooke","25536","1949-08-16","1949","8","16",228,NA,"August 16, 1949","Mycobiota of North America, 1-450, W.B. Cooke, exs #: 400","","forming spongy mats on branches and twigs of Chamaecyparis lawsoniana","",NA,"",NA,NA,NA,"",NA,NA,NA,"",NA,NA,NA,"United States","California","Del Norte","Rock Creek Lodge","Rock Creek Lodge, South Fork of the Smith River",NA,NA,NA,41.94583,-124.20139,"",NA,"","","","","","",NA,NA,NA,NA,NA,"",NA,NA,"harmona4","2020-03-31 15:26:32",NA,70,"urn:uuid:0855d631-9c85-4074-8fbc-79d8cc0b1e68","https://www.mycoportal.org/portal/collections/individual/index.php?occid=9576850"
"31",9576851,"CINC",NA,NA,"PreservedSpecimen","f76e910a-773e-4c89-939d-78f79e8dd239","CINC-F-0007959","","Incertae Sedis|Fungi|Ascomycota|Pezizomycotina|Arthrobotryum","Fungi","Ascomycota","","","","Arthrobotryum spongiosum",102540,"Hoerl","Arthrobotryum",NA,"spongiosum","","","Species","","",NA,NA,NA,"","","Cooke, William Bridge","V. G. Cooke","25510","1949-08-14","1949","8","14",226,NA,"August 14, 1949","Mycobiota of North America, 1-450, W.B. Cooke, exs #: 399","","on Pseudotsuga taxifolia","",NA,"",NA,NA,NA,"",NA,NA,NA,"",NA,NA,NA,"United States","California","Del Norte","Rock Creek Lodge","Rock Creek Lodge, South Fork of the Smith River",NA,NA,NA,41.94583,-124.20139,"",NA,"","","","","","",NA,NA,NA,NA,NA,"",NA,NA,"harmona4","2020-03-31 15:26:32",NA,70,"urn:uuid:f76e910a-773e-4c89-939d-78f79e8dd239","https://www.mycoportal.org/portal/collections/individual/index.php?occid=9576851"
"32",9612847,"CINC",NA,NA,"PreservedSpecimen","418469bf-f4c2-40f8-8fb7-cfbe5219e3b5","CINC-F-0007963","","Fungi|Ascomycota|Pezizomycotina|Sordariomycetes|Hypocreomycetidae|Hypocreales|Cordycipitaceae|Isaria","Fungi","Ascomycota","Sordariomycetes","Hypocreales","Cordycipitaceae","Isaria citrina",253348,"Pers.","Isaria",NA,"citrina","","","Species","","",NA,NA,NA,"","","Cooke, William Bridge","V. G. Cooke","25713","1949-08-27","1949","8","27",239,NA,"August 27, 1949","Mycobiota of North America, 1-450, W.B. Cooke, exs #: 450","","On apparently uninjured young to old fruiting bodies of Naematoloma sublateritium at base of, and on sides of, pine guard rail posts in lava tube","",NA,"",NA,NA,NA,"Naematoloma sublateritium",NA,NA,NA,"",NA,NA,NA,"United States","Oregon","Deschutes","Lava Caves State Park","Lava Caves State Park",NA,NA,NA,43.92194,-121.41417,"",NA,"","","","","","",NA,NA,NA,NA,NA,"",NA,NA,"harmona4","2020-03-31 15:26:32",NA,70,"urn:uuid:418469bf-f4c2-40f8-8fb7-cfbe5219e3b5","https://www.mycoportal.org/portal/collections/individual/index.php?occid=9612847"
"33",9632286,"CINC",NA,NA,"PreservedSpecimen","f68f2e66-d457-4591-8b22-b5d0752f4669","CINC-F-0008041","","Fungi|Ascomycota|Pezizomycotina|Dothideomycetes|Dothideomycetidae|Capnodiales|Mycosphaerellaceae|Cercosporella","Fungi","Ascomycota","Dothideomycetes","Capnodiales","Mycosphaerellaceae","Cercosporella helianthellae",134001,"Ellis & Everh.","Cercosporella",NA,"helianthellae","","","Species","","",NA,NA,NA,"","","Cooke, William Bridge","V. G. Cooke","25193","1949-05-29","1949","5","29",149,NA,"May 29, 1949","Mycobiota of North America, 1-450, W.B. Cooke, exs #: 446","","on Helianthella uniflora var. douglasii","",NA,"",NA,NA,NA,"Marssonia wyethiae",NA,NA,NA,"",NA,NA,NA,"United States","Washington","Whitman","Kamiak Butte","Kamiak Butte",NA,NA,NA,46.8625,-117.1658,"",NA,"","","","","","",NA,NA,NA,NA,NA,"",NA,NA,"harmona4","2020-03-31 15:26:32",NA,70,"urn:uuid:f68f2e66-d457-4591-8b22-b5d0752f4669","https://www.mycoportal.org/portal/collections/individual/index.php?occid=9632286"
"34",9632298,"CINC",NA,NA,"PreservedSpecimen","a7cdbfe6-91f8-47ec-84ed-2b411286a6c5","CINC-F-0008053","","Fungi|Ascomycota|Pezizomycotina|Dothideomycetes|Dothideomycetidae|Capnodiales|Mycosphaerellaceae|Ramularia","Fungi","Ascomycota","Dothideomycetes","Capnodiales","Mycosphaerellaceae","Ramularia cercosporoides",404719,"Ellis & Everh.","Ramularia",NA,"cercosporoides","","","Species","","",NA,NA,NA,"","","Cooke, William Bridge","Cooke, V.G.","25303","1949-07-17","1949","7","17",198,NA,"July 17, 1949","Mycobiota of North America, 1-450, W.B. Cooke, exs #: 396","On plants in a climax prairie, Festuca-Agropyron association, on a north facing slope","On Epilobium angustifolium","",NA,"",NA,NA,NA,"",NA,NA,NA,"",NA,NA,NA,"United States","Idaho","Lewis","Mohler","Two miles east of Mohler, south side of State Route 12, between Nez Perce and Craigmont",NA,NA,NA,46.274447,-116.316531,"WGS84",969,"T34N R1E S22","","","GeoLocate","","",945,NA,NA,NA,NA,"3100ft",NA,NA,"harmona4","2020-04-15 09:48:22",NA,70,"urn:uuid:a7cdbfe6-91f8-47ec-84ed-2b411286a6c5","https://www.mycoportal.org/portal/collections/individual/index.php?occid=9632298"
"35",9632312,"CINC",NA,NA,"PreservedSpecimen","f65aad04-7a18-42c4-a069-70d52fbd5353","CINC-F-0008067","","Fungi|Ascomycota|Pezizomycotina|Dothideomycetes|Dothideomycetidae|Capnodiales|Mycosphaerellaceae|Ramularia","Fungi","Ascomycota","Dothideomycetes","Capnodiales","Mycosphaerellaceae","Ramularia reticulata",405218,"Ellis & Everh.","Ramularia",NA,"reticulata","","","Species","","",NA,NA,NA,"","","Cooke, William Bridge","V. G. Cooke","25532","1949-08-15","1949","8","15",227,NA,"August 15, 1949","Mycobiota of North America, 1-450, W.B. Cooke, exs #: 447","","on Lomatium californicum","",NA,"",NA,NA,NA,"",NA,NA,NA,"",NA,NA,NA,"United States","California","Del Norte","Rock Creek","Along road from Rock Creek to Rock Creek Forest Camp",NA,NA,NA,41.80944,-124.07944,"",NA,"","","","","","",NA,NA,NA,NA,NA,"",NA,NA,"harmona4","2020-03-31 15:26:32",NA,70,"urn:uuid:f65aad04-7a18-42c4-a069-70d52fbd5353","https://www.mycoportal.org/portal/collections/individual/index.php?occid=9632312"
