"","id","institutionCode","collectionCode","ownerInstitutionCode","basisOfRecord","occurrenceID","catalogNumber","otherCatalogNumbers","higherClassification","kingdom","phylum","class","order","family","scientificName","taxonID","scientificNameAuthorship","genus","subgenus","specificEpithet","verbatimTaxonRank","infraspecificEpithet","taxonRank","identifiedBy","dateIdentified","identificationReferences","identificationRemarks","taxonRemarks","identificationQualifier","typeStatus","recordedBy","associatedCollectors","recordNumber","eventDate","year","month","day","startDayOfYear","endDayOfYear","verbatimEventDate","occurrenceRemarks","habitat","substrate","verbatimAttributes","fieldNumber","informationWithheld","dataGeneralizations","dynamicProperties","associatedOccurrences","associatedTaxa","reproductiveCondition","establishmentMeans","cultivationStatus","lifeStage","sex","individualCount","preparations","country","stateProvince","county","municipality","locality","locationRemarks","localitySecurity","localitySecurityReason","decimalLatitude","decimalLongitude","geodeticDatum","coordinateUncertaintyInMeters","verbatimCoordinates","georeferencedBy","georeferenceProtocol","georeferenceSources","georeferenceVerificationStatus","georeferenceRemarks","minimumElevationInMeters","maximumElevationInMeters","minimumDepthInMeters","maximumDepthInMeters","verbatimDepth","verbatimElevation","disposition","language","recordEnteredBy","modified","sourcePrimaryKey.dbpk","collId","recordId","references"
"1",4413232,"CINC",NA,NA,"PreservedSpecimen","8af73936-12b6-4470-a5a5-378c1ceea5c1","CINC-F-0001575","","Fungi|Ascomycota|Pezizomycotina|Sordariomycetes|Xylariomycetidae|Xylariales|Xylariaceae|Ustulina","Fungi","Ascomycota","Sordariomycetes","Xylariales","Xylariaceae","Ustulina vulgaris",556754,"Tul. & C. Tul.","Ustulina",NA,"vulgaris","","","Species","","",NA,NA,NA,"","","Braun, E. Lucy","","s.n.","1919-03-29","1919","3","29",88,NA,"March 29, 1919","","","on beech","",NA,"",NA,NA,NA,"",NA,NA,NA,"",NA,NA,NA,"United States","Ohio","Hamilton","Cincinnati","Terrace Park",NA,NA,NA,39.159227,-84.30716,"",1867,"","harmona4 (2019-12-16 08:42:03)","","georef batch tool 2019-12-16; GeoLocate","reviewed - high confidence","",NA,NA,NA,NA,NA,"",NA,NA,"harmona4","2020-05-08 09:01:15",NA,70,"urn:uuid:8af73936-12b6-4470-a5a5-378c1ceea5c1","https://www.mycoportal.org/portal/collections/individual/index.php?occid=4413232"
"2",4453898,"CINC",NA,NA,"PreservedSpecimen","dc2b0575-5da6-4b8e-9211-fdd5dd376e0b","CINC-F-0001791","","Fungi|Ascomycota|Pezizomycotina|Pezizomycetes|Pezizomycetidae|Pezizales|Pezizaceae","Fungi","Ascomycota","Pezizomycetes","Pezizales","Pezizaceae","Peziza",16982,"Dill. ex Fr.","Peziza",NA,"","","","Genus","","",NA,NA,NA,"","","s.n.","","s.n.","1919-12-18","1919","12","18",352,NA,"December 18, 1919","","","sticks on ground","",NA,"",NA,NA,NA,"",NA,NA,NA,"",NA,NA,NA,"United States","Ohio","Hamilton","Newtown","Newtown",NA,NA,NA,39.124505,-84.361606,"WGS84",2402,"","harmona4 (2020-04-13 13:00:13)","","georef batch tool 2020-04-13","reviewed - high confidence","",NA,NA,NA,NA,NA,"",NA,NA,"harmona4","2020-05-08 08:53:22",NA,70,"urn:uuid:dc2b0575-5da6-4b8e-9211-fdd5dd376e0b","https://www.mycoportal.org/portal/collections/individual/index.php?occid=4453898"
"3",4454091,"CINC",NA,NA,"PreservedSpecimen","e99fba01-6c68-4176-866e-73c9b2e8f604","CINC-F-0001851","","Fungi|Ascomycota|Pezizomycotina|Pezizomycetes|Pezizomycetidae|Pezizales|Sarcosomataceae|Urnula","Fungi","Ascomycota","Pezizomycetes","Pezizales","Sarcosomataceae","Urnula craterium",313842,"(Schwein.) Fr.","Urnula",NA,"craterium","","","Species","","",NA,NA,NA,"","","Braun, E. Lucy","","s.n.","1919-03-29","1919","3","29",88,NA,"March 29, 1919","","","on sticks among leaves","",NA,"",NA,NA,NA,"",NA,NA,NA,"",NA,NA,NA,"United States","Ohio","Hamilton","Cincinnati","Kroger Hills",NA,NA,NA,39.14968,-84.322082,"WGS84",575,"","harmona4","","GeoLocate","reviewed - high confidence","",NA,NA,NA,NA,NA,"",NA,NA,"harmona4","2020-05-08 08:53:22",NA,70,"urn:uuid:e99fba01-6c68-4176-866e-73c9b2e8f604","https://www.mycoportal.org/portal/collections/individual/index.php?occid=4454091"
"4",4783743,"CINC",NA,NA,"PreservedSpecimen","e31c108b-cf67-4d41-a699-47d63709e524","CINC-F-0002030","","Fungi|Basidiomycota|Pucciniomycotina|Pucciniomycetes|Pucciniales|Pucciniaceae|Puccinia","Fungi","Basidiomycota","Pucciniomycetes","Pucciniales","Pucciniaceae","Puccinia verbesinae",188416,"Schwein.","Puccinia",NA,"verbesinae","","","Species","","",NA,NA,NA,"","","Charles, V.K.","Diehl, W.W.","s.n.","1919-10-17","1919","10","17",290,NA,"October 17, 1919","Mycological Exchange of 1921, 1-947, F.W. Patterson, W.W. Diehl, and E.K. Cash, exs #: 715","","on Verbesina occidentalis","",NA,"",NA,NA,NA,"",NA,NA,NA,"",NA,NA,NA,"United States","Maryland","Montgomery","Glen Echo","Glen Echo",NA,NA,NA,38.968999,-77.142479,"WGS84",698,"","harmona4","","GeoLocate","","",NA,NA,NA,NA,NA,"",NA,NA,"harmona4","2020-05-08 08:53:22",NA,70,"urn:uuid:e31c108b-cf67-4d41-a699-47d63709e524","https://www.mycoportal.org/portal/collections/individual/index.php?occid=4783743"
"5",4790626,"CINC",NA,NA,"PreservedSpecimen","c27962a3-c97b-4b3a-bcbe-7d7819d2783b","CINC-F-0002297","1363","Fungi|Basidiomycota|Pucciniomycotina|Pucciniomycetes|Pucciniales|Pucciniaceae|Puccinia","Fungi","Basidiomycota","Pucciniomycetes","Pucciniales","Pucciniaceae","Puccinia porphyrogenita",399853,"M.A. Curtis","Puccinia",NA,"porphyrogenita","","","Species","","",NA,NA,NA,"","","Weir, J.R.","","11072","1919-09-18","1919","9","18",261,NA,"September 18, 1919","","","on Cornus canadensis","",NA,"",NA,NA,NA,"",NA,NA,NA,"",NA,NA,NA,"United States","Idaho","Bingham","Collins","Collins",NA,NA,NA,43.202137,-112.375812,"WGS84",301,"","harmona4","","GeoLocate","","",NA,NA,NA,NA,NA,"",NA,NA,"harmona4","2020-05-08 08:53:22",NA,70,"urn:uuid:c27962a3-c97b-4b3a-bcbe-7d7819d2783b","https://www.mycoportal.org/portal/collections/individual/index.php?occid=4790626"
"6",4800623,"CINC",NA,NA,"PreservedSpecimen","1236c07d-4786-4918-a556-5328d331c4d8","CINC-F-0002574","","Fungi|Basidiomycota|Pucciniomycotina|Pucciniomycetes|Pucciniales|Pucciniaceae|Puccinia","Fungi","Basidiomycota","Pucciniomycetes","Pucciniales","Pucciniaceae","Puccinia glumarum",529024,"(J.C. Schmidt) Erikss. & Henning","Puccinia",NA,"glumarum","","","Species","","",NA,NA,NA,"","","Dana, B.F.","","s.n.","1919-06-18","1919","6","18",169,NA,"June 18, 1919","From the Mycological Herbarium, State College of Washington, No. 605; Mycobiota of North America, 1-450, W.B. Cooke, exs #: 370","","on Triticum aestivum","",NA,"",NA,NA,NA,"",NA,NA,NA,"",NA,NA,NA,"United States","Washington","Whitman","Pullman","Pullman, Cereals Nursery, Washington State College",NA,NA,NA,46.731274,-117.179616,"WGS84",5639,"","harmona4","","GeoLocate","","",NA,NA,NA,NA,NA,"",NA,NA,"harmona4","2020-05-08 08:53:22",NA,70,"urn:uuid:1236c07d-4786-4918-a556-5328d331c4d8","https://www.mycoportal.org/portal/collections/individual/index.php?occid=4800623"
"7",4830975,"CINC",NA,NA,"PreservedSpecimen","679e1fb6-964d-4d32-b5dc-4c1202bafb87","CINC-F-0002952","","Fungi|Basidiomycota|Agaricomycotina|Agaricomycetes|Russulales|Stereaceae|Stereum","Fungi","Basidiomycota","Agaricomycetes","Russulales","Stereaceae","Stereum rubiginosum",435047,"(Schrad.) Gray","Stereum",NA,"rubiginosum","","","Species","","",NA,NA,NA,"","","Braun, E. Lucy","","s.n.","1919-03-29","1919","3","29",88,NA,"March 29, 1919","","","on old log","",NA,"",NA,NA,NA,"Hymenochaete rubiginosa",NA,NA,NA,"",NA,NA,NA,"United States","Ohio","Hamilton","Cincinnati","Terrace Park",NA,NA,NA,39.159227,-84.30716,"",1867,"","harmona4 (2019-12-16 08:42:03)","","georef batch tool 2019-12-16; GeoLocate","reviewed - high confidence","",NA,NA,NA,NA,NA,"",NA,NA,"harmona4","2020-04-06 14:27:10",NA,70,"urn:uuid:679e1fb6-964d-4d32-b5dc-4c1202bafb87","https://www.mycoportal.org/portal/collections/individual/index.php?occid=4830975"
"8",4906546,"CINC",NA,NA,"PreservedSpecimen","55fac1ae-d4db-4a1c-b0ac-4ccd7e8a814f","CINC-F-0003134","","Fungi|Basidiomycota|Agaricomycotina|Agaricomycetes|Russulales|Stereaceae|Stereum","Fungi","Basidiomycota","Agaricomycetes","Russulales","Stereaceae","Stereum frustulosum",434806,"Fr.","Stereum",NA,"frustulosum","","","Species","","",NA,NA,NA,"","","Braun, E. Lucy","","s.n.","1919-03-29","1919","3","29",88,NA,"March 29, 1919","","","on old logs","",NA,"",NA,NA,NA,"",NA,NA,NA,"",NA,NA,NA,"United States","Ohio","Hamilton","Cincinnati","Terrace Park",NA,NA,NA,39.159227,-84.30716,"",1867,"","harmona4 (2019-12-16 08:42:03)","","georef batch tool 2019-12-16; GeoLocate","reviewed - high confidence","",NA,NA,NA,NA,NA,"",NA,NA,"harmona4","2020-04-06 14:27:10",NA,70,"urn:uuid:55fac1ae-d4db-4a1c-b0ac-4ccd7e8a814f","https://www.mycoportal.org/portal/collections/individual/index.php?occid=4906546"
"9",4906629,"CINC",NA,NA,"PreservedSpecimen","0d2853ec-aeb5-4b4d-8fe8-86eef2f2234d","CINC-F-0003190","","Fungi|Ascomycota|Pezizomycotina|Dothideomycetes|Dothideomycetidae|Dothideales|Saccotheciaceae|Dothioraceae|Protocoronospora","Fungi","Ascomycota","Dothideomycetes","Dothideales","Dothioraceae","Protocoronospora nigricans",390656,"G.F. Atk. & Edgerton","Protocoronospora",NA,"nigricans","","","Species","","",NA,NA,NA,"","","Wolf, F.A.","","65396","1919-05-27","1919","5","27",147,NA,"May 27, 1919","","","On Vicia sativa","",NA,"",NA,NA,NA,"",NA,NA,NA,"",NA,NA,NA,"United States","North Carolina","Wake","Raleigh","West Raleigh",NA,NA,NA,35.772096,-78.638614,"WGS84",17575,"","harmona4","","GeoLocate","","",NA,NA,NA,NA,NA,"",NA,NA,"harmona4","2020-05-08 08:53:22",NA,70,"urn:uuid:0d2853ec-aeb5-4b4d-8fe8-86eef2f2234d","https://www.mycoportal.org/portal/collections/individual/index.php?occid=4906629"
"10",4937384,"CINC",NA,NA,"PreservedSpecimen","f055f2e5-8093-4df5-b936-92649de06133","CINC-F-0003560","","Fungi|Basidiomycota|Pucciniomycotina|Pucciniomycetes|Pucciniales|Pucciniastraceae|Uredinopsis","Fungi","Basidiomycota","Pucciniomycetes","Pucciniales","Pucciniastraceae","Uredinopsis mirabilis",551264,"(Peck) Magnus","Uredinopsis",NA,"mirabilis","","","Species","","",NA,NA,NA,"","","Charles, V.K.","Diehl, W.W.","s.n.","1919-10-30","1919","10","30",303,NA,"October 30, 1919","Mycological Exchange of 1921, 1-947, F.W. Patterson, W.W. Diehl, and E.K. Cash, exs #: 767","","on Onoclea sensibilis","",NA,"",NA,NA,NA,"",NA,NA,NA,"",NA,NA,NA,"United States","Maryland","Montgomery","Glen Echo","Glen Echo",NA,NA,NA,38.968999,-77.142479,"WGS84",698,"","harmona4","","GeoLocate","","",NA,NA,NA,NA,NA,"",NA,NA,"harmona4","2020-05-08 08:53:22",NA,70,"urn:uuid:f055f2e5-8093-4df5-b936-92649de06133","https://www.mycoportal.org/portal/collections/individual/index.php?occid=4937384"
"11",4994406,"CINC",NA,NA,"PreservedSpecimen","691e2fed-6a57-454b-974e-198c3de4815c","CINC-F-0003950","70923","Fungi|Basidiomycota|Pucciniomycotina|Pucciniomycetes|Pucciniales","Fungi","Basidiomycota","Pucciniomycetes","Pucciniales","Pucciniaceae","Hemileia upatatrix",NA,"Berk. & Broome","",NA,"","","","","","",NA,NA,NA,"","","Panganiban, S.","","4","1919-12-00","1919","12","00",NA,NA,"December, 1919","","","on Coffea arabica","",NA,"",NA,NA,NA,"",NA,NA,NA,"",NA,NA,NA,"Philippines","Laguna","","Los Banos","Los Banos",NA,NA,NA,14.178837,121.241856,"WGS84",3036,"","","","GeoLocate","","",NA,NA,NA,NA,NA,"",NA,NA,"harmona4","2020-05-08 08:53:22",NA,70,"urn:uuid:691e2fed-6a57-454b-974e-198c3de4815c","https://www.mycoportal.org/portal/collections/individual/index.php?occid=4994406"
"12",5023720,"CINC",NA,NA,"PreservedSpecimen","96ad8a11-8122-4e74-a078-b9c2bc429a3c","CINC-F-0003979","4638","Fungi|Blastocladiomycota|Basidiomycota|Pucciniomycotina|Pucciniomycetes|Blastocladiomycetes|Pucciniales|Blastocladiales|Phakopsoraceae|Physodermataceae|Physopella","Fungi","Basidiomycota","Blastocladiomycetes","Blastocladiales","Phakopsoraceae","Physopella fici",377243,"(Castagne) Arthur","Physopella",NA,"fici","","","Species","","",NA,NA,NA,"","","Reinking, O.A.","","s.n.","1919-06-15","1919","6","15",166,NA,"June 15, 1919","","","on Morus alba","",NA,"",NA,NA,NA,"",NA,NA,NA,"",NA,NA,NA,"China","Guangdong","","Guangzhou","Canton; 23.11667 113.25",NA,NA,NA,23.11667,113.25,"",NA,"","","","","","",NA,NA,NA,NA,NA,"",NA,NA,"harmona4","2020-04-25 10:38:26",NA,70,"urn:uuid:96ad8a11-8122-4e74-a078-b9c2bc429a3c","https://www.mycoportal.org/portal/collections/individual/index.php?occid=5023720"
"13",5023729,"CINC",NA,NA,"PreservedSpecimen","cfbca01a-c087-44a7-88ae-3d8cf3b653f3","CINC-F-0003983","75052","Fungi|Basidiomycota|Pucciniomycotina|Pucciniomycetes|Pucciniales|Pileolariaceae|Pileolaria","Fungi","Basidiomycota","Pucciniomycetes","Pucciniales","Pileolariaceae","Pileolaria patzcuarensis",377630,"(Holw.) Arthur","Pileolaria",NA,"patzcuarensis","","","Species","","",NA,NA,NA,"","","Bethel, E.","","s.n.","1919-09-24","1919","9","24",267,NA,"September 24, 1919","","","on Rhus trilobata","",NA,"",NA,NA,NA,"",NA,NA,NA,"",NA,NA,NA,"United States","New Mexico","Union","Clayton","Clayton",NA,NA,NA,36.451693,-103.184104,"WGS84",3522,"","harmona4","","GeoLocate","","",NA,NA,NA,NA,NA,"",NA,NA,"harmona4","2020-05-08 08:53:22",NA,70,"urn:uuid:cfbca01a-c087-44a7-88ae-3d8cf3b653f3","https://www.mycoportal.org/portal/collections/individual/index.php?occid=5023729"
"14",5042103,"CINC",NA,NA,"PreservedSpecimen","102cc782-7dd8-4749-a7bd-ff290e04fbf7","CINC-F-0004166","75747","Fungi|Basidiomycota|Agaricomycotina|Agaricomycetes|Agaricomycetidae|Polyporales|Corticiales|Phanerochaetaceae|Corticiaceae|Corticium","Fungi","Basidiomycota","Agaricomycetes","Corticiales","Stereaceae","Corticium lividocoeruleum",153192,"P. Karst.","Corticium",NA,"lividocoeruleum","","","Species","","",NA,NA,NA,"","","Hubert, E.E.","","s.n.","1919-09-03","1919","9","3",246,NA,"September 3, 1919","","","on Thuja plicata","",NA,"",NA,NA,NA,"",NA,NA,NA,"",NA,NA,NA,"United States","Idaho","Shoshone","Avery","Bootleg Creek, Avery",NA,NA,NA,47.21842,-115.731655,"WGS84",2499,"","harmona4","","GeoLocate","reviewed - high confidence","",NA,NA,NA,NA,NA,"",NA,NA,"harmona4","2020-05-08 08:53:22",NA,70,"urn:uuid:102cc782-7dd8-4749-a7bd-ff290e04fbf7","https://www.mycoportal.org/portal/collections/individual/index.php?occid=5042103"
"15",5073668,"CINC",NA,NA,"PreservedSpecimen","39e093cc-84fc-49e6-96eb-6c24656023b2","CINC-F-0004309","","Fungi|Basidiomycota|Agaricomycotina|Agaricomycetes|Agaricomycetidae|Agaricales|Clavariaceae|Clavaria","Fungi","Basidiomycota","Agaricomycetes","Agaricales","Clavariaceae","Clavaria amethystina",142035,"(Holmsk.) Pers.","Clavaria",NA,"amethystina","","","Species","","",NA,NA,NA,"","","s.n.","","s.n.","1919-06-30","1919","6","30",181,NA,"June 30, 1919","","","woods","",NA,"",NA,NA,NA,"",NA,NA,NA,"",NA,NA,NA,"United States","Ohio","Hamilton","Cincinnati","California",NA,NA,NA,39.065606,-84.418811,"WGS84",1545,"","harmona4 (2019-12-16 08:11:09)","","GeoLocate","reviewed - high confidence","",NA,NA,NA,NA,NA,"",NA,NA,"harmona4","2020-05-08 08:53:22",NA,70,"urn:uuid:39e093cc-84fc-49e6-96eb-6c24656023b2","https://www.mycoportal.org/portal/collections/individual/index.php?occid=5073668"
"16",5075476,"CINC",NA,NA,"PreservedSpecimen","ca06cae4-dd9a-4350-929b-e4e86e7e709a","CINC-F-0004559","","Fungi|Basidiomycota|Agaricomycotina|Agaricomycetes|Agaricomycetidae|Agaricales|Clavariaceae","Fungi","Basidiomycota","Agaricomycetes","Agaricales","Clavariaceae","Clavaria",13161,"","Clavaria",NA,"","","","Genus","","",NA,NA,NA,"","","s.n.","","s.n.","1919-07-30","1919","7","30",211,NA,"July 30, 1919","","woods","","",NA,"",NA,NA,NA,"",NA,NA,NA,"",NA,NA,NA,"United States","Ohio","Hamilton","Cincinnati","California",NA,NA,NA,39.065406,-84.419497,"WGS84",1720,"","harmona4 (2019-12-16 08:11:09)","","GeoLocate","reviewed - high confidence","",NA,NA,NA,NA,NA,"",NA,NA,"harmona4","2020-05-08 08:53:22",NA,70,"urn:uuid:ca06cae4-dd9a-4350-929b-e4e86e7e709a","https://www.mycoportal.org/portal/collections/individual/index.php?occid=5075476"
"17",5086307,"CINC",NA,NA,"PreservedSpecimen","0577f4d3-d6de-4d0c-b193-da4a1d8c25aa","CINC-F-0004646","","Fungi|Basidiomycota|Agaricomycotina|Agaricomycetes|Agaricomycetidae|Polyporales|Polyporaceae|Perenniporia","Fungi","Basidiomycota","Agaricomycetes","Polyporales","Polyporaceae","Perenniporia ohiensis",311923,"(Berk.) Ryvarden","Perenniporia",NA,"ohiensis","","","Species","","",NA,NA,NA,"","","Barraclough, K.E.","","s.n.","1919-10-11","1919","10","11",284,NA,"October 11, 1919","","","on beech","",NA,"",NA,NA,NA,"",NA,NA,NA,"",NA,NA,NA,"United States","New York","Onondaga","Warners","Warners",NA,NA,NA,43.085344,-76.329098,"WGS84",301,"","","","GeoLocate","","",NA,NA,NA,NA,NA,"",NA,NA,"harmona4","2020-05-08 08:53:22",NA,70,"urn:uuid:0577f4d3-d6de-4d0c-b193-da4a1d8c25aa","https://www.mycoportal.org/portal/collections/individual/index.php?occid=5086307"
"18",5087724,"CINC",NA,NA,"PreservedSpecimen","97d6e83e-81ce-4357-aa2a-9ea9efa48c19","CINC-F-0004723","","Fungi|Basidiomycota|Agaricomycotina|Agaricomycetes|Phallomycetidae|Agaricomycetidae|Gomphales|Agaricales|Gomphaceae|Clavariaceae|Ramaria","Fungi","Basidiomycota","Agaricomycetes","Agaricales","Gomphaceae","Ramaria secunda",188583,"(Berk.) Corner","Ramaria",NA,"secunda","","","Species","","",NA,NA,NA,"","","Burnham, S.H.","","82","1919-09-07","1919","9","7",250,NA,"September 7, 1919","","","","",NA,"",NA,NA,NA,"",NA,NA,NA,"",NA,NA,NA,"United States","New York","Washington","Tripoli","Woods NE of Tripoli, southern W Fort Ann",NA,NA,NA,43.4068,-73.532527,"WGS84",1800,"","harmona4","","GeoLocate","reviewed - high confidence","",NA,NA,NA,NA,NA,"",NA,NA,"harmona4","2020-05-08 08:53:22",NA,70,"urn:uuid:97d6e83e-81ce-4357-aa2a-9ea9efa48c19","https://www.mycoportal.org/portal/collections/individual/index.php?occid=5087724"
"19",5109635,"CINC",NA,NA,"PreservedSpecimen","62e97b7e-d523-498a-9035-190453a4a33c","CINC-F-0004891","","Fungi|Basidiomycota|Agaricomycotina|Agaricomycetes|Agaricomycetidae|Polyporales|Polyporaceae|Fomes","Fungi","Basidiomycota","Agaricomycetes","Polyporales","Polyporaceae","Fomes fomentarius",183472,"(L.) Fr.","Fomes",NA,"fomentarius","","","Species","","",NA,NA,NA,"","","Povah, A.H.","","s.n.","1919-08-00","1919","8","00",NA,NA,"August, 1919","","","on Betula sp.","",NA,"",NA,NA,NA,"",NA,NA,NA,"",NA,NA,NA,"United States","New York","Saint Lawrence","Cranberry Lake","Cranberry Lake",NA,NA,NA,44.125427,-74.885226,"WGS84",8324,"","harmona4 (2020-04-14 09:30:49)","","GeoLocate","reviewed - high confidence","",NA,NA,NA,NA,NA,"",NA,NA,"harmona4","2020-05-08 08:53:22",NA,70,"urn:uuid:62e97b7e-d523-498a-9035-190453a4a33c","https://www.mycoportal.org/portal/collections/individual/index.php?occid=5109635"
"20",5124878,"CINC",NA,NA,"PreservedSpecimen","97d3f877-f791-4bec-b43d-fa1316a178da","CINC-F-0005300","","Fungi|Basidiomycota|Agaricomycotina|Agaricomycetes|Hymenochaetales|Hymenochaetaceae|Phellinus","Fungi","Basidiomycota","Agaricomycetes","Hymenochaetales","Hymenochaetaceae","Phellinus laevigatus",187077,"(P. Karst.) Bourdot & Galzin","Phellinus",NA,"laevigatus","","","Species","","",NA,NA,NA,"","","Braun, E. Lucy","","s.n.","1919-03-29","1919","3","29",88,NA,"March 29, 1919","","","","",NA,"",NA,NA,NA,"",NA,NA,NA,"",NA,NA,NA,"United States","Ohio","Hamilton","Cincinnati","near Terrace Park",NA,NA,NA,39.159227,-84.30716,"",1867,"","harmona4 (2019-12-16 08:42:03)","","georef batch tool 2019-12-16; GeoLocate","reviewed - high confidence","",NA,NA,NA,NA,NA,"",NA,NA,"harmona4","2020-05-08 08:53:22",NA,70,"urn:uuid:97d3f877-f791-4bec-b43d-fa1316a178da","https://www.mycoportal.org/portal/collections/individual/index.php?occid=5124878"
"21",5124961,"CINC",NA,NA,"PreservedSpecimen","2a3b0305-7339-4f32-9140-4e4510be46dc","CINC-F-0005318","","Fungi|Basidiomycota|Agaricomycotina|Agaricomycetes|Agaricomycetidae|Polyporales|Polyporaceae|Trichaptum","Fungi","Basidiomycota","Agaricomycetes","Polyporales","Polyporaceae","Trichaptum biforme",190013,"(Fr.) Ryvarden","Trichaptum",NA,"biforme","","","Species","","",NA,NA,NA,"","","Braun, E. Lucy","","s.n.","1919-03-29","1919","3","29",88,NA,"March 29, 1919","","","on beech tree","",NA,"",NA,NA,NA,"",NA,NA,NA,"",NA,NA,NA,"United States","Ohio","Hamilton","Cincinnati","near Terrace Park",NA,NA,NA,39.159227,-84.30716,"",1867,"","harmona4 (2019-12-16 08:42:03)","","georef batch tool 2019-12-16; GeoLocate","reviewed - high confidence","",NA,NA,NA,NA,NA,"",NA,NA,"harmona4","2020-05-08 08:53:22",NA,70,"urn:uuid:2a3b0305-7339-4f32-9140-4e4510be46dc","https://www.mycoportal.org/portal/collections/individual/index.php?occid=5124961"
"22",5125108,"CINC",NA,NA,"PreservedSpecimen","93e9f551-c446-493b-940f-a221dd877897","CINC-F-0005389","","Fungi|Basidiomycota|Agaricomycotina|Agaricomycetes|Agaricomycetidae|Polyporales|Polyporaceae|Trametes","Fungi","Basidiomycota","Agaricomycetes","Polyporales","Polyporaceae","Trametes versicolor",189955,"(L.) Lloyd","Trametes",NA,"versicolor","","","Species","","",NA,NA,NA,"","","Tellefsen, M.A.","","s.n.","1919-01-02","1919","1","2",2,NA,"January 2, 1919","","","on black willow","",NA,"",NA,NA,NA,"",NA,NA,NA,"",NA,NA,NA,"United States","Kentucky","Kenton","Fort Mitchell","Fort Mitchell",NA,NA,NA,39.059505,-84.547443,"WGS84",2604,"","","","GeoLocate","","",NA,NA,NA,NA,NA,"",NA,NA,"harmona4","2020-05-08 08:53:22",NA,70,"urn:uuid:93e9f551-c446-493b-940f-a221dd877897","https://www.mycoportal.org/portal/collections/individual/index.php?occid=5125108"
"23",5132942,"CINC",NA,NA,"PreservedSpecimen","52e015e5-b869-4922-ad4c-df6b7dc01ac2","CINC-F-0005555","","Fungi|Basidiomycota|Agaricomycotina|Agaricomycetes|Agaricomycetidae|Polyporales|Meruliaceae|Bjerkandera","Fungi","Basidiomycota","Agaricomycetes","Polyporales","Meruliaceae","Bjerkandera adusta",114760,"(Willd.) P. Karst.","Bjerkandera",NA,"adusta","","","Species","","",NA,NA,NA,"","","Braun, E. Lucy","","s.n.","1919-03-29","1919","3","29",88,NA,"March 29, 1919","","","on Acer saccharum log","",NA,"",NA,NA,NA,"",NA,NA,NA,"",NA,NA,NA,"United States","Ohio","Hamilton","Cincinnati","near Terrace Park",NA,NA,NA,39.159227,-84.30716,"",1867,"","harmona4 (2019-12-16 08:42:03)","","georef batch tool 2019-12-16; GeoLocate","reviewed - high confidence","",NA,NA,NA,NA,NA,"",NA,NA,"harmona4","2020-04-06 14:27:10",NA,70,"urn:uuid:52e015e5-b869-4922-ad4c-df6b7dc01ac2","https://www.mycoportal.org/portal/collections/individual/index.php?occid=5132942"
"24",5140558,"CINC",NA,NA,"PreservedSpecimen","0cd63bb1-2eb4-42c4-a4ff-4bb4345f80c0","CINC-F-0005714","","Fungi|Basidiomycota|Agaricomycotina|Agaricomycetes|Agaricomycetidae|Polyporales|Meruliaceae|Irpex","Fungi","Basidiomycota","Agaricomycetes","Polyporales","Meruliaceae","Irpex lacteus",184564,"(Fr.) Fr.","Irpex",NA,"lacteus","","","Species","","",NA,NA,NA,"","","Braun, E. Lucy","","s.n.","1919-04-05","1919","4","5",95,NA,"April 5, 1919","","","on sugar maple","",NA,"",NA,NA,NA,"",NA,NA,NA,"",NA,NA,NA,"United States","Ohio","Hamilton","Anderson Ferry","Anderson Ferry",NA,NA,NA,39.078115,-84.621889,"WGS84",500,"","harmona4","","GeoLocate","reviewed - high confidence","",NA,NA,NA,NA,NA,"",NA,NA,"harmona4","2020-05-08 08:53:22",NA,70,"urn:uuid:0cd63bb1-2eb4-42c4-a4ff-4bb4345f80c0","https://www.mycoportal.org/portal/collections/individual/index.php?occid=5140558"
"25",5140560,"CINC",NA,NA,"PreservedSpecimen","1b7ad18e-578d-4917-9438-0ec8195a55c0","CINC-F-0005716","","Fungi|Basidiomycota|Agaricomycotina|Agaricomycetes|Agaricomycetidae|Polyporales|Meruliaceae|Irpex","Fungi","Basidiomycota","Agaricomycetes","Polyporales","Meruliaceae","Irpex lacteus",184564,"(Fr.) Fr.","Irpex",NA,"lacteus","","","Species","","",NA,NA,NA,"","","Braun, E. Lucy","","s.n.","1919-03-29","1919","3","29",88,NA,"March 29, 1919","","","on beech logs","",NA,"",NA,NA,NA,"",NA,NA,NA,"",NA,NA,NA,"United States","Ohio","Hamilton","Cincinnati","Near Terrace Park",NA,NA,NA,39.159227,-84.30716,"",1867,"","harmona4 (2019-12-16 08:42:03)","","georef batch tool 2019-12-16; GeoLocate","reviewed - high confidence","",NA,NA,NA,NA,NA,"",NA,NA,"harmona4","2020-05-08 08:53:22",NA,70,"urn:uuid:1b7ad18e-578d-4917-9438-0ec8195a55c0","https://www.mycoportal.org/portal/collections/individual/index.php?occid=5140560"
"26",5152684,"CINC",NA,NA,"PreservedSpecimen","015401fa-90c1-4b44-b00e-b6e3ae41f9d0","CINC-F-0005856","","","","","","","Meruliaceae","Gelatoporia dichroa",637578,"(Fr.) Ginns","Gelatoporia",NA,"dichroa","","","Species","","",NA,NA,NA,"","","Braun, E. Lucy","","s.n.","1919-11-02","1919","11","2",306,NA,"November 2, 1919","","River bank","on logs","",NA,"",NA,NA,NA,"",NA,NA,NA,"",NA,NA,NA,"United States","Kentucky","Campbell","Fort Thomas","Fort Thomas",NA,NA,NA,39.075061,-84.447163,"WGS84",4112,"","harmona4 (2019-12-20 11:02:32)","","GeoLocate","reviewed - high confidence","",NA,NA,NA,NA,NA,"",NA,NA,"harmona4","2020-05-08 08:53:22",NA,70,"urn:uuid:015401fa-90c1-4b44-b00e-b6e3ae41f9d0","https://www.mycoportal.org/portal/collections/individual/index.php?occid=5152684"
"27",5154037,"CINC",NA,NA,"PreservedSpecimen","d9eda30d-f0eb-46c0-8884-c9f7a709c926","CINC-F-0006033","","Fungi|Basidiomycota|Agaricomycotina|Agaricomycetes|Hymenochaetales|Hymenochaetaceae|Phellinus","Fungi","Basidiomycota","Agaricomycetes","Hymenochaetales","Hymenochaetaceae","Phellinus gilvus",187074,"(Schwein.) Pat.","Phellinus",NA,"gilvus","","","Species","","",NA,NA,NA,"","","Braun, E. Lucy","","s.n.","1919-03-29","1919","3","29",88,NA,"March 29, 1919","","","on logs","",NA,"",NA,NA,NA,"",NA,NA,NA,"",NA,NA,NA,"United States","Ohio","Hamilton","Cincinnati","near Terrace Park",NA,NA,NA,39.159227,-84.30716,"",1867,"","harmona4 (2019-12-16 08:42:03)","","georef batch tool 2019-12-16; GeoLocate","reviewed - high confidence","",NA,NA,NA,NA,NA,"",NA,NA,"harmona4","2020-04-06 14:27:10",NA,70,"urn:uuid:d9eda30d-f0eb-46c0-8884-c9f7a709c926","https://www.mycoportal.org/portal/collections/individual/index.php?occid=5154037"
"28",5154124,"CINC",NA,NA,"PreservedSpecimen","80598e1b-c847-468c-8a46-3aa7146a0198","CINC-F-0006103","","Fungi|Basidiomycota|Agaricomycotina|Agaricomycetes|Agaricomycetidae|Polyporales|Polyporaceae|Lentinus","Fungi","Basidiomycota","Agaricomycetes","Polyporales","Polyporaceae","Lentinus brumalis",268545,"(Pers.) Zmitr.","Lentinus",NA,"brumalis","","","Species","","",NA,NA,NA,"","","Braun, E. Lucy","","s.n.","1919-10-18","1919","10","18",291,NA,"October 18, 1919","","","on sticks and old wood","",NA,"",NA,NA,NA,"",NA,NA,NA,"",NA,NA,NA,"United States","Ohio","Hamilton","","Riverside",NA,NA,NA,39.07756,-84.603,"WGS84",301,"","","","GeoLocate","","",NA,NA,NA,NA,NA,"",NA,NA,"harmona4","2020-05-08 08:53:22",NA,70,"urn:uuid:80598e1b-c847-468c-8a46-3aa7146a0198","https://www.mycoportal.org/portal/collections/individual/index.php?occid=5154124"
"29",5156982,"CINC",NA,NA,"PreservedSpecimen","cf612cf7-3779-4f4e-8a8d-11760d1dec82","CINC-F-0006158","","Fungi|Basidiomycota|Agaricomycotina|Agaricomycetes|Agaricomycetidae|Polyporales|Fomitopsidaceae|Phaeolus","Fungi","Basidiomycota","Agaricomycetes","Polyporales","Fomitopsidaceae","Phaeolus schweinitzii",187004,"(Fr.) Pat.","Phaeolus",NA,"schweinitzii","","","Species","","",NA,NA,NA,"","","Povah, A.H.","","s.n.","1919-06-00","1919","6","00",NA,NA,"June, 1919","","","at base of conifer","",NA,"",NA,NA,NA,"",NA,NA,NA,"",NA,NA,NA,"United States","New York","Saint Lawrence","Cranberry Lake","Cranberry Lake",NA,NA,NA,44.125427,-74.885226,"WGS84",8324,"","harmona4 (2020-04-14 09:30:49)","","GeoLocate","reviewed - high confidence","",NA,NA,NA,NA,NA,"",NA,NA,"harmona4","2020-05-08 08:53:22",NA,70,"urn:uuid:cf612cf7-3779-4f4e-8a8d-11760d1dec82","https://www.mycoportal.org/portal/collections/individual/index.php?occid=5156982"
"30",5167498,"CINC",NA,NA,"PreservedSpecimen","63617973-ef6d-413c-b2bd-3b249c7876b1","CINC-F-0006246","","Fungi|Basidiomycota|Agaricomycotina|Agaricomycetes|Agaricomycetidae|Boletales|Boletaceae|Strobilomyces","Fungi","Basidiomycota","Agaricomycetes","Boletales","Boletaceae","Strobilomyces strobilaceus",189577,"(Scop.) Berk.","Strobilomyces",NA,"strobilaceus","","","Species","","",NA,NA,NA,"","","s.n.","","s.n.","1919-07-13","1919","7","13",194,NA,"July 13, 1919","","woods","","",NA,"",NA,NA,NA,"",NA,NA,NA,"",NA,NA,NA,"United States","Ohio","Hamilton","Cincinnati","Hazelwood",NA,NA,NA,39.266169,-84.362996,"",3036,"","harmona4 (2019-12-16 09:30:50)","","georef batch tool 2019-12-16; GeoLocate","reviewed - high confidence","",NA,NA,NA,NA,NA,"",NA,NA,"harmona4","2019-12-16 10:30:50",NA,70,"urn:uuid:63617973-ef6d-413c-b2bd-3b249c7876b1","https://www.mycoportal.org/portal/collections/individual/index.php?occid=5167498"
"31",5225138,"CINC",NA,NA,"PreservedSpecimen","89abff14-769a-4d90-a27d-05ea02666025","CINC-F-0006768","","Fungi|Basidiomycota|Agaricomycotina|Agaricomycetes|Agaricomycetidae|Boletales|Boletaceae","Fungi","Basidiomycota","Agaricomycetes","Boletales","Boletaceae","Boletus",12491,"L.","Boletus",NA,"","","","Genus","","",NA,NA,NA,"","","s.n.","","s.n.","1919-06-30","1919","6","30",181,NA,"June 30, 1919","","in woods","","",NA,"",NA,NA,NA,"",NA,NA,NA,"",NA,NA,NA,"United States","Ohio","Hamilton","Cincinnati","California",NA,NA,NA,39.065339,-84.423274,"",3036,"","harmona4 (2019-12-16 08:11:09)","","georef batch tool 2019-12-16; GeoLocate","reviewed - high confidence","",NA,NA,NA,NA,NA,"",NA,NA,"harmona4","2019-12-16 09:11:09",NA,70,"urn:uuid:89abff14-769a-4d90-a27d-05ea02666025","https://www.mycoportal.org/portal/collections/individual/index.php?occid=5225138"
"32",5225864,"CINC",NA,NA,"PreservedSpecimen","6f282797-69d3-427a-baa9-8b1ea7ac1ce6","CINC-F-0006928","","Fungi|Basidiomycota|Agaricomycotina|Agaricomycetes|Russulales|Russulaceae|Lactarius","Fungi","Basidiomycota","Agaricomycetes","Russulales","Russulaceae","Lactarius piperatus",184780,"(L.) Pers.","Lactarius",NA,"piperatus","","","Species","","",NA,NA,NA,"","","s.n.","","s.n.","1919-07-13","1919","7","13",194,NA,"July 13, 1919","","in woods","","",NA,"",NA,NA,NA,"",NA,NA,NA,"",NA,NA,NA,"United States","Ohio","Hamilton","Cincinnati","Hazelwood",NA,NA,NA,39.266169,-84.362996,"",3036,"","harmona4 (2019-12-16 09:30:50)","","georef batch tool 2019-12-16; GeoLocate","reviewed - high confidence","",NA,NA,NA,NA,NA,"",NA,NA,"harmona4","2019-12-16 10:30:50",NA,70,"urn:uuid:6f282797-69d3-427a-baa9-8b1ea7ac1ce6","https://www.mycoportal.org/portal/collections/individual/index.php?occid=5225864"
"33",5624075,"CINC",NA,NA,"PreservedSpecimen","8138d024-1a35-478e-a56e-7b8f6dedfdcd","CINC-F-0007097","","Fungi|Basidiomycota|Agaricomycotina|Agaricomycetes|Russulales|Russulaceae|Russula","Fungi","Basidiomycota","Agaricomycetes","Russulales","Russulaceae","Russula fragilis",412060,"Fr.","Russula",NA,"fragilis","","","Species","","",NA,NA,NA,"","","s.n.","","s.n.","1919-06-30","1919","6","30",181,NA,"June 30, 1919","","in woods","","",NA,"",NA,NA,NA,"",NA,NA,NA,"",NA,NA,NA,"United States","Ohio","Hamilton","Cincinnati","California",NA,NA,NA,39.065339,-84.423274,"",3036,"","harmona4 (2019-12-16 08:11:09)","","georef batch tool 2019-12-16; GeoLocate","reviewed - high confidence","",NA,NA,NA,NA,NA,"",NA,NA,"harmona4","2019-12-16 09:11:09",NA,70,"urn:uuid:8138d024-1a35-478e-a56e-7b8f6dedfdcd","https://www.mycoportal.org/portal/collections/individual/index.php?occid=5624075"
"34",9632324,"CINC",NA,NA,"PreservedSpecimen","1b3ef4d6-9c92-4025-a6e8-942558b8a441","CINC-F-0008079","","Fungi|Ascomycota|Pezizomycotina|Leotiomycetes|Leotiomycetidae|Helotiales|Rhynchosporium","Fungi","Ascomycota","Leotiomycetes","Helotiales","","Rhynchosporium secalis",312868,"(Oudem.) Davis","Rhynchosporium",NA,"secalis","","","Species","","",NA,NA,NA,"","","Dana, B.F.","","578","1919-05-06","1919","5","6",126,NA,"May 6, 1919","Mycobiota of North America, 1-450, W.B. Cooke, exs #: 395","","on Hordeum vulgare","",NA,"",NA,NA,NA,"",NA,NA,NA,"",NA,NA,NA,"United States","Washington","Pierce","Puyallup","Puyallup",NA,NA,NA,47.18556,-122.29167,"",NA,"","","","","","",NA,NA,NA,NA,NA,"",NA,NA,"harmona4","2020-04-25 09:07:19",NA,70,"urn:uuid:1b3ef4d6-9c92-4025-a6e8-942558b8a441","https://www.mycoportal.org/portal/collections/individual/index.php?occid=9632324"
