"","id","institutionCode","collectionCode","ownerInstitutionCode","basisOfRecord","occurrenceID","catalogNumber","otherCatalogNumbers","higherClassification","kingdom","phylum","class","order","family","scientificName","taxonID","scientificNameAuthorship","genus","subgenus","specificEpithet","verbatimTaxonRank","infraspecificEpithet","taxonRank","identifiedBy","dateIdentified","identificationReferences","identificationRemarks","taxonRemarks","identificationQualifier","typeStatus","recordedBy","associatedCollectors","recordNumber","eventDate","year","month","day","startDayOfYear","endDayOfYear","verbatimEventDate","occurrenceRemarks","habitat","substrate","verbatimAttributes","fieldNumber","informationWithheld","dataGeneralizations","dynamicProperties","associatedOccurrences","associatedTaxa","reproductiveCondition","establishmentMeans","cultivationStatus","lifeStage","sex","individualCount","preparations","country","stateProvince","county","municipality","locality","locationRemarks","localitySecurity","localitySecurityReason","decimalLatitude","decimalLongitude","geodeticDatum","coordinateUncertaintyInMeters","verbatimCoordinates","georeferencedBy","georeferenceProtocol","georeferenceSources","georeferenceVerificationStatus","georeferenceRemarks","minimumElevationInMeters","maximumElevationInMeters","minimumDepthInMeters","maximumDepthInMeters","verbatimDepth","verbatimElevation","disposition","language","recordEnteredBy","modified","sourcePrimaryKey.dbpk","collId","recordId","references"
"1",4389502,"CINC",NA,NA,"PreservedSpecimen","a8ef633f-3b62-4f9c-8429-f3e333a5eada","CINC-F-0000835","","Fungi|Ascomycota|Pezizomycotina|Sordariomycetes|Xylariomycetidae|Xylariales|Xylariaceae|Hypoxylon","Fungi","Ascomycota","Sordariomycetes","Xylariales","Xylariaceae","Hypoxylon tinctor",184436,"(Berk.) Cooke","Hypoxylon",NA,"tinctor","","","Species","","",NA,NA,NA,"","","Calkins, W.W.","","s.n.","1886-00-00","1886","00","00",NA,NA,"Winter, 1886","","","","",NA,"",NA,NA,NA,"",NA,NA,NA,"",NA,NA,NA,"United States","Florida","","","",NA,NA,NA,NA,NA,"",NA,"","","","","","",NA,NA,NA,NA,NA,"",NA,NA,"harmona4","2020-04-21 08:45:04",NA,70,"urn:uuid:a8ef633f-3b62-4f9c-8429-f3e333a5eada","https://www.mycoportal.org/portal/collections/individual/index.php?occid=4389502"
"2",4398763,"CINC",NA,NA,"PreservedSpecimen","78e6fb11-1187-4233-bb62-729da909a43d","CINC-F-0001114","","Fungi|Ascomycota|Pezizomycotina|Dothideomycetes|Dothideomycetidae|Dothideales|Dothideaceae|Dothidea","Fungi","Ascomycota","Dothideomycetes","Dothideales","Dothideaceae","Dothidea perisporioides",177060,"(Berk. & M.A. Curtis) Berk. & M.A. Curtis","Dothidea",NA,"perisporioides","","","Species","","",NA,NA,NA,"","","Kellerman, W.A.","Swingle","s.n.","1886-00-00","1886","00","00",NA,NA,"1886","From the herbarium of Curtis Gates Lloyd; Kansas Fungi [Kellerman & Swingle], 1-50, plus extras, W.A. Kellerman and W.T. Swingle, exs #: 21","","on Psoralea sp.","",NA,"",NA,NA,NA,"",NA,NA,NA,"",NA,NA,NA,"United States","Kansas","Riley","Manhattan","Manhattan",NA,NA,NA,39.183608,-96.571669,"WGS84",6104,"","harmona4","","GeoLocate","","",NA,NA,NA,NA,NA,"",NA,NA,"harmona4","2020-05-08 08:53:22",NA,70,"urn:uuid:78e6fb11-1187-4233-bb62-729da909a43d","https://www.mycoportal.org/portal/collections/individual/index.php?occid=4398763"
"3",4440940,"CINC",NA,NA,"PreservedSpecimen","bea25866-5c89-4466-9d7b-ac2b98fd08a9","CINC-F-0001696","","Fungi|Basidiomycota|Pucciniomycotina|Pucciniomycetes|Pucciniales|Aecidium","Fungi","Basidiomycota","Pucciniomycetes","Pucciniales","Pucciniaceae","Aecidium macrosporum",86612,"Peck","Aecidium",NA,"macrosporum","","","Species","","",NA,NA,NA,"","","Kellerman, W.A.","","s.n.","1886-06-25","1886","6","25",176,NA,"June 25, 1886","From the herbarium of Curtis Gates Lloyd; Kansas Fungi [Kellerman & Swingle], 1-50, plus extras, W.A. Kellerman and W.T. Swingle, exs #: 844","","on Smilax hispida","",NA,"",NA,NA,NA,"",NA,NA,NA,"",NA,NA,NA,"United States","Kansas","Riley","Manhattan","Manhattan",NA,NA,NA,39.183608,-96.571669,"WGS84",6104,"","harmona4","","GeoLocate","","",NA,NA,NA,NA,NA,"",NA,NA,"harmona4","2020-05-08 08:53:22",NA,70,"urn:uuid:bea25866-5c89-4466-9d7b-ac2b98fd08a9","https://www.mycoportal.org/portal/collections/individual/index.php?occid=4440940"
"4",4440955,"CINC",NA,NA,"PreservedSpecimen","8c5eb2bb-ff94-4cd3-977d-acd0ee1903bd","CINC-F-0001682","","Fungi|Basidiomycota|Pucciniomycotina|Pucciniomycetes|Pucciniales|Aecidium","Fungi","Basidiomycota","Pucciniomycetes","Pucciniales","Pucciniaceae","Aecidium cephalanthi",85977,"Seym. ex Burrill","Aecidium",NA,"cephalanthi","","","Species","","",NA,NA,NA,"","","Kellerman, W.A.","","s.n.","1886-05-22","1886","5","22",142,NA,"May 22, 1886","From the herbarium of Curtis Gates Lloyd; Kansas Fungi [Kellerman & Swingle], 1-50, plus extras, W.A. Kellerman and W.T. Swingle, exs #: 830","","on Celtis occidentalis","",NA,"",NA,NA,NA,"",NA,NA,NA,"",NA,NA,NA,"United States","Kansas","Riley","Manhattan","Manhattan",NA,NA,NA,39.183608,-96.571669,"WGS84",6104,"","harmona4","","GeoLocate","","",NA,NA,NA,NA,NA,"",NA,NA,"harmona4","2020-05-08 08:53:22",NA,70,"urn:uuid:8c5eb2bb-ff94-4cd3-977d-acd0ee1903bd","https://www.mycoportal.org/portal/collections/individual/index.php?occid=4440955"
"5",4703224,"CINC",NA,NA,"PreservedSpecimen","519410b5-3994-4363-8577-c205ef6d2ff7","CINC-F-0001963","","Fungi|Basidiomycota|Pucciniomycotina|Pucciniomycetes|Pucciniales|Pucciniaceae|Puccinia","Fungi","Basidiomycota","Pucciniomycetes","Pucciniales","Pucciniaceae","Puccinia silvatica",400240,"J. Schr�t.","Puccinia",NA,"silvatica","","","Species","","",NA,NA,NA,"","","Sydow, P.","","s.n.","1886-09-00","1886","9","00",NA,NA,"September, 1886","From the herbarium of Curtis Gates Lloyd","","on Carex brizoides","",NA,"",NA,NA,NA,"",NA,NA,NA,"",NA,NA,NA,"Germany","","","Berlin","Berlin Botanical Garden",NA,NA,NA,52.51667,13.37529,"WGS84",3036,"","harmona4","","GeoLocate","","",NA,NA,NA,NA,NA,"",NA,NA,"harmona4","2020-05-08 08:53:22",NA,70,"urn:uuid:519410b5-3994-4363-8577-c205ef6d2ff7","https://www.mycoportal.org/portal/collections/individual/index.php?occid=4703224"
"6",4790207,"CINC",NA,NA,"PreservedSpecimen","b56f8590-176b-48e3-a985-d6bff3d88bb4","CINC-F-0002239","","Fungi|Basidiomycota|Pucciniomycotina|Pucciniomycetes|Pucciniales|Pucciniaceae|Puccinia","Fungi","Basidiomycota","Pucciniomycetes","Pucciniales","Pucciniaceae","Puccinia petalostemonis",399707,"Farl.","Puccinia",NA,"petalostemonis","","","Species","","",NA,NA,NA,"","","Kellerman, W.A.","","s.n.","1886-07-05","1886","7","5",186,NA,"July 5, 1886","From the herbarium of Curtis Gates Lloyd; Kansas Fungi [Kellerman & Swingle], 1-50, plus extras, W.A. Kellerman and W.T. Swingle, exs #: 824","","on P. violacea","",NA,"",NA,NA,NA,"",NA,NA,NA,"",NA,NA,NA,"United States","Kansas","Riley","Manhattan","Manhattan",NA,NA,NA,39.183608,-96.571669,"WGS84",6104,"","harmona4","","GeoLocate","","",NA,NA,NA,NA,NA,"",NA,NA,"harmona4","2020-05-08 08:53:22",NA,70,"urn:uuid:b56f8590-176b-48e3-a985-d6bff3d88bb4","https://www.mycoportal.org/portal/collections/individual/index.php?occid=4790207"
"7",4790209,"CINC",NA,NA,"PreservedSpecimen","89a564e5-b995-4a7d-ae1a-62df56f9ea25","CINC-F-0002240","","Fungi|Basidiomycota|Pucciniomycotina|Pucciniomycetes|Pucciniales|Pucciniaceae|Puccinia","Fungi","Basidiomycota","Pucciniomycetes","Pucciniales","Pucciniaceae","Puccinia petalostemonis",399707,"Farl.","Puccinia",NA,"petalostemonis","","","Species","","",NA,NA,NA,"","","Kellerman, W.A.","","s.n.","1886-07-22","1886","7","22",203,NA,"July 22, 1886","From the herbarium of Curtis Gates Lloyd; Kansas Fungi [Kellerman & Swingle], 1-50, plus extras, W.A. Kellerman and W.T. Swingle, exs #: 862","","on P. multiflorus","",NA,"",NA,NA,NA,"",NA,NA,NA,"",NA,NA,NA,"United States","Kansas","Riley","Manhattan","Manhattan",NA,NA,NA,39.183608,-96.571669,"",6104,"","harmona4 (2019-12-20 10:45:40)","","georef batch tool 2019-12-20; GeoLocate","reviewed - high confidence","",NA,NA,NA,NA,NA,"",NA,NA,"harmona4","2020-05-08 08:53:22",NA,70,"urn:uuid:89a564e5-b995-4a7d-ae1a-62df56f9ea25","https://www.mycoportal.org/portal/collections/individual/index.php?occid=4790209"
"8",4798125,"CINC",NA,NA,"PreservedSpecimen","68ea13ab-8fde-4c51-ae8c-afddf67e1faa","CINC-F-0002408","","Fungi|Basidiomycota|Pucciniomycotina|Pucciniomycetes|Pucciniales|Pucciniaceae|Puccinia","Fungi","Basidiomycota","Pucciniomycetes","Pucciniales","Pucciniaceae","Puccinia bartholomaei",397433,"Dietel","Puccinia",NA,"bartholomaei","","","Species","","",NA,NA,NA,"","","Pringle, C.G.","","s.n.","1886-08-30","1886","8","30",242,NA,"August 30, 1886","Reliquiae Farlowianae, 1 - 1000, R. Thaxter ; D. Linder, exs #: 749","","on Philibertella hartwegii","",NA,"",NA,NA,NA,"",NA,NA,NA,"",NA,NA,NA,"Mexico","Chihuahua","","","Chihuahua",NA,NA,NA,28.633333,-106.083333,"WGS84",16795,"","harmona4","","GeoLocate","","",NA,NA,NA,NA,NA,"",NA,NA,"harmona4","2020-05-08 08:53:22",NA,70,"urn:uuid:68ea13ab-8fde-4c51-ae8c-afddf67e1faa","https://www.mycoportal.org/portal/collections/individual/index.php?occid=4798125"
"9",4800476,"CINC",NA,NA,"PreservedSpecimen","6fa40f26-2ec8-4782-b9b7-748b528e5e14","CINC-F-0002521","","Fungi|Basidiomycota|Pucciniomycotina|Pucciniomycetes|Pucciniales|Pucciniaceae|Puccinia","Fungi","Basidiomycota","Pucciniomycetes","Pucciniales","Pucciniaceae","Puccinia compositarum",397884,"Schltdl.","Puccinia",NA,"compositarum","","","Species","","",NA,NA,NA,"","","Kellerman, W.A.","","s.n.","1886-10-00","1886","10","00",NA,NA,"October, 1886","From the herbarium of Curtis Gates Lloyd; Kansas Fungi [Kellerman & Swingle], 1-50, plus extras, W.A. Kellerman and W.T. Swingle, exs #: 420","","on Vernonia baldwinii","",NA,"",NA,NA,NA,"",NA,NA,NA,"",NA,NA,NA,"United States","Kansas","Riley","Manhattan","Manhattan",NA,NA,NA,39.183608,-96.571669,"WGS84",6104,"","harmona4","","GeoLocate","","",NA,NA,NA,NA,NA,"",NA,NA,"harmona4","2020-05-08 08:53:22",NA,70,"urn:uuid:6fa40f26-2ec8-4782-b9b7-748b528e5e14","https://www.mycoportal.org/portal/collections/individual/index.php?occid=4800476"
"10",4992569,"CINC",NA,NA,"PreservedSpecimen","d1e1b933-47ec-4271-a1ee-d16db1e31052","CINC-F-0003791","","Fungi|Basidiomycota|Pucciniomycotina|Pucciniomycetes|Pucciniales|Pucciniaceae|Uromyces","Fungi","Basidiomycota","Pucciniomycetes","Pucciniales","Pucciniaceae","Uromyces hedysari-paniculati",313854,"(Schwein.) Farl.","Uromyces",NA,"hedysari-paniculati","","","Species","","",NA,NA,NA,"","","Kellerman, W.A.","","s.n.","1886-08-00","1886","8","00",NA,NA,"August, 1886","From the herbarium of Curtis Gates Lloyd; Kansas Fungi [Kellerman & Swingle], 1-50, plus extras, W.A. Kellerman and W.T. Swingle, exs #: 878","","on Desmodium sp.","",NA,"",NA,NA,NA,"",NA,NA,NA,"",NA,NA,NA,"United States","Kansas","Riley","Manhattan","Manhattan",NA,NA,NA,39.183608,-96.571669,"WGS84",6104,"","harmona4","","GeoLocate","","",NA,NA,NA,NA,NA,"",NA,NA,"harmona4","2020-05-08 08:53:22",NA,70,"urn:uuid:d1e1b933-47ec-4271-a1ee-d16db1e31052","https://www.mycoportal.org/portal/collections/individual/index.php?occid=4992569"
"11",9576758,"CINC",NA,NA,"PreservedSpecimen","84fdec85-934c-497e-9d3e-b9b543916f4d","CINC-F-0004388","","Fungi|Ascomycota|Pezizomycotina|Dothideomycetes|Dothideomycetidae|Capnodiales|Mycosphaerellaceae|Cercospora","Fungi","Ascomycota","Dothideomycetes","Capnodiales","Mycosphaerellaceae","Cercospora sordida",133459,"Sacc.","Cercospora",NA,"sordida","","","Species","","",NA,NA,NA,"","","Earle, F.S.","","s.n.","1886-10-00","1886","10","00",NA,NA,"October, 1886","","","","",NA,"",NA,NA,NA,"",NA,NA,NA,"",NA,NA,NA,"United States","Illinois","Union","Cobden","Cobden",NA,NA,NA,37.531439,-89.253418,"WGS84",1856,"","rhbaldree (2016-07-19 11:48:45)","","georef batch tool 2016-07-19; GeoLocate","reviewed - high confidence","",NA,NA,NA,NA,NA,"",NA,NA,"harmona4","2020-04-25 10:05:56",NA,70,"urn:uuid:84fdec85-934c-497e-9d3e-b9b543916f4d","https://www.mycoportal.org/portal/collections/individual/index.php?occid=9576758"
