"","id","institutionCode","collectionCode","ownerInstitutionCode","basisOfRecord","occurrenceID","catalogNumber","otherCatalogNumbers","higherClassification","kingdom","phylum","class","order","family","scientificName","taxonID","scientificNameAuthorship","genus","subgenus","specificEpithet","verbatimTaxonRank","infraspecificEpithet","taxonRank","identifiedBy","dateIdentified","identificationReferences","identificationRemarks","taxonRemarks","identificationQualifier","typeStatus","recordedBy","associatedCollectors","recordNumber","eventDate","year","month","day","startDayOfYear","endDayOfYear","verbatimEventDate","occurrenceRemarks","habitat","substrate","verbatimAttributes","fieldNumber","informationWithheld","dataGeneralizations","dynamicProperties","associatedOccurrences","associatedTaxa","reproductiveCondition","establishmentMeans","cultivationStatus","lifeStage","sex","individualCount","preparations","country","stateProvince","county","municipality","locality","locationRemarks","localitySecurity","localitySecurityReason","decimalLatitude","decimalLongitude","geodeticDatum","coordinateUncertaintyInMeters","verbatimCoordinates","georeferencedBy","georeferenceProtocol","georeferenceSources","georeferenceVerificationStatus","georeferenceRemarks","minimumElevationInMeters","maximumElevationInMeters","minimumDepthInMeters","maximumDepthInMeters","verbatimDepth","verbatimElevation","disposition","language","recordEnteredBy","modified","sourcePrimaryKey.dbpk","collId","recordId","references"
"1",4790268,"CINC",NA,NA,"PreservedSpecimen","5c7c714d-b271-4ea3-b222-fcbed5ade2ff","CINC-F-0002260","","Fungi|Basidiomycota|Pucciniomycotina|Pucciniomycetes|Pucciniales|Pucciniaceae|Puccinia","Fungi","Basidiomycota","Pucciniomycetes","Pucciniales","Pucciniaceae","Puccinia plumbaria",399803,"Peck","Puccinia",NA,"plumbaria","","","Species","","",NA,NA,NA,"","","Brenckle, J.F.","","s.n.","1918-04-28","1918","4","28",118,NA,"April 28, 1918","Mycological Exchange of 1921, 1-947, F.W. Patterson, W.W. Diehl, and E.K. Cash, exs #: 555","","on Phlox longifolia","",NA,"",NA,NA,NA,"",NA,NA,NA,"",NA,NA,NA,"United States","Utah","Salt Lake","Fort Douglas","Fort Douglas",NA,NA,NA,40.763557,-111.831879,"WGS84",301,"","harmona4","","GeoLocate","","",NA,NA,NA,NA,NA,"",NA,NA,"harmona4","2020-05-08 08:53:22",NA,70,"urn:uuid:5c7c714d-b271-4ea3-b222-fcbed5ade2ff","https://www.mycoportal.org/portal/collections/individual/index.php?occid=4790268"
"2",4798005,"CINC",NA,NA,"PreservedSpecimen","0d9f6de9-31a6-4e03-ab2d-fa4eb882afb1","CINC-F-0002372","","Fungi|Basidiomycota|Pucciniomycotina|Pucciniomycetes|Pucciniales|Pucciniaceae|Puccinia","Fungi","Basidiomycota","Pucciniomycetes","Pucciniales","Pucciniaceae","Puccinia arechavaletae",397263,"Speg.","Puccinia",NA,"arechavaletae","","","Species","","",NA,NA,NA,"","","Rose, J.N.","Rose, G.","22173","1918-08-18","1918","8","18",230,NA,"August 18, 1918","","","on Cardiospermum lispidulum","",NA,"",NA,NA,NA,"",NA,NA,NA,"",NA,NA,NA,"Ecuador","Chimborazo","Alaus�","Huigra","Huigra",NA,NA,NA,-2.289024,-78.983293,"WGS84",3036,"","harmona4","","GeoLocate","","",NA,NA,NA,NA,NA,"",NA,NA,"harmona4","2020-05-08 08:53:22",NA,70,"urn:uuid:0d9f6de9-31a6-4e03-ab2d-fa4eb882afb1","https://www.mycoportal.org/portal/collections/individual/index.php?occid=4798005"
"3",4916285,"CINC",NA,NA,"PreservedSpecimen","de0ba6c6-a7a9-4323-a135-47fccf29410b","CINC-F-0003218","","Fungi|Basidiomycota|Agaricomycotina|Agaricomycetes|Russulales|Stereaceae|Stereum","Fungi","Basidiomycota","Agaricomycetes","Russulales","Stereaceae","Stereum roseocarneum",435043,"(Schwein.) Fr.","Stereum",NA,"roseocarneum","","","Species","","",NA,NA,NA,"","","Yasuda, A.","","206979","1918-11-10","1918","11","10",314,NA,"November 10, 1918","","","on Fraxinus sieboldiana","",NA,"",NA,NA,NA,"",NA,NA,NA,"",NA,NA,NA,"Japan","","Miyagi","Sendai","Sendai; 38.25 140.866667",NA,NA,NA,38.266667,140.866667,"WGS84",3036,"","GeoLocate (High Precision)","","GeoLocate","","",NA,NA,NA,NA,NA,"",NA,NA,"harmona4","2020-05-08 08:53:22",NA,70,"urn:uuid:de0ba6c6-a7a9-4323-a135-47fccf29410b","https://www.mycoportal.org/portal/collections/individual/index.php?occid=4916285"
"4",4924035,"CINC",NA,NA,"PreservedSpecimen","cddb4439-57d0-4a42-9e6e-41b6bbac5903","CINC-F-0003491","","Fungi|Basidiomycota|Pucciniomycotina|Pucciniomycetes|Pucciniales|Melampsoraceae|Melampsora","Fungi","Basidiomycota","Pucciniomycetes","Pucciniales","Melampsoraceae","Melampsora albertensis",284508,"Arthur","Melampsora",NA,"albertensis","","","Species","","",NA,NA,NA,"","","Bethel, E.","","70840","1918-10-04","1918","10","4",277,NA,"October 4, 1918","","","On Populus sp.","",NA,"",NA,NA,NA,"",NA,NA,NA,"",NA,NA,NA,"United States","Colorado","Jefferson","","Genessee Mt., near Golden",NA,NA,NA,39.702999,-105.293541,"",1534,"","jwillis (2017-07-12 13:24:35)","","georef batch tool 2017-07-12; GeoLocate","reviewed - high confidence","",NA,NA,NA,NA,NA,"",NA,NA,"harmona4","2020-04-25 09:56:39",NA,70,"urn:uuid:cddb4439-57d0-4a42-9e6e-41b6bbac5903","https://www.mycoportal.org/portal/collections/individual/index.php?occid=4924035"
"5",5132993,"CINC",NA,NA,"PreservedSpecimen","f7063482-a2ef-4a3e-93cf-c3eb8e58d08f","CINC-F-0005606","","Fungi|Basidiomycota|Agaricomycotina|Agaricomycetes|Agaricomycetidae|Polyporales|Polyporaceae|Cryptoporus","Fungi","Basidiomycota","Agaricomycetes","Polyporales","Polyporaceae","Cryptoporus volvatus",159386,"(Peck) Shear","Cryptoporus",NA,"volvatus","","","Species","","",NA,NA,NA,"","","Povah, A.H.","","s.n.","1918-05-19","1918","5","19",139,NA,"May 19, 1918","","","","",NA,"",NA,NA,NA,"",NA,NA,NA,"",NA,NA,NA,"United States","Montana","Missoula","Missoula","Missoula",NA,NA,NA,46.872702,-113.986498,"WGS84",10221,"","","","GeoLocate","","",NA,NA,NA,NA,NA,"",NA,NA,"harmona4","2020-05-08 08:53:22",NA,70,"urn:uuid:f7063482-a2ef-4a3e-93cf-c3eb8e58d08f","https://www.mycoportal.org/portal/collections/individual/index.php?occid=5132993"
"6",5157060,"CINC",NA,NA,"PreservedSpecimen","ae743139-8ffd-4c3d-b864-94481273db16","CINC-F-0006233","","Fungi|Basidiomycota|Agaricomycotina|Agaricomycetes|Agaricomycetidae|Polyporales|Polyporaceae|Trametes","Fungi","Basidiomycota","Agaricomycetes","Polyporales","Polyporaceae","Trametes hirsuta",189937,"(Wulfen) Lloyd","Trametes",NA,"hirsuta","","","Species","","",NA,NA,NA,"","","Braun, E. Lucy","","s.n.","1918-12-00","1918","12","00",NA,NA,"December, 1918","","","on walnut log","""The bristly Polystictus""",NA,"",NA,NA,NA,"",NA,NA,NA,"",NA,NA,NA,"United States","Ohio","Hamilton","Cincinnati","Anderson Ferry",NA,NA,NA,39.078115,-84.621889,"WGS84",575,"","harmona4","","GeoLocate","reviewed - high confidence","",NA,NA,NA,NA,NA,"",NA,NA,"harmona4","2020-05-08 08:53:22",NA,70,"urn:uuid:ae743139-8ffd-4c3d-b864-94481273db16","https://www.mycoportal.org/portal/collections/individual/index.php?occid=5157060"
