"","id","institutionCode","collectionCode","ownerInstitutionCode","basisOfRecord","occurrenceID","catalogNumber","otherCatalogNumbers","higherClassification","kingdom","phylum","class","order","family","scientificName","taxonID","scientificNameAuthorship","genus","subgenus","specificEpithet","verbatimTaxonRank","infraspecificEpithet","taxonRank","identifiedBy","dateIdentified","identificationReferences","identificationRemarks","taxonRemarks","identificationQualifier","typeStatus","recordedBy","associatedCollectors","recordNumber","eventDate","year","month","day","startDayOfYear","endDayOfYear","verbatimEventDate","occurrenceRemarks","habitat","substrate","verbatimAttributes","fieldNumber","informationWithheld","dataGeneralizations","dynamicProperties","associatedOccurrences","associatedTaxa","reproductiveCondition","establishmentMeans","cultivationStatus","lifeStage","sex","individualCount","preparations","country","stateProvince","county","municipality","locality","locationRemarks","localitySecurity","localitySecurityReason","decimalLatitude","decimalLongitude","geodeticDatum","coordinateUncertaintyInMeters","verbatimCoordinates","georeferencedBy","georeferenceProtocol","georeferenceSources","georeferenceVerificationStatus","georeferenceRemarks","minimumElevationInMeters","maximumElevationInMeters","minimumDepthInMeters","maximumDepthInMeters","verbatimDepth","verbatimElevation","disposition","language","recordEnteredBy","modified","sourcePrimaryKey.dbpk","collId","recordId","references"
"1",4783690,"CINC",NA,NA,"PreservedSpecimen","44d8e233-8e84-4c39-bb03-2759402f6f84","CINC-F-0002018","WSC-PP 28697","Fungi|Basidiomycota|Pucciniomycotina|Pucciniomycetes|Pucciniales|Pucciniaceae|Puccinia","Fungi","Basidiomycota","Pucciniomycetes","Pucciniales","Pucciniaceae","Puccinia epilobii-tetragoni",398252,"G. Winter","Puccinia",NA,"epilobii-tetragoni","","","Species","","",NA,NA,NA,"","","Dana, B.F.","","s.n.","1916-08-24","1916","8","24",237,NA,"August 24, 1916","Mycobiota of North America, 1-450, W.B. Cooke, exs #: 441","","on Epilobium paniculatum (syn. Epilobium brachycarpum)","""Puccinia vagans var. epilobii-tetragoni (DC.) Arth.""",NA,"",NA,NA,NA,"",NA,NA,NA,"",NA,NA,NA,"United States","Washington","Franklin","Connell","Connell",NA,NA,NA,46.663473,-118.861112,"WGS84",2525,"","harmona4","","GeoLocate","","",NA,NA,NA,NA,NA,"",NA,NA,"harmona4","2020-05-08 08:53:22",NA,70,"urn:uuid:44d8e233-8e84-4c39-bb03-2759402f6f84","https://www.mycoportal.org/portal/collections/individual/index.php?occid=4783690"
"2",4800448,"CINC",NA,NA,"PreservedSpecimen","1ec621d9-ab64-4e8e-abe3-226b186c0575","CINC-F-0002517","","Fungi|Basidiomycota|Pucciniomycotina|Pucciniomycetes|Pucciniales|Pucciniaceae|Puccinia","Fungi","Basidiomycota","Pucciniomycetes","Pucciniales","Pucciniaceae","Puccinia comandrae",397879,"Peck","Puccinia",NA,"comandrae","","","Species","","",NA,NA,NA,"","","Bethel, E.","","75266","1916-07-29","1916","7","29",211,NA,"July 29, 1916","","","on Comandra sp.","",NA,"",NA,NA,NA,"",NA,NA,NA,"",NA,NA,NA,"United States","Colorado","Denver","Clear Creek","Clear Creek",NA,NA,NA,39.790886,-105.061838,"WGS84",210,"","harmona4","","GeoLocate","","",NA,NA,NA,NA,NA,"",NA,NA,"harmona4","2020-05-08 08:53:22",NA,70,"urn:uuid:1ec621d9-ab64-4e8e-abe3-226b186c0575","https://www.mycoportal.org/portal/collections/individual/index.php?occid=4800448"
"3",5132019,"CINC",NA,NA,"PreservedSpecimen","dba71383-47f8-4823-b8c1-e6ef3cabd7f3","CINC-F-0005490","","Fungi|Basidiomycota|Agaricomycotina|Agaricomycetes|Hymenochaetales|Hymenochaetaceae|Inonotus","Fungi","Basidiomycota","Agaricomycetes","Hymenochaetales","Hymenochaetaceae","Inonotus glomeratus",252173,"(Peck) Murrill","Inonotus",NA,"glomeratus","","","Species","","",NA,NA,NA,"","","Povah, A. H.","","187","1916-08-00","1916","8","00",NA,NA,"August, 1916","","","on rotten maple","",NA,"",NA,NA,NA,"",NA,NA,NA,"",NA,NA,NA,"United States","New York","Hamilton","Long Lake","Long Lake",NA,NA,NA,43.31404,-74.71794,"",NA,"","","","","","",NA,NA,NA,NA,NA,"",NA,NA,"harmona4","2020-04-25 09:00:49",NA,70,"urn:uuid:dba71383-47f8-4823-b8c1-e6ef3cabd7f3","https://www.mycoportal.org/portal/collections/individual/index.php?occid=5132019"
"4",6822557,"CINC",NA,NA,"PreservedSpecimen","f819874e-b62d-4608-a96c-cc5c1ab06729","CINC-F-0007475","","Fungi|Basidiomycota|Agaricomycotina|Agaricomycetes|Agaricomycetidae|Agaricales|Strophariaceae|Hypholoma","Fungi","Basidiomycota","Agaricomycetes","Agaricales","Strophariaceae","Hypholoma fasciculare",184363,"(Huds.) P. Kumm.","Hypholoma",NA,"fasciculare","","","Species","","",NA,NA,NA," ","","Setchell, W.A.","","s.n.","1916-11-00","1916","11","00",NA,NA,"November, 1916","California Fungi. Berkeley, CA [Anonymous, Calif. Fungi], 1- ? 1425, Herbarium of the University of California., exs #: 464","","","",NA,"",NA,NA,NA,"",NA,NA,NA,"",NA,NA,NA,"United States","California","Alameda","Berkeley","University of California campus, Berkeley",NA,0,NA,37.871593,-122.272747,"WGS84",5007,"","titurri (2016-06-14 15:34:45)","","georef batch tool 2016-06-14; GeoLocate","reviewed - high confidence","",NA,NA,NA,NA,NA,"",NA,NA,"harmona4","2020-04-25 10:48:04",NA,70,"urn:uuid:f819874e-b62d-4608-a96c-cc5c1ab06729","https://www.mycoportal.org/portal/collections/individual/index.php?occid=6822557"
"5",6822591,"CINC",NA,NA,"PreservedSpecimen","84a1b5fd-0a38-4efe-a601-c43359722a8a","CINC-F-0007318","","Fungi|Basidiomycota|Agaricomycotina|Agaricomycetes|Agaricomycetidae|Agaricales|Cortinariaceae|Cortinarius","Fungi","Basidiomycota","Agaricomycetes","Agaricales","Cortinariaceae","Cortinarius armillatus",153798,"(Fr.) Fr.","Cortinarius",NA,"armillatus","","","Species","","",NA,NA,NA,"","","Povah, A. H.","","s.n.","1916-00-00","1916","00","00",NA,NA,"Summer 1916","","","","",NA,"",NA,NA,NA,"",NA,NA,NA,"",NA,NA,NA,"United States","New York","Hamilton","Long Lake","Long Lake",NA,0,NA,43.779366,-75.268028,"",348,"","GeoLocate (High Precision)","","","","",NA,NA,NA,NA,NA,"",NA,NA,"harmona4","2020-04-25 09:00:49",NA,70,"urn:uuid:84a1b5fd-0a38-4efe-a601-c43359722a8a","https://www.mycoportal.org/portal/collections/individual/index.php?occid=6822591"
