"","id","institutionCode","collectionCode","ownerInstitutionCode","basisOfRecord","occurrenceID","catalogNumber","otherCatalogNumbers","higherClassification","kingdom","phylum","class","order","family","scientificName","taxonID","scientificNameAuthorship","genus","subgenus","specificEpithet","verbatimTaxonRank","infraspecificEpithet","taxonRank","identifiedBy","dateIdentified","identificationReferences","identificationRemarks","taxonRemarks","identificationQualifier","typeStatus","recordedBy","associatedCollectors","recordNumber","eventDate","year","month","day","startDayOfYear","endDayOfYear","verbatimEventDate","occurrenceRemarks","habitat","substrate","verbatimAttributes","fieldNumber","informationWithheld","dataGeneralizations","dynamicProperties","associatedOccurrences","associatedTaxa","reproductiveCondition","establishmentMeans","cultivationStatus","lifeStage","sex","individualCount","preparations","country","stateProvince","county","municipality","locality","locationRemarks","localitySecurity","localitySecurityReason","decimalLatitude","decimalLongitude","geodeticDatum","coordinateUncertaintyInMeters","verbatimCoordinates","georeferencedBy","georeferenceProtocol","georeferenceSources","georeferenceVerificationStatus","georeferenceRemarks","minimumElevationInMeters","maximumElevationInMeters","minimumDepthInMeters","maximumDepthInMeters","verbatimDepth","verbatimElevation","disposition","language","recordEnteredBy","modified","sourcePrimaryKey.dbpk","collId","recordId","references"
"1",4413269,"CINC",NA,NA,"PreservedSpecimen","a515a9d6-bb88-43c1-b3af-c2f58fd1a297","CINC-F-0001592","","Fungi|Ascomycota|Pezizomycotina|Leotiomycetes|Leotiomycetidae|Leotiales|Leotiaceae|Leotia","Fungi","Ascomycota","Leotiomycetes","Leotiales","Leotiaceae","Leotia lubrica",269222,"(Scop.) Pers.","Leotia",NA,"lubrica","","","Species","","",NA,NA,NA,"","","s.n.","","s.n.","1920-09-07","1920","9","7",251,NA,"September 7, 1920","","mesophytic woods","","",NA,"",NA,NA,NA,"",NA,NA,NA,"",NA,NA,NA,"United States","Ohio","Hamilton","Cincinnati","Hazelwood",NA,NA,NA,39.266169,-84.362996,"WGS84",3036,"","harmona4 (2018-06-28 10:36:22)","","GeoLocate","reviewed - high confidence","",NA,NA,NA,NA,NA,"",NA,NA,"harmona4","2020-05-08 08:53:22",NA,70,"urn:uuid:a515a9d6-bb88-43c1-b3af-c2f58fd1a297","https://www.mycoportal.org/portal/collections/individual/index.php?occid=4413269"
"2",4413295,"CINC",NA,NA,"PreservedSpecimen","05c2bebf-218a-490e-a67a-224b20514756","CINC-F-0001604","","Fungi|Ascomycota|Pezizomycotina|Pezizomycetes|Pezizomycetidae|Pezizales|Helvellaceae|Helvella","Fungi","Ascomycota","Pezizomycetes","Pezizales","Helvellaceae","Helvella elastica",238033,"Bull.","Helvella",NA,"elastica","","","Species","","",NA,NA,NA,"","","Braun, E. Lucy","","s.n.","1920-06-24","1920","6","24",176,NA,"June 24, 1920","","","among leaves","",NA,"",NA,NA,NA,"",NA,NA,NA,"",NA,NA,NA,"United States","Ohio","Hamilton","Newtown","Newtown",NA,NA,NA,39.124505,-84.361606,"WGS84",2402,"","harmona4","","GeoLocate","","",NA,NA,NA,NA,NA,"",NA,NA,"harmona4","2020-05-08 08:53:22",NA,70,"urn:uuid:05c2bebf-218a-490e-a67a-224b20514756","https://www.mycoportal.org/portal/collections/individual/index.php?occid=4413295"
"3",4440965,"CINC",NA,NA,"PreservedSpecimen","2bb3fe51-e333-4645-a801-02d43770a92f","CINC-F-0001736","","Fungi|Basidiomycota|Pucciniomycotina|Pucciniomycetes|Pucciniales|Cronartiaceae|Cronartium","Fungi","Basidiomycota","Pucciniomycetes","Pucciniales","Cronartiaceae","Cronartium ribicola",158579,"A. Dietr.","Cronartium",NA,"ribicola","","","Species","","",NA,NA,NA,"","","Povah, A.H.","","s.n.","1920-08-00","1920","8","00",NA,NA,"August, 1920","","","on Pinus strobus","",NA,"",NA,NA,NA,"",NA,NA,NA,"",NA,NA,NA,"United States","New York","Essex","Lewis","Lewis",NA,NA,NA,44.275049,-73.565689,"WGS84",3036,"","harmona4","","GeoLocate","","",NA,NA,NA,NA,NA,"",NA,NA,"harmona4","2020-05-08 08:53:22",NA,70,"urn:uuid:2bb3fe51-e333-4645-a801-02d43770a92f","https://www.mycoportal.org/portal/collections/individual/index.php?occid=4440965"
"4",4783778,"CINC",NA,NA,"PreservedSpecimen","d48c18ea-479d-4d64-a59a-4955dc3ccd23","CINC-F-0002044","","Fungi|Basidiomycota|Pucciniomycotina|Pucciniomycetes|Pucciniales|Pucciniaceae|Puccinia","Fungi","Basidiomycota","Pucciniomycetes","Pucciniales","Pucciniaceae","Puccinia wattiana",188423,"Barclay","Puccinia",NA,"wattiana","","","Species","","",NA,NA,NA,"","","Stewart, R.R.","","5986","1920-09-06","1920","9","6",250,NA,"September 6, 1920","","","on Clematis grata","",NA,"",NA,NA,NA,"",NA,NA,NA,"",NA,NA,NA,"India","Kashmir","","Lidar Valley","Lidar Valley",NA,NA,NA,33.766667,75.133333,"",301,"","liu1643 (2016-09-02 09:59:55)","","georef batch tool 2016-09-02; GeoLocate","reviewed - high confidence","",1829,NA,NA,NA,NA,"6000ft.",NA,NA,"harmona4","2020-05-08 09:15:32",NA,70,"urn:uuid:d48c18ea-479d-4d64-a59a-4955dc3ccd23","https://www.mycoportal.org/portal/collections/individual/index.php?occid=4783778"
"5",4924029,"CINC",NA,NA,"PreservedSpecimen","ee9d300e-39c4-47f2-be4d-8e61dea447cf","CINC-F-0003490","","Fungi|Basidiomycota|Pucciniomycotina|Pucciniomycetes|Pucciniales|Pucciniastraceae|Melampsorella","Fungi","Basidiomycota","Pucciniomycetes","Pucciniales","Pucciniastraceae","Melampsorella elatina",284703,"Arthur","Melampsorella",NA,"elatina","","","Species","","",NA,NA,NA,"","","Weir, J.R.","","s.n.","1920-08-00","1920","8","00",NA,NA,"August, 1920","Mycological Exchange of 1921, 1-947, F.W. Patterson, W.W. Diehl, and E.K. Cash, exs #: 4191","","on Abies grandis","",NA,"",NA,NA,NA,"",NA,NA,NA,"",NA,NA,NA,"United States","Washington","Pend Oreille","","Pend Oreille County, Washington",NA,NA,NA,48.532318,-117.273998,"WGS84",66268,"","harmona4","","GeoLocate","","",NA,NA,NA,NA,NA,"",NA,NA,"harmona4","2020-05-08 08:53:22",NA,70,"urn:uuid:ee9d300e-39c4-47f2-be4d-8e61dea447cf","https://www.mycoportal.org/portal/collections/individual/index.php?occid=4924029"
"6",4994417,"CINC",NA,NA,"PreservedSpecimen","6dfe8f66-8fe5-43ab-8ca3-d6e801ff05a2","CINC-F-0003953","","Fungi|Basidiomycota|Pucciniomycotina|Pucciniomycetes|Pucciniales|Phragmidiaceae|Kuehneola","Fungi","Basidiomycota","Pucciniomycetes","Pucciniales","Phakopsoraceae","Kuehneola fici",255239,"E.J. Butler","Kuehneola",NA,"fici","","","Species","","",NA,NA,NA,"","","Ponce, B.","","60448","1920-03-00","1920","3","00",NA,NA,"March, 1930","","","on Morus alba","",NA,"",NA,NA,NA,"",NA,NA,NA,"",NA,NA,NA,"Philippines","Laguna","","Los Banos","Los Banos",NA,NA,NA,14.178837,121.241856,"WGS84",3036,"","","","GeoLocate","","",NA,NA,NA,NA,NA,"",NA,NA,"harmona4","2020-05-08 08:53:22",NA,70,"urn:uuid:6dfe8f66-8fe5-43ab-8ca3-d6e801ff05a2","https://www.mycoportal.org/portal/collections/individual/index.php?occid=4994417"
"7",5042095,"CINC",NA,NA,"PreservedSpecimen","bc886e57-d828-4ecc-8d09-3cd3d8233dfc","CINC-F-0004158","67220","Fungi|Basidiomycota|Agaricomycotina|Agaricomycetes|Agaricomycetidae|Polyporales|Corticiales|Phanerochaetaceae|Corticiaceae|Corticium","Fungi","Basidiomycota","Agaricomycetes","Corticiales","Pterulaceae","Corticium confluens",152932,"(Fr.) Fr.","Corticium",NA,"confluens","","","Species","","",NA,NA,NA,"","","Weir, J.R.","","s.n.","1920-10-17","1920","10","17",291,NA,"October 17, 1920","","","On Larix occidentalis","",NA,"",NA,NA,NA,"",NA,NA,NA,"",NA,NA,NA,"United States","Idaho","Bonner","Priest River","Priest River",NA,NA,NA,48.333038,-116.848316,"",10000,"","Mark Elliott (2014-06-18 07:05:08)","","georef batch tool 2014-06-18; GeoLocate","reviewed - high confidence","",NA,NA,NA,NA,NA,"",NA,NA,"harmona4","2020-04-25 10:24:51",NA,70,"urn:uuid:bc886e57-d828-4ecc-8d09-3cd3d8233dfc","https://www.mycoportal.org/portal/collections/individual/index.php?occid=5042095"
"8",5067084,"CINC",NA,NA,"PreservedSpecimen","a51172ab-b630-4721-a186-040050c8fc68","CINC-F-0004234","","Fungi|Basidiomycota|Agaricomycotina|Agaricomycetes|Agaricomycetidae|Polyporales|Fomitopsidaceae|Daedalea","Fungi","Basidiomycota","Agaricomycetes","Polyporales","Polyporaceae","Daedalea unicolor",164552,"(Bull.) Fr.","Daedalea",NA,"unicolor","","","Species","","",NA,NA,NA,"","","Haynes, R.E.","","s.n.","1920-12-00","1920","12","00",NA,NA,"December, 1920","","","on rotten log","",NA,"",NA,NA,NA,"",NA,NA,NA,"",NA,NA,NA,"United States","New York","Onondaga","Syracuse","Syracuse",NA,NA,NA,43.048122,-76.147424,"",6911,"","harmona4 (2019-12-20 09:44:51)","","georef batch tool 2019-12-20; GeoLocate","reviewed - high confidence","",NA,NA,NA,NA,NA,"",NA,NA,"harmona4","2020-05-08 08:53:22",NA,70,"urn:uuid:a51172ab-b630-4721-a186-040050c8fc68","https://www.mycoportal.org/portal/collections/individual/index.php?occid=5067084"
"9",5073924,"CINC",NA,NA,"PreservedSpecimen","32eea212-d587-4785-8c43-d617bf32e03e","CINC-F-0004410","","Fungi|Basidiomycota|Agaricomycotina|Agaricomycetes|Agaricomycetidae|Agaricales|Clavariaceae|Clavaria","Fungi","Basidiomycota","Agaricomycetes","Agaricales","Clavariaceae","Clavaria stricta",490076,"Schumach.","Clavaria",NA,"stricta","","","Species","","",NA,NA,NA,"","","Braun, E. Lucy","","1","1920-06-26","1920","6","26",178,NA,"June 26, 1920","","","","",NA,"",NA,NA,NA,"",NA,NA,NA,"",NA,NA,NA,"United States","Ohio","Hamilton","Cincinnati","Kroger Hills",NA,NA,NA,39.15008,-84.322425,"WGS84",575,"","harmona4","","GeoLocate","","",NA,NA,NA,NA,NA,"",NA,NA,"harmona4","2020-05-08 08:53:22",NA,70,"urn:uuid:32eea212-d587-4785-8c43-d617bf32e03e","https://www.mycoportal.org/portal/collections/individual/index.php?occid=5073924"
"10",5073926,"CINC",NA,NA,"PreservedSpecimen","4e1a96bd-9ffc-4766-b39a-eaa8378669bc","CINC-F-0004411","","Fungi|Basidiomycota|Agaricomycotina|Agaricomycetes|Agaricomycetidae|Agaricales|Clavariaceae|Clavaria","Fungi","Basidiomycota","Agaricomycetes","Agaricales","Clavariaceae","Clavaria vermicularis",142778,"Batsch","Clavaria",NA,"vermicularis","","","Species","","",NA,NA,NA,"","","s.n.","","s.n.","1920-08-28","1920","8","28",241,NA,"August 28, 1920","","mesophytic woods","","",NA,"",NA,NA,NA,"",NA,NA,NA,"",NA,NA,NA,"United States","Kentucky","Boone","Split Rock","Split Rock",NA,NA,NA,37.210603,-87.819178,"WGS84",301,"","","","GeoLocate","","",NA,NA,NA,NA,NA,"",NA,NA,"harmona4","2020-05-08 08:53:22",NA,70,"urn:uuid:4e1a96bd-9ffc-4766-b39a-eaa8378669bc","https://www.mycoportal.org/portal/collections/individual/index.php?occid=5073926"
"11",5074279,"CINC",NA,NA,"PreservedSpecimen","ef513f0e-4b55-4289-9a5b-9f7fe41e9522","CINC-F-0004487","","Fungi|Basidiomycota|Agaricomycotina|Agaricomycetes|Agaricomycetidae|Polyporales|Ganodermataceae|Ganoderma","Fungi","Basidiomycota","Agaricomycetes","Polyporales","Ganodermataceae","Ganoderma applanatum",183587,"(Pers.) Pat.","Ganoderma",NA,"applanatum","","","Species","","",NA,NA,NA,"","","Welch, F.","","s.n.","1920-11-25","1920","11","25",330,NA,"November 25, 1920","","","on broad leafed trees","",NA,"",NA,NA,NA,"",NA,NA,NA,"",NA,NA,NA,"United States","New York","Oswego","Lacona","Lacona",NA,NA,NA,43.643402,-76.068534,"WGS84",1407,"","","","GeoLocate","","",NA,NA,NA,NA,NA,"",NA,NA,"harmona4","2020-05-08 08:53:22",NA,70,"urn:uuid:ef513f0e-4b55-4289-9a5b-9f7fe41e9522","https://www.mycoportal.org/portal/collections/individual/index.php?occid=5074279"
"12",5075557,"CINC",NA,NA,"PreservedSpecimen","be7d5de1-eedf-4b57-9d74-bf74fb5150b2","CINC-F-0004574","","Fungi|Basidiomycota|Agaricomycotina|Agaricomycetes|Agaricomycetidae|Polyporales|Fomitopsidaceae|Daedalea","Fungi","Basidiomycota","Agaricomycetes","Polyporales","Fomitopsidaceae","Daedalea confragosa",164350,"Berk.","Daedalea",NA,"confragosa","","","Species","","",NA,NA,NA,"","","Seeley, A.J.","","s.n.","1920-12-10","1920","12","10",345,NA,"December 10, 1920","","","","",NA,"",NA,NA,NA,"",NA,NA,NA,"",NA,NA,NA,"United States","New York","Onondaga","Syracuse","Syracuse",NA,NA,NA,43.048122,-76.147424,"",6911,"","harmona4 (2019-12-20 09:44:51)","","georef batch tool 2019-12-20; GeoLocate","reviewed - high confidence","",NA,NA,NA,NA,NA,"",NA,NA,"harmona4","2020-05-08 08:53:22",NA,70,"urn:uuid:be7d5de1-eedf-4b57-9d74-bf74fb5150b2","https://www.mycoportal.org/portal/collections/individual/index.php?occid=5075557"
"13",5109824,"CINC",NA,NA,"PreservedSpecimen","71129b66-4811-4ab2-ac11-84c85f1ac7f4","CINC-F-0004955","","Fungi|Basidiomycota|Agaricomycotina|Agaricomycetes|Agaricomycetidae|Polyporales|Polyporaceae|Fuscocerrena","Fungi","Basidiomycota","Agaricomycetes","Polyporales","Fomitopsidaceae","Fuscocerrena portoricensis",183517,"(Fr.) Ryvarden","Fuscocerrena",NA,"portoricensis","","","Species","","",NA,NA,NA,"","","Stephenson, H.","","s.n.","1920-02-12","1920","2","12",43,NA,"February 12, 1920","","","on tulip","",NA,"",NA,NA,NA,"",NA,NA,NA,"",NA,NA,NA,"United States","Ohio","Hamilton","Cincinnati","Hazelwood Preserve (Harris M. Benedict Nature Preserve/Johnson Preserve)",NA,NA,NA,39.26577,-84.357846,"WGS84",905,"","harmona4 (2018-06-28 10:36:22)","","GeoLocate","reviewed - high confidence","",NA,NA,NA,NA,NA,"",NA,NA,"reynolwd","2020-05-08 08:53:22",NA,70,"urn:uuid:71129b66-4811-4ab2-ac11-84c85f1ac7f4","https://www.mycoportal.org/portal/collections/individual/index.php?occid=5109824"
"14",5110401,"CINC",NA,NA,"PreservedSpecimen","6dff2362-ef0a-4b95-9bec-62525762cfd0","CINC-F-0005122","","Fungi|Basidiomycota|Agaricomycotina|Agaricomycetes|Agaricomycetidae|Polyporales|Cantharellales|Meruliaceae|Cantharellaceae|Merulius","Fungi","Basidiomycota","Agaricomycetes","Cantharellales","Meruliaceae","Merulius rubellus",289864,"Peck","Merulius",NA,"rubellus","","","Species","","",NA,NA,NA,"","","s.n.","","s.n.","1920-08-28","1920","8","28",241,NA,"August 28, 1920","","","on old wood","",NA,"",NA,NA,NA,"",NA,NA,NA,"",NA,NA,NA,"United States","Kentucky","Boone","Split Rock","Split Rock",NA,NA,NA,39.032348,-84.857547,"WGS84",625,"","","","GeoLocate","","",NA,NA,NA,NA,NA,"",NA,NA,"harmona4","2020-05-08 08:53:22",NA,70,"urn:uuid:6dff2362-ef0a-4b95-9bec-62525762cfd0","https://www.mycoportal.org/portal/collections/individual/index.php?occid=5110401"
"15",5124991,"CINC",NA,NA,"PreservedSpecimen","8cb7ec08-f240-4d1c-bea0-aaebcc364108","CINC-F-0005331","","Fungi|Basidiomycota|Agaricomycotina|Agaricomycetes|Agaricomycetidae|Polyporales|Polyporaceae|Trichaptum","Fungi","Basidiomycota","Agaricomycetes","Polyporales","Polyporaceae","Trichaptum biforme",190013,"(Fr.) Ryvarden","Trichaptum",NA,"biforme","","","Species","","",NA,NA,NA,"","","Loyster, W.H.","","s.n.","1920-11-00","1920","11","00",NA,NA,"November, 1920","","","","",NA,"",NA,NA,NA,"",NA,NA,NA,"",NA,NA,NA,"United States","New York","Onondaga","Syracuse","Syracuse",NA,NA,NA,43.048122,-76.147424,"",6911,"","harmona4 (2019-12-20 09:44:51)","","georef batch tool 2019-12-20; GeoLocate","reviewed - high confidence","",NA,NA,NA,NA,NA,"",NA,NA,"harmona4","2020-05-08 08:53:22",NA,70,"urn:uuid:8cb7ec08-f240-4d1c-bea0-aaebcc364108","https://www.mycoportal.org/portal/collections/individual/index.php?occid=5124991"
"16",5125211,"CINC",NA,NA,"PreservedSpecimen","4f56b5c7-f574-49dc-a837-71c1df1bc1e9","CINC-F-0005418","","Fungi|Basidiomycota|Agaricomycotina|Agaricomycetes|Agaricomycetidae|Polyporales|Phanerochaetaceae|Ceriporia","Fungi","Basidiomycota","Agaricomycetes","Polyporales","Phanerochaetaceae","Ceriporia purpurea",134648,"(Fr.) Komarova","Ceriporia",NA,"purpurea","","","Species","","",NA,NA,NA,"","","Cooke, William Bridge","","8633","1920-03-07","1920","3","7",67,NA,"March 7, 1920","","","on Quercus garryana fence post","",NA,"",NA,NA,NA,"",NA,NA,NA,"",NA,NA,NA,"United States","Oregon","Benton","Corvallis","Corvallis",NA,NA,NA,44.564566,-123.262044,"WGS84",6434,"","","","GeoLocate","","",NA,NA,NA,NA,NA,"",NA,NA,"reynolwd","2020-05-08 08:53:22",NA,70,"urn:uuid:4f56b5c7-f574-49dc-a837-71c1df1bc1e9","https://www.mycoportal.org/portal/collections/individual/index.php?occid=5125211"
"17",5132026,"CINC",NA,NA,"PreservedSpecimen","75b7d309-cdb2-45c7-9f1e-6e8920aa1b8e","CINC-F-0005497","","","","","","","Polyporaceae","Cerioporus leptocephalus",630973,"(Jacq.) Zmitr.","Cerioporus",NA,"leptocephalus","","","Species","","",NA,NA,NA,"","","Kahu","","s.n.","1920-07-00","1920","7","00",NA,NA,"July, 1920","","","on Fagus sp.","",NA,"",NA,NA,NA,"",NA,NA,NA,"",NA,NA,NA,"United States","New York","Onondaga","Syracuse","Syracuse",NA,NA,NA,43.048122,-76.147424,"",6911,"","harmona4 (2019-12-20 09:44:51)","","georef batch tool 2019-12-20; GeoLocate","reviewed - high confidence","",NA,NA,NA,NA,NA,"",NA,NA,"harmona4","2019-12-20 10:44:51",NA,70,"urn:uuid:75b7d309-cdb2-45c7-9f1e-6e8920aa1b8e","https://www.mycoportal.org/portal/collections/individual/index.php?occid=5132026"
"18",5132982,"CINC",NA,NA,"PreservedSpecimen","84cf5bb2-16fe-4f0c-9d27-b3a3a7042385","CINC-F-0005595","","Fungi|Basidiomycota|Agaricomycotina|Agaricomycetes|Agaricomycetidae|Polyporales|Polyporaceae|Trametes","Fungi","Basidiomycota","Agaricomycetes","Polyporales","Polyporaceae","Trametes versicolor",189955,"(L.) Lloyd","Trametes",NA,"versicolor","","","Species","","",NA,NA,NA,"","","Welch, F.","","s.n.","1920-11-27","1920","11","27",332,NA,"November 27, 1920","","","on Acer sp.","",NA,"",NA,NA,NA,"",NA,NA,NA,"",NA,NA,NA,"United States","New York","Oswego","Sandy Creek","Sandy Creek",NA,NA,NA,43.644235,-76.086034,"WGS84",1684,"","","","GeoLocate","","",NA,NA,NA,NA,NA,"",NA,NA,"harmona4","2020-05-08 08:53:22",NA,70,"urn:uuid:84cf5bb2-16fe-4f0c-9d27-b3a3a7042385","https://www.mycoportal.org/portal/collections/individual/index.php?occid=5132982"
"19",5132997,"CINC",NA,NA,"PreservedSpecimen","3c0988bf-072a-4f13-a422-0140fb0a980e","CINC-F-0005610","","Fungi|Basidiomycota|Agaricomycotina|Agaricomycetes|Agaricomycetidae|Polyporales|Ganodermataceae|Ganoderma","Fungi","Basidiomycota","Agaricomycetes","Polyporales","Ganodermataceae","Ganoderma tsugae",225015,"Murrill","Ganoderma",NA,"tsugae","","","Species","","",NA,NA,NA,"","","Welch, F.","","s.n.","1920-11-25","1920","11","25",330,NA,"November 25, 1920","","","on Tsuga canadensis","",NA,"",NA,NA,NA,"",NA,NA,NA,"",NA,NA,NA,"United States","New York","Oswego","Lacona","Lacona",NA,NA,NA,43.643402,-76.068534,"WGS84",1407,"","","","GeoLocate","","",NA,NA,NA,NA,NA,"",NA,NA,"harmona4","2020-05-08 08:53:22",NA,70,"urn:uuid:3c0988bf-072a-4f13-a422-0140fb0a980e","https://www.mycoportal.org/portal/collections/individual/index.php?occid=5132997"
"20",5154116,"CINC",NA,NA,"PreservedSpecimen","54cda97d-bdc3-4986-830b-22d2917c97f3","CINC-F-0006095","","Fungi|Basidiomycota|Agaricomycotina|Agaricomycetes|Agaricomycetidae|Polyporales|Polyporaceae|Trichaptum","Fungi","Basidiomycota","Agaricomycetes","Polyporales","Polyporaceae","Trichaptum biforme",190013,"(Fr.) Ryvarden","Trichaptum",NA,"biforme","","","Species","","",NA,NA,NA,"","","Coolen, R.N.","","s.n.","1920-11-00","1920","11","00",NA,NA,"November, 1920","","","","",NA,"",NA,NA,NA,"",NA,NA,NA,"",NA,NA,NA,"United States","New York","Onondaga","Warners","Warners",NA,NA,NA,43.085344,-76.329098,"WGS84",597,"","","","GeoLocate","","",NA,NA,NA,NA,NA,"",NA,NA,"harmona4","2020-05-08 08:53:22",NA,70,"urn:uuid:54cda97d-bdc3-4986-830b-22d2917c97f3","https://www.mycoportal.org/portal/collections/individual/index.php?occid=5154116"
"21",5154119,"CINC",NA,NA,"PreservedSpecimen","8a76ad7a-9b1b-4bad-b686-e86f26c2dfc6","CINC-F-0006098","","Fungi|Basidiomycota|Agaricomycotina|Agaricomycetes|Agaricomycetidae|Polyporales|Fomitopsidaceae|Fomitopsis","Fungi","Basidiomycota","Agaricomycetes","Polyporales","Fomitopsidaceae","Fomitopsis betulina",694109,"(Bull.) B.K. Cui, M.L. Han & Y.C. Dai","Fomitopsis",NA,"betulina","","","Species","","",NA,NA,NA,"","","Badeau, E.H.","","s.n.","1920-12-19","1920","12","19",354,NA,"December 19, 1920","","","on Betula alba (syn. B. pendula)","",NA,"",NA,NA,NA,"",NA,NA,NA,"",NA,NA,NA,"United States","New York","Nassau","Long Island","Long Island",NA,NA,NA,40.816765,-73.06622,"WGS84",18330,"","","","GeoLocate","","",NA,NA,NA,NA,NA,"",NA,NA,"harmona4","2020-05-08 08:53:22",NA,70,"urn:uuid:8a76ad7a-9b1b-4bad-b686-e86f26c2dfc6","https://www.mycoportal.org/portal/collections/individual/index.php?occid=5154119"
"22",5157032,"CINC",NA,NA,"PreservedSpecimen","34e35d5e-aefd-492f-ba55-7273d3b18af8","CINC-F-0006206","","Fungi|Basidiomycota|Agaricomycotina|Agaricomycetes|Agaricomycetidae|Polyporales|Polyporaceae|Trametes","Fungi","Basidiomycota","Agaricomycetes","Polyporales","Polyporaceae","Trametes hirsuta",189937,"(Wulfen) Lloyd","Trametes",NA,"hirsuta","","","Species","","",NA,NA,NA,"","","Seeley, A.T.","","s.n.","1920-12-23","1920","12","23",358,NA,"December 23, 1920","","","on Fagus sp.","",NA,"",NA,NA,NA,"",NA,NA,NA,"",NA,NA,NA,"United States","New York","Greene","Hensonville","Hensonville",NA,NA,NA,42.289807,-74.216531,"WGS84",301,"","","","GeoLocate","","",NA,NA,NA,NA,NA,"",NA,NA,"harmona4","2020-05-08 08:53:22",NA,70,"urn:uuid:34e35d5e-aefd-492f-ba55-7273d3b18af8","https://www.mycoportal.org/portal/collections/individual/index.php?occid=5157032"
"23",5167573,"CINC",NA,NA,"PreservedSpecimen","f91dc7be-433a-4593-bcb3-eab234afb33c","CINC-F-0006313","60921","Fungi|Basidiomycota|Agaricomycotina|Agaricomycetes|Agaricomycetidae|Boletales|Suillaceae|Gyroporaceae|Suillus","Fungi","Basidiomycota","Agaricomycetes","Boletales","Suillaceae","Suillus cavipes",189620,"(Klotzsch) A.H. Sm. & Thiers","Suillus",NA,"cavipes","","","Species","","",NA,NA,NA,"","","Weir, J.R.","","17270","1920-09-30","1920","9","30",274,NA,"September 30, 1920","","","on ground","",NA,"",NA,NA,NA,"",NA,NA,NA,"",NA,NA,NA,"United States","Idaho","Latah","Bovill","Bovill",NA,NA,NA,46.85861111,-116.3933333,"",NA,"46�51'31""N 116�23'36""W","","","","","",NA,NA,NA,NA,NA,"",NA,NA,"harmona4","2020-04-25 10:24:51",NA,70,"urn:uuid:f91dc7be-433a-4593-bcb3-eab234afb33c","https://www.mycoportal.org/portal/collections/individual/index.php?occid=5167573"
"24",5173491,"CINC",NA,NA,"PreservedSpecimen","7f676803-cd81-42bb-b397-72e10093ae12","CINC-F-0006451","","Fungi|Basidiomycota|Agaricomycotina|Agaricomycetes|Agaricomycetidae|Agaricales|Amanitaceae|Agaricaceae|Amanita","Fungi","Basidiomycota","Agaricomycetes","Agaricales","Amanitaceae","Amanita vaginata",95364,"(Bull.) Lam.","Amanita",NA,"vaginata","","","Species","","",NA,NA,NA,"","","s.n.","","s.n.","1920-09-07","1920","9","7",251,NA,"September 7, 1920","","mesophytic woods","","",NA,"",NA,NA,NA,"",NA,NA,NA,"",NA,NA,NA,"United States","Ohio","Hamilton","Cincinnati","Hazelwood",NA,NA,NA,39.266302,-84.361365,"WGS84",825,"","harmona4","","GeoLocate","reviewed - high confidence","",NA,NA,NA,NA,NA,"",NA,NA,"harmona4","2020-05-08 08:53:22",NA,70,"urn:uuid:7f676803-cd81-42bb-b397-72e10093ae12","https://www.mycoportal.org/portal/collections/individual/index.php?occid=5173491"
"25",5224657,"CINC",NA,NA,"PreservedSpecimen","0ec72863-a7b1-4c05-9f9e-e57179a57721","CINC-F-0006715","60916","Fungi|Basidiomycota|Ascomycota|Pezizomycotina|Agaricomycotina|Pezizomycetes|Agaricomycetes|Pezizomycetidae|Agaricomycetidae|Pezizales|Boletales|Morchellaceae|Boletaceae|Boletus","Fungi","Ascomycota","Agaricomycetes","Boletales","Boletaceae","Boletus flavidus",116070,"Krombh.","Boletus",NA,"flavidus","","","Species","","",NA,NA,NA,"","","Weir, J.R.","Rhoads, A.S.","15938","1920-10-13","1920","10","13",287,NA,"October 13, 1920","","","on ground","",NA,"",NA,NA,NA,"",NA,NA,NA,"",NA,NA,NA,"United States","Idaho","Bonner","Priest River","Priest River",NA,NA,NA,48.200423,-116.90452,"WGS84",2299,"","","","GeoLocate","","",NA,NA,NA,NA,NA,"",NA,NA,"harmona4","2020-04-20 09:58:47",NA,70,"urn:uuid:0ec72863-a7b1-4c05-9f9e-e57179a57721","https://www.mycoportal.org/portal/collections/individual/index.php?occid=5224657"
"26",5224660,"CINC",NA,NA,"PreservedSpecimen","e665a9ed-ff92-459d-b8dc-314aa0a7bd6c","CINC-F-0006718","60917","Fungi|Basidiomycota|Agaricomycotina|Agaricomycetes|Agaricomycetidae|Boletales|Suillaceae|Gyroporaceae|Suillus","Fungi","Basidiomycota","Agaricomycetes","Boletales","Suillaceae","Suillus granulatus",189623,"(L.) Roussel","Suillus",NA,"granulatus","","","Species","","",NA,NA,NA,"","","Weir, J.R.","Rhoads, A.S.","15939","1920-10-13","1920","10","13",287,NA,"October 13, 1920","","","on ground","",NA,"",NA,NA,NA,"",NA,NA,NA,"",NA,NA,NA,"United States","Idaho","Bonner","Priest River","Priest River",NA,NA,NA,48.200423,-116.90452,"WGS84",2299,"","","","GeoLocate","","",NA,NA,NA,NA,NA,"",NA,NA,"harmona4","2020-04-20 09:58:25",NA,70,"urn:uuid:e665a9ed-ff92-459d-b8dc-314aa0a7bd6c","https://www.mycoportal.org/portal/collections/individual/index.php?occid=5224660"
"27",5230765,"CINC",NA,NA,"PreservedSpecimen","8d528bce-419f-49ff-9467-9a6440080f7e","CINC-F-0007054","","Fungi|Basidiomycota|Agaricomycotina|Agaricomycetes|Agaricomycetidae|Polyporales|Polyporaceae|Lentinus","Fungi","Basidiomycota","Agaricomycetes","Polyporales","Polyporaceae","Lentinus levis",268750,"(Berk. & M.A. Curtis) Murrill","Lentinus",NA,"levis","","","Species","","",NA,NA,NA,"","","Kahn, J.","","s.n.","1920-07-00","1920","7","00",NA,NA,"July, 1920","","","","",NA,"",NA,NA,NA,"",NA,NA,NA,"",NA,NA,NA,"United States","New York","Saint Lawrence","Cranberry Lake","Cranberry Lake",NA,NA,NA,44.222562,-74.836299,"",9000,"","harmona4 (2020-04-14 09:30:49)","","georef batch tool 2020-04-14; GeoLocate","reviewed - high confidence","",NA,NA,NA,NA,NA,"",NA,NA,"harmona4","2020-04-25 10:21:32",NA,70,"urn:uuid:8d528bce-419f-49ff-9467-9a6440080f7e","https://www.mycoportal.org/portal/collections/individual/index.php?occid=5230765"
"28",6822634,"CINC",NA,NA,"PreservedSpecimen","eb7870ac-ebeb-47b4-acef-7fb012f86588","CINC-F-0007391","","Fungi|Basidiomycota|Agaricomycotina|Agaricomycetes|Agaricomycetidae|Polyporales|Agaricales|Fomitopsidaceae|Amanitaceae|Agaricaceae|Agaricus","Fungi","Basidiomycota","Agaricomycetes","Agaricales","Agaricaceae","Agaricus abruptus",87512,"Fr.","Agaricus",NA,"abruptus","","","Species","","",NA,NA,NA,"Agaricus abruptibulbus","","s.n.","","s.n.","1920-09-07","1920","9","7",251,NA,"September 7, 1920","","mesophytic woods","","",NA,"",NA,NA,NA,"",NA,NA,NA,"",NA,NA,NA,"United States","Ohio","Hamilton","Cincinnati","Hazelwood",NA,0,NA,39.266169,-84.362996,"",3036,"","harmona4 (2019-12-16 09:30:50)","","georef batch tool 2019-12-16; GeoLocate","reviewed - high confidence","",NA,NA,NA,NA,NA,"",NA,NA,"harmona4","2019-12-16 10:30:50",NA,70,"urn:uuid:eb7870ac-ebeb-47b4-acef-7fb012f86588","https://www.mycoportal.org/portal/collections/individual/index.php?occid=6822634"
"29",9632341,"CINC",NA,NA,"PreservedSpecimen","9892b7ef-a176-48b8-8e48-e17bd7f4a212","CINC-F-0008092","","Fungi|Basidiomycota|Agaricomycotina|Agaricomycetes|Agaricomycetidae|Polyporales|Fomitopsidaceae|Sporotrichum","Fungi","Basidiomycota","Agaricomycetes","Polyporales","Fomitopsidaceae","Sporotrichum chrysospermum",432248,"Harz","Sporotrichum",NA,"chrysospermum","","","Species","","",NA,NA,NA,"","","Braun, E. Lucy","","s.n.","1920-00-00","1920","00","00",NA,NA,"1920","","","on old Fomes","",NA,"",NA,NA,NA,"",NA,NA,NA,"",NA,NA,NA,"United States","Ohio","Hamilton","Cincinnati","Cincinnati",NA,NA,NA,39.162004,-84.456886,"",18226,"","harmona4 (2019-12-16 08:44:02)","","georef batch tool 2019-12-16; GeoLocate","reviewed - high confidence","",NA,NA,NA,NA,NA,"",NA,NA,"harmona4","2020-04-06 14:27:10",NA,70,"urn:uuid:9892b7ef-a176-48b8-8e48-e17bd7f4a212","https://www.mycoportal.org/portal/collections/individual/index.php?occid=9632341"
