"","id","institutionCode","collectionCode","ownerInstitutionCode","basisOfRecord","occurrenceID","catalogNumber","otherCatalogNumbers","higherClassification","kingdom","phylum","class","order","family","scientificName","taxonID","scientificNameAuthorship","genus","subgenus","specificEpithet","verbatimTaxonRank","infraspecificEpithet","taxonRank","identifiedBy","dateIdentified","identificationReferences","identificationRemarks","taxonRemarks","identificationQualifier","typeStatus","recordedBy","associatedCollectors","recordNumber","eventDate","year","month","day","startDayOfYear","endDayOfYear","verbatimEventDate","occurrenceRemarks","habitat","substrate","verbatimAttributes","fieldNumber","informationWithheld","dataGeneralizations","dynamicProperties","associatedOccurrences","associatedTaxa","reproductiveCondition","establishmentMeans","cultivationStatus","lifeStage","sex","individualCount","preparations","country","stateProvince","county","municipality","locality","locationRemarks","localitySecurity","localitySecurityReason","decimalLatitude","decimalLongitude","geodeticDatum","coordinateUncertaintyInMeters","verbatimCoordinates","georeferencedBy","georeferenceProtocol","georeferenceSources","georeferenceVerificationStatus","georeferenceRemarks","minimumElevationInMeters","maximumElevationInMeters","minimumDepthInMeters","maximumDepthInMeters","verbatimDepth","verbatimElevation","disposition","language","recordEnteredBy","modified","sourcePrimaryKey.dbpk","collId","recordId","references"
"1",4306818,"CINC",NA,NA,"PreservedSpecimen","5e90d8b8-3412-4e58-94b9-e186f7884744","CINC-F-0000029","","Protozoa|Myxomycota|Myxomycetes|Trichiales","Protozoa","Myxomycota","Myxomycetes","Trichiales","Trichiaceae","Hemitrichia stipata",638841,"(Schwein.) T. Macbr.","Hemitrichia",NA,"stipata","","","Species","","",NA,NA,NA,"","","Hoskins, John Hobart","","s.n.","1926-07-11","1926","7","11",192,NA,"July 11, 1926","","","","",NA,"",NA,NA,NA,"",NA,NA,NA,"",NA,NA,NA,"United States","Indiana","Saint Joseph","South Bend","South Bend",NA,NA,NA,41.683381,-86.250007,"WGS84",11437,"","harmona4","","GeoLocate","","",NA,NA,NA,NA,NA,"",NA,NA,"vincenma","2020-05-08 08:53:22",NA,70,"urn:uuid:5e90d8b8-3412-4e58-94b9-e186f7884744","https://www.mycoportal.org/portal/collections/individual/index.php?occid=4306818"
"2",4381361,"CINC",NA,NA,"PreservedSpecimen","7a4a4de1-9cf9-4f9f-b5d5-c2f9e6ead2ee","CINC-F-0000786","","Fungi|Ascomycota|Pezizomycotina|Sordariomycetes|Xylariomycetidae|Xylariales|Diatrypaceae|Diatrype","Fungi","Ascomycota","Sordariomycetes","Xylariales","Diatrypaceae","Diatrype stigma",169292,"Sacc. ex Mussat","Diatrype",NA,"stigma","","","Species","","",NA,NA,NA,"","","Cooke, William Bridge","","6888","1926-05-02","1926","5","2",122,NA,"May 2, 1926","","","","",NA,"",NA,NA,NA,"",NA,NA,NA,"",NA,NA,NA,"United States","Ohio","Clermont","Mt. Repose","Mt. Repose",NA,NA,NA,39.200616,-84.22438,"WGS84",2309,"","harmona4","","GeoLocate","","",NA,NA,NA,NA,NA,"",NA,NA,"harmona4","2020-05-08 08:53:22",NA,70,"urn:uuid:7a4a4de1-9cf9-4f9f-b5d5-c2f9e6ead2ee","https://www.mycoportal.org/portal/collections/individual/index.php?occid=4381361"
"3",4406031,"CINC",NA,NA,"PreservedSpecimen","f3918ac7-c697-4a8c-b161-460460873013","CINC-F-0001326","","Fungi|Ascomycota|Pezizomycotina|Dothideomycetes|Dothideomycetidae|Capnodiales|Mycosphaerellaceae|Ophiocarpella","Fungi","Ascomycota","Dothideomycetes","Capnodiales","Mycosphaerellaceae","Ophiocarpella tarda",346774,"(Harkn.) Theiss. & Syd.","Ophiocarpella",NA,"tarda","","","Species","","",NA,NA,NA,"","","Bonar, L.","","s.n.","1926-08-07","1926","8","7",219,NA,"August 7, 1926","California Fungi. Berkeley, CA [Anonymous, Calif. Fungi], 1- ? 1425, Herbarium of the University of California., exs #: 488","","on Rhus diversiloba, syn. Toxicodendron diversilobum","",NA,"",NA,NA,NA,"Cylindrosporium toxicodendri ((M.A. Curtis) Ellis & Everh.)",NA,NA,NA,"",NA,NA,NA,"United States","California","Marin","Ross","Ross",NA,NA,NA,37.962424,-122.554978,"WGS84",2242,"","harmona4","","GeoLocate","","",NA,NA,NA,NA,NA,"",NA,NA,"harmona4","2020-05-08 08:53:22",NA,70,"urn:uuid:f3918ac7-c697-4a8c-b161-460460873013","https://www.mycoportal.org/portal/collections/individual/index.php?occid=4406031"
"4",4788479,"CINC",NA,NA,"PreservedSpecimen","a48f1be6-5b25-4706-8393-bce877f38930","CINC-F-0002175","","Fungi|Basidiomycota|Pucciniomycotina|Pucciniomycetes|Pucciniales|Pucciniaceae|Puccinia","Fungi","Basidiomycota","Pucciniomycetes","Pucciniales","Pucciniaceae","Puccinia mesnieriana",399246,"Th�m.","Puccinia",NA,"mesnieriana","","","Species","","",NA,NA,NA,"","","Parks, H.E.","","s.n.","1926-10-00","1926","10","00",NA,NA,"October ,1926","California Fungi. Berkeley, CA [Anonymous, Calif. Fungi], 1- ? 1425, Herbarium of the University of California., exs #: 77","","on Rhamnus crocea","Infection found year-round.",NA,"",NA,NA,NA,"",NA,NA,NA,"",NA,NA,NA,"United States","California","Santa Clara","","Guadalupe Mines",NA,NA,NA,37.2,-121.8833,"WGS84",301,"","harmona4","","GeoLocate","","",NA,NA,NA,NA,NA,"",NA,NA,"harmona4","2020-05-08 08:53:22",NA,70,"urn:uuid:a48f1be6-5b25-4706-8393-bce877f38930","https://www.mycoportal.org/portal/collections/individual/index.php?occid=4788479"
"5",4790651,"CINC",NA,NA,"PreservedSpecimen","a8b7ca86-9e83-416f-ad21-e902c37dab49","CINC-F-0002309","","Fungi|Basidiomycota|Pucciniomycotina|Pucciniomycetes|Pucciniales|Pucciniaceae|Puccinia","Fungi","Basidiomycota","Pucciniomycetes","Pucciniales","Pucciniaceae","Puccinia punctata",399943,"Link","Puccinia",NA,"punctata","","","Species","","",NA,NA,NA,"","","Tracy, J.P.","","s.n.","1926-10-05","1926","10","5",278,NA,"October 5, 1926","California Fungi. Berkeley, CA [Anonymous, Calif. Fungi], 1- ? 1425, Herbarium of the University of California., exs #: 100","","on Galium triflorum","",NA,"",NA,NA,NA,"",NA,NA,NA,"",NA,NA,NA,"United States","California","Humboldt","","East Fork of Willow Creek",NA,NA,NA,40.94484,-123.630366,"WGS84",301,"","harmona4","","GeoLocate","","",NA,NA,NA,NA,NA,"",NA,NA,"harmona4","2020-05-08 08:53:22",NA,70,"urn:uuid:a8b7ca86-9e83-416f-ad21-e902c37dab49","https://www.mycoportal.org/portal/collections/individual/index.php?occid=4790651"
"6",4826585,"CINC",NA,NA,"PreservedSpecimen","cb312186-46af-4ee4-a141-9f6a09b04c24","CINC-F-0002866","","Fungi|Basidiomycota|Agaricomycotina|Agaricomycetes|Agaricomycetidae|Polyporales|Agaricales|Auriculariales|Polyporaceae|Entolomataceae|Auriculariaceae|Hirneola","Fungi","Basidiomycota","Agaricomycetes","Auriculariales","Auriculariaceae","Hirneola auricula-judae",501892,"(Bull.) Berk.","Hirneola",NA,"auricula-judae","","","Species","","",NA,NA,NA,"","","s.n.","","s.n.","1926-04-25","1926","4","25",115,NA,"April 25k 1926","","","","",NA,"",NA,NA,NA,"",NA,NA,NA,"",NA,NA,NA,"United States","Ohio","Clermont","Goshen","Goshen",NA,NA,NA,39.233394,-84.161324,"WGS84",301,"","","","GeoLocate","","",NA,NA,NA,NA,NA,"",NA,NA,"harmona4","2020-05-08 08:53:22",NA,70,"urn:uuid:cb312186-46af-4ee4-a141-9f6a09b04c24","https://www.mycoportal.org/portal/collections/individual/index.php?occid=4826585"
"7",4826588,"CINC",NA,NA,"PreservedSpecimen","33827071-31b3-4927-b977-83ff81888cd5","CINC-F-0002869","","Fungi|Basidiomycota|Agaricomycotina|Agaricomycetes|Agaricomycetidae|Polyporales|Agaricales|Auriculariales|Polyporaceae|Entolomataceae|Auriculariaceae|Hirneola","Fungi","Basidiomycota","Agaricomycetes","Auriculariales","Auriculariaceae","Hirneola auricula-judae",501892,"(Bull.) Berk.","Hirneola",NA,"auricula-judae","","","Species","","",NA,NA,NA,"","","Braun, E. Lucy","","s.n.","1926-11-26","1926","11","26",330,NA,"Nov. 26, 1926","","","stump","",NA,"",NA,NA,NA,"",NA,NA,NA,"",NA,NA,NA,"United States","Ohio","Adams","Beaver Pond","Beaver Pond",NA,NA,NA,38.939515,-83.346299,"WGS84",3036,"","harmona4 (2018-06-28 10:12:43)","","georef batch tool 2018-06-28","reviewed - high confidence","",220,325,NA,NA,NA,"",NA,NA,"harmona4","2020-04-06 14:27:10",NA,70,"urn:uuid:33827071-31b3-4927-b977-83ff81888cd5","https://www.mycoportal.org/portal/collections/individual/index.php?occid=4826588"
"8",5086112,"CINC",NA,NA,"PreservedSpecimen","fe5e2626-d58a-4a15-8903-ba27bfa3d974","CINC-F-0004628","","Fungi|Basidiomycota|Agaricomycotina|Agaricomycetes|Agaricomycetidae|Polyporales|Fomitopsidaceae|Rhodofomes","Fungi","Basidiomycota","Agaricomycetes","Polyporales","Fomitopsidaceae","Rhodofomes roseus",408541,"(Alb. & Schwein.) Vlas�k","Rhodofomes",NA,"roseus","","","Species","","",NA,NA,NA,"","","Parks, H.E.","","s.n.","1926-12-00","1926","12","00",NA,NA,"December, 1926","California Fungi. Berkeley, CA [Anonymous, Calif. Fungi], 1- ? 1425, Herbarium of the University of California., exs #: 245","Extremely abundant on dead trunks","on Pseudotsuga taxifolia","",NA,"",NA,NA,NA,"",NA,NA,NA,"",NA,NA,NA,"United States","California","Santa Clara","Los Gatos Canyon","Los Gatos Canyon",NA,NA,NA,37.226611,-121.97468,"WGS84",5281,"","harmona4","","GeoLocate","reviewed - high confidence","",NA,NA,NA,NA,NA,"",NA,NA,"harmona4","2020-05-08 08:53:22",NA,70,"urn:uuid:fe5e2626-d58a-4a15-8903-ba27bfa3d974","https://www.mycoportal.org/portal/collections/individual/index.php?occid=5086112"
"9",5121396,"CINC",NA,NA,"PreservedSpecimen","b5834476-f7f5-4658-ab9c-f3023952f9ad","CINC-F-0005227","","Fungi|Basidiomycota|Agaricomycotina|Agaricomycetes|Agaricomycetidae|Polyporales|Meruliaceae|Sarcodontia","Fungi","Basidiomycota","Agaricomycetes","Polyporales","Meruliaceae","Sarcodontia pachyodon",312996,"(Pers.) Spirin","Sarcodontia",NA,"pachyodon","","","Species","","",NA,NA,NA,"","","Hedgcock, G.G.","","3275","1926-10-23","1926","10","23",296,NA,"October 23, 1926","","","on Quercus alba","",NA,"",NA,NA,NA,"",NA,NA,NA,"",NA,NA,NA,"United States","Tennessee","Cumberland","Isoline","Isoline",NA,NA,NA,36.088678,-85.064126,"WGS84",3036,"","","","GeoLocate","","",NA,NA,NA,NA,NA,"",NA,NA,"harmona4","2020-05-08 08:53:22",NA,70,"urn:uuid:b5834476-f7f5-4658-ab9c-f3023952f9ad","https://www.mycoportal.org/portal/collections/individual/index.php?occid=5121396"
"10",5124944,"CINC",NA,NA,"PreservedSpecimen","72c26e5a-fcd5-480f-bc89-17dfb6990cfd","CINC-F-0005314","","Fungi|Basidiomycota|Agaricomycotina|Agaricomycetes|Agaricomycetidae|Polyporales|Polyporaceae|Microporellus","Fungi","Basidiomycota","Agaricomycetes","Polyporales","Polyporaceae","Microporellus obovatus",185754,"(Jungh.) Ryvarden","Microporellus",NA,"obovatus","","","Species","","",NA,NA,NA,"","","West, E.","","s.n.","1926-07-19","1926","7","19",200,NA,"July 19, 1926","","","on dead wood","",NA,"",NA,NA,NA,"",NA,NA,NA,"",NA,NA,NA,"United States","Florida","Alachua","Gainesville","Payne's Prairie Preserve State Park, Gainesville",NA,NA,NA,29.518227,-82.294032,"WGS84",7480,"","harmona4","","GeoLocate","","",NA,NA,NA,NA,NA,"",NA,NA,"harmona4","2020-05-08 08:53:22",NA,70,"urn:uuid:72c26e5a-fcd5-480f-bc89-17dfb6990cfd","https://www.mycoportal.org/portal/collections/individual/index.php?occid=5124944"
"11",5132965,"CINC",NA,NA,"PreservedSpecimen","4a459f9c-865a-43a9-a47a-d43476445aba","CINC-F-0005577","","Fungi|Basidiomycota|Agaricomycotina|Agaricomycetes|Agaricomycetidae|Polyporales|Polyporaceae|Trametes","Fungi","Basidiomycota","Agaricomycetes","Polyporales","Polyporaceae","Trametes versicolor",189955,"(L.) Lloyd","Trametes",NA,"versicolor","","","Species","","",NA,NA,NA,"","","Weir, J.R.","","61088","1926-01-06","1926","1","6",6,NA,"January 6, 1926","","","on Acer rubrum","",NA,"",NA,NA,NA,"",NA,NA,NA,"",NA,NA,NA,"United States","Virginia","Arlington","Clarendon","Clarendon",NA,NA,NA,38.885945,-77.096923,"WGS84",301,"","","","GeoLocate","","",NA,NA,NA,NA,NA,"",NA,NA,"harmona4","2020-05-08 08:53:22",NA,70,"urn:uuid:4a459f9c-865a-43a9-a47a-d43476445aba","https://www.mycoportal.org/portal/collections/individual/index.php?occid=5132965"
"12",5153982,"CINC",NA,NA,"PreservedSpecimen","fab45742-95fa-4f6c-8fed-c22397270038","CINC-F-0005998","60645","Fungi|Basidiomycota|Agaricomycotina|Agaricomycetes|Hymenochaetales|Hymenochaetaceae|Phellinus","Fungi","Basidiomycota","Agaricomycetes","Hymenochaetales","Hymenochaetaceae","Phellinus gilvus",187074,"(Schwein.) Pat.","Phellinus",NA,"gilvus","","","Species","","",NA,NA,NA,"","","Weir, J.R.","","s.n.","1926-10-10","1926","10","10",283,NA,"October 10, 1926","","","","",NA,"",NA,NA,NA,"",NA,NA,NA,"",NA,NA,NA,"United States","Virginia","Arlington","","Arlington County, Virginia",NA,NA,NA,38.878632,-77.100998,"WGS84",8014,"","","","GeoLocate","","",NA,NA,NA,NA,NA,"",NA,NA,"harmona4","2020-05-08 08:53:22",NA,70,"urn:uuid:fab45742-95fa-4f6c-8fed-c22397270038","https://www.mycoportal.org/portal/collections/individual/index.php?occid=5153982"
"13",5156837,"CINC",NA,NA,"PreservedSpecimen","4e63f5f8-c99b-4963-ac0f-1f0f0f311b4f","CINC-F-0006140","60783","Fungi|Basidiomycota|Agaricomycotina|Agaricomycetes|Agaricomycetidae|Polyporales|Polyporaceae|Pycnoporus","Fungi","Basidiomycota","Agaricomycetes","Polyporales","Polyporaceae","Pycnoporus sanguineus",188452,"(L.) Murrill","Pycnoporus",NA,"sanguineus","","","Species","","",NA,NA,NA,"","","Herrera, F.L.","","867","1926-01-00","1926","1","00",NA,NA,"January, 1926","","","","",NA,"",NA,NA,NA,"",NA,NA,NA,"",NA,NA,NA,"Peru","Cusco","Cusco","Valle de Lacco","Depart. del Cusco, Valle de Lacco [contry labeled incorrectly as Mexico on label]",NA,NA,NA,-12.596987,-72.154679,"WGS84",3036,"","","","GeoLocate","","Country labeled incorrectly on label",NA,NA,NA,NA,NA,"",NA,NA,"harmona4","2020-04-26 15:55:03",NA,70,"urn:uuid:4e63f5f8-c99b-4963-ac0f-1f0f0f311b4f","https://www.mycoportal.org/portal/collections/individual/index.php?occid=5156837"
