"","id","institutionCode","collectionCode","ownerInstitutionCode","basisOfRecord","occurrenceID","catalogNumber","otherCatalogNumbers","higherClassification","kingdom","phylum","class","order","family","scientificName","taxonID","scientificNameAuthorship","genus","subgenus","specificEpithet","verbatimTaxonRank","infraspecificEpithet","taxonRank","identifiedBy","dateIdentified","identificationReferences","identificationRemarks","taxonRemarks","identificationQualifier","typeStatus","recordedBy","associatedCollectors","recordNumber","eventDate","year","month","day","startDayOfYear","endDayOfYear","verbatimEventDate","occurrenceRemarks","habitat","substrate","verbatimAttributes","fieldNumber","informationWithheld","dataGeneralizations","dynamicProperties","associatedOccurrences","associatedTaxa","reproductiveCondition","establishmentMeans","cultivationStatus","lifeStage","sex","individualCount","preparations","country","stateProvince","county","municipality","locality","locationRemarks","localitySecurity","localitySecurityReason","decimalLatitude","decimalLongitude","geodeticDatum","coordinateUncertaintyInMeters","verbatimCoordinates","georeferencedBy","georeferenceProtocol","georeferenceSources","georeferenceVerificationStatus","georeferenceRemarks","minimumElevationInMeters","maximumElevationInMeters","minimumDepthInMeters","maximumDepthInMeters","verbatimDepth","verbatimElevation","disposition","language","recordEnteredBy","modified","sourcePrimaryKey.dbpk","collId","recordId","references"
"1",4366979,"CINC",NA,NA,"PreservedSpecimen","b58c4c64-1c2b-46f9-b3f1-fa9c8a77f1af","CINC-F-0000546","","Fungi|Basidiomycota|Agaricomycotina|Agaricomycetes|Agaricomycetidae|Polyporales|Polyporaceae|Fomes","Fungi","Basidiomycota","Agaricomycetes","Polyporales","Hymenochaetaceae","Fomes igniarius",220956,"(L.) Fr.","Fomes",NA,"igniarius","","","Species","","",NA,NA,NA,"","","Hurst, E.B.","","s.n.","1921-06-00","1921","6","00",NA,NA,"June, 1921","","","on hardwood","",NA,"",NA,NA,NA,"",NA,NA,NA,"",NA,NA,NA,"United States","New York","Saint Lawrence","Clifton","Cranberry Lake",NA,NA,NA,44.222562,-74.836299,"",9000,"","harmona4 (2020-04-14 09:30:49)","","georef batch tool 2020-04-14; GeoLocate","reviewed - high confidence","",NA,NA,NA,NA,NA,"",NA,NA,"harmona4","2020-05-08 08:53:22",NA,70,"urn:uuid:b58c4c64-1c2b-46f9-b3f1-fa9c8a77f1af","https://www.mycoportal.org/portal/collections/individual/index.php?occid=4366979"
"2",4440912,"CINC",NA,NA,"PreservedSpecimen","f8b53348-2f98-4fc4-93dd-a7b8ec16b02c","CINC-F-0001722","","Fungi|Basidiomycota|Pucciniomycotina|Pucciniomycetes|Pucciniales|Pucciniaceae|Dicaeoma","Fungi","Basidiomycota","Pucciniomycetes","Pucciniales","Pucciniaceae","Dicaeoma deformatum",169735,"(Berk. & M.A. Curtis) Kuntze","Dicaeoma",NA,"deformatum","","","Species","","",NA,NA,NA,"","","Seaver, F.J.","","3474","1921-04-02","1921","4","2",92,NA,"April 2-7, 1921","","","on Olyra latifolia","",NA,"",NA,NA,NA,"",NA,NA,NA,"",NA,NA,NA,"Trinidad and Tobago","Gasparee Island","","","",NA,NA,NA,NA,NA,"",NA,"","","","","","",NA,NA,NA,NA,NA,"",NA,NA,"harmona4","2020-04-13 10:35:25",NA,70,"urn:uuid:f8b53348-2f98-4fc4-93dd-a7b8ec16b02c","https://www.mycoportal.org/portal/collections/individual/index.php?occid=4440912"
"3",4440913,"CINC",NA,NA,"PreservedSpecimen","3e4bba91-0e33-4cfb-a97e-8e1b2f4b288c","CINC-F-0001721","","Fungi|Basidiomycota|Pucciniomycotina|Pucciniomycetes|Pucciniales|Pucciniaceae|Dicaeoma","Fungi","Basidiomycota","Pucciniomycetes","Pucciniales","Pucciniaceae","Dicaeoma scleriae",170231,"(Pazschke) Arthur","Dicaeoma",NA,"scleriae","","","Species","","",NA,NA,NA,"","","Seaver, F.J.","","3422","1921-04-01","1921","4","1",91,NA,"April 1, 1921","","","on Passiflora rubra","",NA,"",NA,NA,NA,"",NA,NA,NA,"",NA,NA,NA,"Trinidad and Tobago","","","Newtown","Lady Chancellor Road",NA,NA,NA,10.677429,-61.517327,"WGS84",695,"","harmona4","","GeoLocate","reviewed - high confidence","",NA,NA,NA,NA,NA,"",NA,NA,"harmona4","2020-05-08 08:53:22",NA,70,"urn:uuid:3e4bba91-0e33-4cfb-a97e-8e1b2f4b288c","https://www.mycoportal.org/portal/collections/individual/index.php?occid=4440913"
"4",4440954,"CINC",NA,NA,"PreservedSpecimen","4e25d3ab-7c95-40ff-90b2-50e8fa091bc4","CINC-F-0001683","","Fungi|Basidiomycota|Pucciniomycotina|Pucciniomycetes|Pucciniales|Aecidium","Fungi","Basidiomycota","Pucciniomycetes","Pucciniales","Pucciniaceae","Aecidium byrsonimatis",85922,"Henn.","Aecidium",NA,"byrsonimatis","","","Species","","",NA,NA,NA,"","","Seaver, F.J.","","3200","1921-05-15","1921","5","15",135,NA,"May 15, 1921","","","on Byrsonima sp. (Byrsonima verbascifolia?)","",NA,"",NA,NA,NA,"",NA,NA,NA,"",NA,NA,NA,"Trinidad and Tobago","Tunapuna-Piarco","","Piarco","Piarco Savanna",NA,NA,NA,10.583333,-61.333333,"WGS84",626,"","harmona4","","GeoLocate","","",NA,NA,NA,NA,NA,"",NA,NA,"harmona4","2020-05-08 08:53:22",NA,70,"urn:uuid:4e25d3ab-7c95-40ff-90b2-50e8fa091bc4","https://www.mycoportal.org/portal/collections/individual/index.php?occid=4440954"
"5",4784227,"CINC",NA,NA,"PreservedSpecimen","2741fe89-bf4c-4a7f-9881-ccbe402d6795","CINC-F-0002133","","Fungi|Basidiomycota|Pucciniomycotina|Pucciniomycetes|Pucciniales|Pucciniaceae|Puccinia","Fungi","Basidiomycota","Pucciniomycetes","Pucciniales","Pucciniaceae","Puccinia malvacearum",312657,"Bertero ex Mont.","Puccinia",NA,"malvacearum","","","Species","","",NA,NA,NA,"","","Parks, H.E.","","s.n.","1921-11-00","1921","11","00",NA,NA,"November, 1921","California Fungi. Berkeley, CA [Anonymous, Calif. Fungi], 1- ? 1425, Herbarium of the University of California., exs #: 69","","on Sida hederacea","",NA,"",NA,NA,NA,"",NA,NA,NA,"",NA,NA,NA,"United States","California","Santa Clara","San Jose","San Jose",NA,NA,NA,37.339386,-121.894956,"WGS84",26452,"","harmona4","","GeoLocate","","",NA,NA,NA,NA,NA,"",NA,NA,"harmona4","2020-05-08 08:53:22",NA,70,"urn:uuid:2741fe89-bf4c-4a7f-9881-ccbe402d6795","https://www.mycoportal.org/portal/collections/individual/index.php?occid=4784227"
"6",4788456,"CINC",NA,NA,"PreservedSpecimen","91f8ec4d-4000-4b1c-8dc2-a8461d783f32","CINC-F-0002165","","Fungi|Basidiomycota|Pucciniomycotina|Pucciniomycetes|Pucciniales|Pucciniaceae|Puccinia","Fungi","Basidiomycota","Pucciniomycetes","Pucciniales","Pucciniaceae","Puccinia menthae",188334,"Pers.","Puccinia",NA,"menthae","","","Species","","",NA,NA,NA,"","","Parks, H.E.","","s.n.","1921-11-14","1921","11","14",318,NA,"November 14, 1921","California Fungi. Berkeley, CA [Anonymous, Calif. Fungi], 1- ? 1425, Herbarium of the University of California., exs #: 73","Dry creek bed","on Mentha piperita","",NA,"",NA,NA,NA,"",NA,NA,NA,"",NA,NA,NA,"United States","California","Santa Clara","San Jose","San Jose",NA,NA,NA,37.339386,-121.894956,"WGS84",26452,"","harmona4","","GeoLocate","","",NA,NA,NA,NA,NA,"",NA,NA,"harmona4","2020-05-08 08:53:22",NA,70,"urn:uuid:91f8ec4d-4000-4b1c-8dc2-a8461d783f32","https://www.mycoportal.org/portal/collections/individual/index.php?occid=4788456"
"7",4790604,"CINC",NA,NA,"PreservedSpecimen","fe66df04-c9d0-402c-93bc-f28e1e378924","CINC-F-0002277","","Fungi|Basidiomycota|Pucciniomycotina|Pucciniomycetes|Pucciniales|Pucciniaceae|Puccinia","Fungi","Basidiomycota","Pucciniomycetes","Pucciniales","Pucciniaceae","Puccinia polygoni-amphibii",188362,"Pers.","Puccinia",NA,"polygoni-amphibii","","","Species","","",NA,NA,NA,"","","Parks, H.E.","","s.n.","1921-10-00","1921","10","00",NA,NA,"October, 1921","California Fungi. Berkeley, CA [Anonymous, Calif. Fungi], 1- ? 1425, Herbarium of the University of California., exs #: 98","","on Polygonum muhlenbergii","",NA,"",NA,NA,NA,"",NA,NA,NA,"",NA,NA,NA,"United States","California","San Francisco","San Francisco","Golden Gate Park",NA,NA,NA,37.769097,-122.48025,"WGS84",3059,"","harmona4","","GeoLocate","","",NA,NA,NA,NA,NA,"",NA,NA,"harmona4","2020-05-08 08:53:22",NA,70,"urn:uuid:fe66df04-c9d0-402c-93bc-f28e1e378924","https://www.mycoportal.org/portal/collections/individual/index.php?occid=4790604"
"8",4797890,"CINC",NA,NA,"PreservedSpecimen","a86f6f4a-a521-4050-b052-f41cb3405d18","CINC-F-0002323","","Fungi|Basidiomycota|Pucciniomycotina|Pucciniomycetes|Pucciniales|Pucciniaceae|Puccinia","Fungi","Basidiomycota","Pucciniomycetes","Pucciniales","Pucciniaceae","Puccinia absinthii",397014,"DC.","Puccinia",NA,"absinthii","","","Species","","",NA,NA,NA,"","","Parks, H.E.","","s.n.","1921-11-14","1921","11","14",318,NA,"November 14, 1921","California Fungi. Berkeley, CA [Anonymous, Calif. Fungi], 1- ? 1425, Herbarium of the University of California., exs #: 2","","on Artemisia dracunculoides","",NA,"",NA,NA,NA,"",NA,NA,NA,"",NA,NA,NA,"United States","California","Santa Clara","","near Coyote",NA,NA,NA,37.183658,-121.706172,"WGS84",2145,"","harmona4","","GeoLocate","","",NA,NA,NA,NA,NA,"",NA,NA,"harmona4","2020-05-08 08:53:22",NA,70,"urn:uuid:a86f6f4a-a521-4050-b052-f41cb3405d18","https://www.mycoportal.org/portal/collections/individual/index.php?occid=4797890"
"9",4797919,"CINC",NA,NA,"PreservedSpecimen","562e3286-5561-40f8-b977-eccceaa1ee33","CINC-F-0002329","","Fungi|Basidiomycota|Pucciniomycotina|Pucciniomycetes|Pucciniales|Pucciniaceae|Puccinia","Fungi","Basidiomycota","Pucciniomycetes","Pucciniales","Pucciniaceae","Puccinia aequinoctialis",397080,"Holw.","Puccinia",NA,"aequinoctialis","","","Species","","",NA,NA,NA,"","","Seaver, F.J.","","3092","1921-03-09","1921","3","9",68,NA,"March 9, 1921","","","on Cydista aequinoctialis","",NA,"",NA,NA,NA,"",NA,NA,NA,"",NA,NA,NA,"Trinidad and Tobago","Trinidad","","Manzanilla","",NA,NA,NA,10.5,-61.25,"",301,"","lara2 (2016-11-04 09:22:21)","","georef batch tool 2016-11-04; GeoLocate","reviewed - high confidence","",NA,NA,NA,NA,NA,"",NA,NA,"harmona4","2020-04-25 10:04:57",NA,70,"urn:uuid:562e3286-5561-40f8-b977-eccceaa1ee33","https://www.mycoportal.org/portal/collections/individual/index.php?occid=4797919"
"10",4797993,"CINC",NA,NA,"PreservedSpecimen","b0247876-9e33-4eca-b25a-48087f401915","CINC-F-0002363","","Fungi|Basidiomycota|Pucciniomycotina|Pucciniomycetes|Pucciniales|Pucciniaceae|Puccinia","Fungi","Basidiomycota","Pucciniomycetes","Pucciniales","Pucciniaceae","Puccinia antioquiensis",397229,"Mayor","Puccinia",NA,"antioquiensis","","","Species","","",NA,NA,NA,"","","Seaver, F.J.","","3269","1921-03-19","1921","3","19",78,NA,"March 19, 1921","","","on Cyperus diffusus","",NA,"",NA,NA,NA,"",NA,NA,NA,"",NA,NA,NA,"Trinidad and Tobago","Trinidad","","Moruga","Moruga",NA,NA,NA,10.090527,-61.279946,"WGS84",3036,"","harmona4","","GeoLocate","","",NA,NA,NA,NA,NA,"",NA,NA,"harmona4","2020-05-08 08:53:22",NA,70,"urn:uuid:b0247876-9e33-4eca-b25a-48087f401915","https://www.mycoportal.org/portal/collections/individual/index.php?occid=4797993"
"11",4797997,"CINC",NA,NA,"PreservedSpecimen","7d11c909-4cfd-4899-a661-266295865604","CINC-F-0002365","","Fungi|Basidiomycota|Pucciniomycotina|Pucciniomycetes|Pucciniales|Pucciniaceae|Puccinia","Fungi","Basidiomycota","Pucciniomycetes","Pucciniales","Pucciniaceae","Puccinia antirrhini",188239,"Dietel & Holw.","Puccinia",NA,"antirrhini","","","Species","","",NA,NA,NA,"","","Parks, H.E.","","s.n.","1921-10-00","1921","10","00",NA,NA,"October, 1921","California Fungi. Berkeley, CA [Anonymous, Calif. Fungi], 1- ? 1425, Herbarium of the University of California., exs #: 8","","Antirrhinum species in cultivation","",NA,"",NA,NA,NA,"",NA,NA,NA,"",NA,NA,NA,"United States","California","Alameda","Berkeley","Botanical Gardens, University of California, Berkeley",NA,NA,NA,37.871593,-122.272747,"WGS84",5007,"","harmona4","","GeoLocate","reviewed - high confidence","",NA,NA,NA,NA,NA,"",NA,NA,"harmona4","2020-05-08 08:53:22",NA,70,"urn:uuid:7d11c909-4cfd-4899-a661-266295865604","https://www.mycoportal.org/portal/collections/individual/index.php?occid=4797997"
"12",4798036,"CINC",NA,NA,"PreservedSpecimen","31f433c8-7d1c-4d55-bf37-b6eaaa8a2199","CINC-F-0002386","","Fungi|Basidiomycota|Pucciniomycotina|Pucciniomycetes|Pucciniales|Pucciniaceae|Puccinia","Fungi","Basidiomycota","Pucciniomycetes","Pucciniales","Pucciniaceae","Puccinia asparagi",188247,"DC.","Puccinia",NA,"asparagi","","","Species","","",NA,NA,NA,"","","Parks, H.E.","","s.n.","1921-11-00","1921","11","00",NA,NA,"November, 1921","California Fungi. Berkeley, CA [Anonymous, Calif. Fungi], 1- ? 1425, Herbarium of the University of California., exs #: 10","","on Asparagus officinalis","",NA,"",NA,NA,NA,"",NA,NA,NA,"",NA,NA,NA,"United States","California","Alameda","","Bay Farm Island",NA,NA,NA,37.731041,-122.226912,"WGS84",5421,"","harmona4","","GeoLocate","","",NA,NA,NA,NA,NA,"",NA,NA,"harmona4","2020-05-08 08:53:22",NA,70,"urn:uuid:31f433c8-7d1c-4d55-bf37-b6eaaa8a2199","https://www.mycoportal.org/portal/collections/individual/index.php?occid=4798036"
"13",4798136,"CINC",NA,NA,"PreservedSpecimen","12924f6c-3209-48f3-8a22-901fa8f31347","CINC-F-0002412","","Fungi|Basidiomycota|Pucciniomycotina|Pucciniomycetes|Pucciniales|Pucciniaceae|Puccinia","Fungi","Basidiomycota","Pucciniomycetes","Pucciniales","Pucciniaceae","Puccinia bignoniacearum",397481,"Speg.","Puccinia",NA,"bignoniacearum","","","Species","","",NA,NA,NA,"","","Seaver, F.J.","","3333","1921-03-00","1921","3","00",NA,NA,"Mar. 24-28, 1921","","","on Bignoniaceae","",NA,"",NA,NA,NA,"",NA,NA,NA,"",NA,NA,NA,"Trinidad and Tobago","Trinidad","","","Las Lilas",NA,NA,NA,10.5,-61.25,"",301,"","lara2 (2016-11-04 09:22:21)","","georef batch tool 2016-11-04; GeoLocate","reviewed - high confidence","",NA,NA,NA,NA,NA,"",NA,NA,"harmona4","2020-04-25 13:10:43",NA,70,"urn:uuid:12924f6c-3209-48f3-8a22-901fa8f31347","https://www.mycoportal.org/portal/collections/individual/index.php?occid=4798136"
"14",4798201,"CINC",NA,NA,"PreservedSpecimen","00cb91c2-9df6-422f-97cb-733026d6dcbf","CINC-F-0002448","","Fungi|Basidiomycota|Pucciniomycotina|Pucciniomycetes|Pucciniales|Pucciniaceae|Puccinia","Fungi","Basidiomycota","Pucciniomycetes","Pucciniales","Pucciniaceae","Puccinia caricis",528806,"Rebent.","Puccinia",NA,"caricis","","","Species","","",NA,NA,NA,"","","Parks, H.E.","","s.n.","1921-11-14","1921","11","14",318,NA,"November 14, 1921","California Fungi. Berkeley, CA [Anonymous, Calif. Fungi], 1- ? 1425, Herbarium of the University of California., exs #: 119","","on Carex obnupta","",NA,"",NA,NA,NA,"",NA,NA,NA,"",NA,NA,NA,"United States","California","Santa Clara","","Coyote Creek, near Coyote",NA,NA,NA,37.186422,-121.698485,"WGS84",5320,"","harmona4","","GeoLocate","","",NA,NA,NA,NA,NA,"",NA,NA,"harmona4","2020-05-08 08:53:22",NA,70,"urn:uuid:00cb91c2-9df6-422f-97cb-733026d6dcbf","https://www.mycoportal.org/portal/collections/individual/index.php?occid=4798201"
"15",4798240,"CINC",NA,NA,"PreservedSpecimen","326d52d3-3efb-43a6-8718-de6bdae0acb3","CINC-F-0002485","","Fungi|Basidiomycota|Pucciniomycotina|Pucciniomycetes|Pucciniales|Pucciniaceae|Puccinia","Fungi","Basidiomycota","Pucciniomycetes","Pucciniales","Pucciniaceae","Puccinia chondrillina",397790,"Bub�k & Syd.","Puccinia",NA,"chondrillina","","","Species","","",NA,NA,NA,"","","Diehl, W.W.","","60280","1921-07-09","1921","7","9",190,NA,"July 9, 1921","","","on Chondrilla juncea","",NA,"",NA,NA,NA,"",NA,NA,NA,"",NA,NA,NA,"United States","Virginia","Arlington","Fort Berry","Fort Berry",NA,NA,NA,38.85559,-77.09161,"",289,"","jwillis (2017-05-16 11:15:59)","","georef batch tool 2017-05-16; GeoLocate","reviewed - high confidence","",NA,NA,NA,NA,NA,"",NA,NA,"harmona4","2020-04-25 10:49:46",NA,70,"urn:uuid:326d52d3-3efb-43a6-8718-de6bdae0acb3","https://www.mycoportal.org/portal/collections/individual/index.php?occid=4798240"
"16",4798241,"CINC",NA,NA,"PreservedSpecimen","2faeb52f-b8e8-4baa-83e0-5c0f824671f8","CINC-F-0002486","","Fungi|Basidiomycota|Pucciniomycotina|Pucciniomycetes|Pucciniales|Pucciniaceae|Puccinia","Fungi","Basidiomycota","Pucciniomycetes","Pucciniales","Pucciniaceae","Puccinia chrysanthemi",188262,"Roze","Puccinia",NA,"chrysanthemi","","","Species","","",NA,NA,NA,"","","Parks, H.E.","","s.n.","1921-10-00","1921","10","00",NA,NA,"October, 1921","California Fungi. Berkeley, CA [Anonymous, Calif. Fungi], 1- ? 1425, Herbarium of the University of California., exs #: 21","","on cultivated Chrysanthemum indicum","",NA,"",NA,NA,NA,"",NA,NA,NA,"",NA,NA,NA,"United States","California","San Francisco","San Francisco","Golden Gate Park",NA,NA,NA,37.769097,-122.48025,"WGS84",3059,"","harmona4","","GeoLocate","","",NA,NA,NA,NA,NA,"",NA,NA,"harmona4","2020-05-08 08:53:22",NA,70,"urn:uuid:2faeb52f-b8e8-4baa-83e0-5c0f824671f8","https://www.mycoportal.org/portal/collections/individual/index.php?occid=4798241"
"17",4800438,"CINC",NA,NA,"PreservedSpecimen","fd8662c8-f12d-4803-b65f-87841e22677a","CINC-F-0002515","","Fungi|Basidiomycota|Pucciniomycotina|Pucciniomycetes|Pucciniales|Pucciniaceae|Puccinia","Fungi","Basidiomycota","Pucciniomycetes","Pucciniales","Pucciniaceae","Puccinia clematidis",697633,"(DC.) Lagerh.","Puccinia",NA,"clematidis","","","Species","","",NA,NA,NA,"","","Bethel, E.","","75370","1921-00-00","1921","00","00",NA,NA,"prob. 1921","","","on Anemone cylindrica","",NA,"",NA,NA,NA,"",NA,NA,NA,"",NA,NA,NA,"United States","Colorado","","","",NA,NA,NA,NA,NA,"",NA,"","","","","","",NA,NA,NA,NA,NA,"",NA,NA,"harmona4","2020-04-22 10:24:11",NA,70,"urn:uuid:fd8662c8-f12d-4803-b65f-87841e22677a","https://www.mycoportal.org/portal/collections/individual/index.php?occid=4800438"
"18",4825158,"CINC",NA,NA,"PreservedSpecimen","f626f9f6-bc94-4d7d-a85e-b5540618de60","CINC-F-0002639","","Fungi|Basidiomycota|Pucciniomycotina|Pucciniomycetes|Pucciniales|Pucciniaceae|Puccinia","Fungi","Basidiomycota","Pucciniomycetes","Pucciniales","Pucciniaceae","Puccinia eupatorii-columbiani",398299,"Mayor","Puccinia",NA,"eupatorii-columbiani","","","Species","","",NA,NA,NA,"","","Seaver, F.J.","","3587","1921-04-14","1921","4","14",104,NA,"April 14, 1921","","","on Eupatorium inulifolium","",NA,"",NA,NA,NA,"",NA,NA,NA,"",NA,NA,NA,"Trinidad and Tobago","Trinidad","","","Aripo Savanna",NA,NA,NA,10.5,-61.25,"",301,"","lara2 (2016-11-04 09:22:21)","","georef batch tool 2016-11-04; GeoLocate","reviewed - high confidence","",NA,NA,NA,NA,NA,"",NA,NA,"harmona4","2020-04-25 13:15:00",NA,70,"urn:uuid:f626f9f6-bc94-4d7d-a85e-b5540618de60","https://www.mycoportal.org/portal/collections/individual/index.php?occid=4825158"
"19",4825207,"CINC",NA,NA,"PreservedSpecimen","10786fcd-55a4-4411-9ee6-8b994e5a4025","CINC-F-0002666","","Fungi|Basidiomycota|Pucciniomycotina|Pucciniomycetes|Pucciniales|Pucciniaceae|Puccinia","Fungi","Basidiomycota","Pucciniomycetes","Pucciniales","Pucciniaceae","Puccinia helianthi",188303,"Schwein.","Puccinia",NA,"helianthi","","","Species","","",NA,NA,NA,"","","Parks, H.E.","","s.n.","1921-11-14","1921","11","14",318,NA,"November 14, 1921","California Fungi. Berkeley, CA [Anonymous, Calif. Fungi], 1- ? 1425, Herbarium of the University of California., exs #: 51","","on Helianthus annuus","",NA,"",NA,NA,NA,"",NA,NA,NA,"",NA,NA,NA,"United States","California","Santa Clara","San Jose","San Jose",NA,NA,NA,37.339386,-121.894956,"WGS84",26452,"","harmona4","","GeoLocate","","",NA,NA,NA,NA,NA,"",NA,NA,"harmona4","2020-05-08 08:53:22",NA,70,"urn:uuid:10786fcd-55a4-4411-9ee6-8b994e5a4025","https://www.mycoportal.org/portal/collections/individual/index.php?occid=4825207"
"20",4825242,"CINC",NA,NA,"PreservedSpecimen","941a56f0-4fc2-40e7-abfa-86c4dbd5255f","CINC-F-0002685","","Fungi|Basidiomycota|Pucciniomycotina|Pucciniomycetes|Pucciniales|Pucciniaceae|Puccinia","Fungi","Basidiomycota","Pucciniomycetes","Pucciniales","Pucciniaceae","Puccinia heucherae",188305,"(Schwein.) Dietel","Puccinia",NA,"heucherae","","","Species","","",NA,NA,NA,"","","Parks, H.E.","","1368","1921-12-22","1921","12","22",356,NA,"Dec. 22, 1921","California Fungi. Berkeley, CA [Anonymous, Calif. Fungi], 1- ? 1425, Herbarium of the University of California., exs #: 54","Frequent in the Coast Range","on Heuchera micrantha","",NA,"",NA,NA,NA,"",NA,NA,NA,"",NA,NA,NA,"United States","California","Alameda","Berkeley Hills","Berkeley Hills",NA,NA,NA,37.8667,-122.2333,"WGS84",1750,"","harmona4","","GeoLocate","","",NA,NA,NA,NA,NA,"",NA,NA,"harmona4","2020-05-08 08:53:22",NA,70,"urn:uuid:941a56f0-4fc2-40e7-abfa-86c4dbd5255f","https://www.mycoportal.org/portal/collections/individual/index.php?occid=4825242"
"21",4826594,"CINC",NA,NA,"PreservedSpecimen","cdced010-65dd-45c9-a728-d67cedbce840","CINC-F-0002875","","Fungi|Basidiomycota|Pucciniomycotina|Pucciniomycetes|Septobasidiales|Septobasidiaceae|Septobasidium","Fungi","Basidiomycota","Pucciniomycetes","Septobasidiales","Septobasidiaceae","Septobasidium pseudopedicellatum",418722,"Burt","Septobasidium",NA,"pseudopedicellatum","","","Species","","",NA,NA,NA,"","","Povah, A.H.","","s.n.","1921-10-21","1921","10","21",294,NA,"October 21, 1921","","","on Alnus rugosa","",NA,"",NA,NA,NA,"",NA,NA,NA,"",NA,NA,NA,"United States","Alabama","Lee","Auburn","Auburn",NA,NA,NA,32.609857,-85.480782,"WGS84",9851,"","harmona4","","GeoLocate","reviewed - high confidence","",NA,NA,NA,NA,NA,"",NA,NA,"harmona4","2020-05-08 08:53:22",NA,70,"urn:uuid:cdced010-65dd-45c9-a728-d67cedbce840","https://www.mycoportal.org/portal/collections/individual/index.php?occid=4826594"
"22",4830977,"CINC",NA,NA,"PreservedSpecimen","a22a1b6e-28a7-4eaf-8245-a7b3fcd78518","CINC-F-0002954","","Fungi|Basidiomycota|Agaricomycotina|Agaricomycetes|Russulales|Stereaceae|Stereum","Fungi","Basidiomycota","Agaricomycetes","Russulales","Stereaceae","Stereum rufum",435053,"(Fr.) Fr.","Stereum",NA,"rufum","","","Species","","",NA,NA,NA,"","","Povah, A. H.","","s.n.","1921-07-00","1921","7","00",NA,NA,"July 1921","","","on Populus sp. twig","",NA,"",NA,NA,NA,"",NA,NA,NA,"",NA,NA,NA,"United States","New York","Saint Lawrence","Cranberry Lake","Cranberry Lake",NA,NA,NA,44.222562,-74.836299,"",9000,"","harmona4 (2020-04-14 09:30:49)","","georef batch tool 2020-04-14; GeoLocate","reviewed - high confidence","",NA,NA,NA,NA,NA,"",NA,NA,"harmona4","2020-04-25 09:00:49",NA,70,"urn:uuid:a22a1b6e-28a7-4eaf-8245-a7b3fcd78518","https://www.mycoportal.org/portal/collections/individual/index.php?occid=4830977"
"23",4906607,"CINC",NA,NA,"PreservedSpecimen","50e6c38a-34e6-4c92-8f60-f0dabfbd5152","CINC-F-0003178","","Fungi|Basidiomycota|Ustilaginomycotina|Exobasidiomycetes|Exobasidiomycetidae|Exobasidiales|Exobasidiaceae|Exobasidium","Fungi","Basidiomycota","Exobasidiomycetes","Exobasidiales","Exobasidiaceae","Exobasidium vaccinii",183375,"(Fuckel) Woronin","Exobasidium",NA,"vaccinii","","","Species","","",NA,NA,NA,"","","Thaxter, R.","","3539","1921-07-00","1921","7","00",NA,NA,"June, 1921","Reliquiae Farlowianae, 1 - 1000, R. Thaxter ; D. Linder, exs #: 792","","on Vaccinium vacillans","",NA,"",NA,NA,NA,"",NA,NA,NA,"",NA,NA,NA,"United States","Massachusetts","Norfolk","Millis","Millis",NA,NA,NA,42.1667,-71.35,"WGS84",935,"","harmona4","","GeoLocate","","",NA,NA,NA,NA,NA,"",NA,NA,"harmona4","2020-05-08 08:53:22",NA,70,"urn:uuid:50e6c38a-34e6-4c92-8f60-f0dabfbd5152","https://www.mycoportal.org/portal/collections/individual/index.php?occid=4906607"
"24",4916288,"CINC",NA,NA,"PreservedSpecimen","47eb14fc-33ee-4092-b2bf-f4fedfcd950e","CINC-F-0003220","","Fungi|Basidiomycota|Agaricomycotina|Agaricomycetes|Hypolyssus","Fungi","Basidiomycota","Agaricomycetes","","Omphalotaceae","Hypolyssus montagnei",248350,"Berk.","Hypolyssus",NA,"montagnei","","","Species","","",NA,NA,NA,"","","Seaver, F.J.","","3554","1921-04-10","1921","4","10",100,NA,"April 10, 1921","","","on rotten wood","",NA,"",NA,NA,NA,"",NA,NA,NA,"",NA,NA,NA,"Trinidad and Tobago","Trinidad","","","Mora Forest, East of Sangre Grande",NA,NA,NA,10.587123,-61.132198,"WGS84",13440,"","","","GeoLocate","","",NA,NA,NA,NA,NA,"",NA,NA,"harmona4","2020-04-25 10:04:57",NA,70,"urn:uuid:47eb14fc-33ee-4092-b2bf-f4fedfcd950e","https://www.mycoportal.org/portal/collections/individual/index.php?occid=4916288"
"25",4922499,"CINC",NA,NA,"PreservedSpecimen","c536030c-c63d-4a74-b43e-2131050a4f3a","CINC-F-0003388","","Fungi|Basidiomycota|Pucciniomycotina|Pucciniomycetes|Pucciniales|Coleosporiaceae|Coleosporium","Fungi","Basidiomycota","Pucciniomycetes","Pucciniales","Coleosporiaceae","Coleosporium ipomoeae",146089,"(Schwein.) Burrill","Coleosporium",NA,"ipomoeae","","","Species","","",NA,NA,NA,"","","Seaver, F.J.","","3291","1921-03-22","1921","3","22",81,NA,"March 22, 1921","","","on Ipomoea glabra","",NA,"",NA,NA,NA,"",NA,NA,NA,"",NA,NA,NA,"Trinidad and Tobago","Trinidad","","Laventille","Lady Chancellor Road, Trinidad",NA,NA,NA,10.5,-61.25,"",301,"","lara2 (2016-11-04 09:22:21)","","georef batch tool 2016-11-04; GeoLocate","reviewed - high confidence","",NA,NA,NA,NA,NA,"",NA,NA,"harmona4","2020-04-25 10:04:57",NA,70,"urn:uuid:c536030c-c63d-4a74-b43e-2131050a4f3a","https://www.mycoportal.org/portal/collections/individual/index.php?occid=4922499"
"26",4952706,"CINC",NA,NA,"PreservedSpecimen","31526ea8-7014-4095-9455-c74968cb138a","CINC-F-0003626","","Fungi|Basidiomycota|Agaricomycotina|Agaricomycetes|Agaricomycetidae|Agaricales|Cyphellaceae|Cyphella","Fungi","Basidiomycota","Agaricomycetes","Agaricales","Niaceae","Cyphella alboviolascens",162178,"(Alb. & Schwein.) P. Karst.","Cyphella",NA,"alboviolascens","","","Species","","",NA,NA,NA,"","","Thaxter, R.","","4151","1921-07-00","1921","7","00",NA,NA,"July, 1921","Reliquiae Farlowianae, 1 - 1000, R. Thaxter ; D. Linder, exs #: 791","","on Syringa vulgaris","",NA,"",NA,NA,NA,"",NA,NA,NA,"",NA,NA,NA,"United States","Maine","York","Kittery Point","Kittery Point",NA,NA,NA,43.083422,-70.70783,"WGS84",3326,"","slwest (2016-12-21 08:56:06)","","georef batch tool 2016-12-21; GeoLocate","reviewed - high confidence","",NA,NA,NA,NA,NA,"",NA,NA,"harmona4","2020-04-25 10:39:42",NA,70,"urn:uuid:31526ea8-7014-4095-9455-c74968cb138a","https://www.mycoportal.org/portal/collections/individual/index.php?occid=4952706"
"27",4958527,"CINC",NA,NA,"PreservedSpecimen","1a56b191-1843-40f9-baba-638d9d831be6","CINC-F-0003696","3340","Fungi|Basidiomycota|Pucciniomycotina|Pucciniomycetes|Pucciniales|Uredo","Fungi","Basidiomycota","Pucciniomycetes","Pucciniales","Pucciniaceae","Uredo adenocalymmatis",551303,"Henn.","Uredo",NA,"adenocalymmatis","","","Species","","",NA,NA,NA,"","","Seaver, F.J.","","s.n.","1921-03-26","1921","3","26",85,NA,"March 26-28, 1921","","Forest","on Sapindaceae sp.","",NA,"",NA,NA,NA,"",NA,NA,NA,"",NA,NA,NA,"Trinidad and Tobago","Trinidad","","Tabaquite","Tabaquite",NA,NA,NA,10.38824,-61.297045,"WGS84",3036,"","","","GeoLocate","","",NA,NA,NA,NA,NA,"",NA,NA,"harmona4","2020-05-08 08:53:22",NA,70,"urn:uuid:1a56b191-1843-40f9-baba-638d9d831be6","https://www.mycoportal.org/portal/collections/individual/index.php?occid=4958527"
"28",4994303,"CINC",NA,NA,"PreservedSpecimen","12b0c0ee-d494-44d6-bdfc-32608b960911","CINC-F-0003902","","Incertae Sedis|Fungi|Basidiomycota|Pucciniomycotina|Pucciniomycetes|Pucciniales|Nigredo","Fungi","Basidiomycota","Pucciniomycetes","Pucciniales","Pucciniaceae","Nigredo leptoderma",306559,"(Syd. & P. Syd.) Arthur","Nigredo",NA,"leptoderma","","","Species","","",NA,NA,NA,"","","Seaver, F.J.","","3477","1921-04-02","1921","4","2",92,NA,"April 2-7, 1921","","","on Lasiacis sp.","",NA,"",NA,NA,NA,"",NA,NA,NA,"",NA,NA,NA,"Trinidad and Tobago","Diego Martin Regional Corporation","","","Gasparee Island",NA,NA,NA,10.665073,-61.655326,"WGS84",1137,"","","","GeoLocate","","placed marker in the middle of the island, with uncertainty reaching to both ends, including the whole island.",NA,NA,NA,NA,NA,"",NA,NA,"harmona4","2020-04-25 10:04:57",NA,70,"urn:uuid:12b0c0ee-d494-44d6-bdfc-32608b960911","https://www.mycoportal.org/portal/collections/individual/index.php?occid=4994303"
"29",4994305,"CINC",NA,NA,"PreservedSpecimen","0cecad1a-0b19-477d-8781-4e577814d7a1","CINC-F-0003904","","Incertae Sedis|Fungi|Basidiomycota|Pucciniomycotina|Pucciniomycetes|Pucciniales|Nigredo","Fungi","Basidiomycota","Pucciniomycetes","Pucciniales","Pucciniaceae","Nigredo columbiana",306525,"(Mayor) Arthur","Nigredo",NA,"columbiana","","","Species","","",NA,NA,NA,"","","Seaver, F.J.","","3301","1921-00-00","1921","00","00",NA,NA,"1921","","","on Melanthera aspera","",NA,"",NA,NA,NA,"",NA,NA,NA,"",NA,NA,NA,"Trinidad and Tobago","","","","",NA,NA,NA,NA,NA,"",NA,"","","","","","",NA,NA,NA,NA,NA,"",NA,NA,"harmona4","2020-04-22 12:11:23",NA,70,"urn:uuid:0cecad1a-0b19-477d-8781-4e577814d7a1","https://www.mycoportal.org/portal/collections/individual/index.php?occid=4994305"
"30",4994306,"CINC",NA,NA,"PreservedSpecimen","24c0d36c-c52c-4664-bfb1-c2a8d5618b3a","CINC-F-0003905","","Incertae Sedis|Fungi|Basidiomycota|Pucciniomycotina|Pucciniomycetes|Pucciniales|Nigredo","Fungi","Basidiomycota","Pucciniomycetes","Pucciniales","Pucciniaceae","Nigredo affinis",306505,"(G. Winter) Arthur","Nigredo",NA,"affinis","","","Species","","",NA,NA,NA,"","","Seaver, F.J.","","3387","1921-03-30","1921","3","30",89,NA,"March 30, 1921","","","on Hypoxis decumbens","",NA,"",NA,NA,NA,"",NA,NA,NA,"",NA,NA,NA,"Trinidad and Tobago","Trinidad","","Cocorite","Cocorite",NA,NA,NA,10.681067,-61.548776,"WGS84",3036,"","harmona4","","GeoLocate","reviewed - high confidence","",NA,NA,NA,NA,NA,"",NA,NA,"harmona4","2020-05-08 08:53:22",NA,70,"urn:uuid:24c0d36c-c52c-4664-bfb1-c2a8d5618b3a","https://www.mycoportal.org/portal/collections/individual/index.php?occid=4994306"
"31",5023722,"CINC",NA,NA,"PreservedSpecimen","7bf8855a-5ff2-4fba-b866-7dea6a1c5518","CINC-F-0003980","","Fungi|Basidiomycota|Pucciniomycotina|Pucciniomycetes|Pucciniales|Pileolariaceae|Pileolaria","Fungi","Basidiomycota","Pucciniomycetes","Pucciniales","Pileolariaceae","Pileolaria effusa",377622,"Peck","Pileolaria",NA,"effusa","","","Species","","",NA,NA,NA,"","","Bethel, E.","Bartholomew","75217","1921-06-16","1921","6","16",167,NA,"June 16, 1921","","","on Rhus rydbergii (syn. Toxicodendron rydbergii)","",NA,"",NA,NA,NA,"",NA,NA,NA,"",NA,NA,NA,"United States","Colorado","Boulder","Eldorado Springs","Eldorado Springs",NA,NA,NA,39.931931,-105.27749,"WGS84",3657,"","harmona4","","GeoLocate","","",NA,NA,NA,NA,NA,"",NA,NA,"harmona4","2020-05-08 08:53:22",NA,70,"urn:uuid:7bf8855a-5ff2-4fba-b866-7dea6a1c5518","https://www.mycoportal.org/portal/collections/individual/index.php?occid=5023722"
"32",5035943,"CINC",NA,NA,"PreservedSpecimen","97ff4a52-9004-488e-81c2-4eb368a0f4d0","CINC-F-0004040","3406","Fungi|Basidiomycota|Pucciniomycotina|Pucciniomycetes|Pucciniales|Uropyxidaceae|Prospodium","Fungi","Basidiomycota","Pucciniomycetes","Pucciniales","Uropyxidaceae","Prospodium appendiculatum",187860,"(Kuntze) Arthur","Prospodium",NA,"appendiculatum","","","Species","","",NA,NA,NA,"","","Seaver, F.J.","","s.n.","1921-03-31","1921","3","31",90,NA,"March 31, 1921","","","on Tecoma stans","",NA,"",NA,NA,NA,"",NA,NA,NA,"",NA,NA,NA,"Trinidad and Tobago","Trinidad","","Point Gourde","Pointe Gourde, Trinidad",NA,NA,NA,10.673631,-61.626434,"WGS84",1358,"","McCormick, Carol Ann","","","reviewed - high confidence","= Pointe Gourde, Trinidad",NA,NA,NA,NA,NA,"",NA,NA,"harmona4","2020-04-25 10:04:57",NA,70,"urn:uuid:97ff4a52-9004-488e-81c2-4eb368a0f4d0","https://www.mycoportal.org/portal/collections/individual/index.php?occid=5035943"
"33",5042122,"CINC",NA,NA,"PreservedSpecimen","73beacd1-491c-4f35-96e5-e00af628359d","CINC-F-0004185","","Fungi|Basidiomycota|Agaricomycotina|Agaricomycetes|Agaricomycetidae|Polyporales|Corticiales|Phanerochaetaceae|Corticiaceae|Corticium","Fungi","Basidiomycota","Agaricomycetes","Corticiales","Phanerochaetaceae","Corticium coeruleum",152925,"(Lam.) Fr.","Corticium",NA,"coeruleum","","","Species","","",NA,NA,NA,"","","Povah, A.H.","","s.n.","1921-11-00","1921","11","00",NA,NA,"November, 1921","","","on pear tree","",NA,"",NA,NA,NA,"",NA,NA,NA,"",NA,NA,NA,"United States","Alabama","Lee","Auburn","Auburn",NA,NA,NA,32.609857,-85.480782,"WGS84",9851,"","harmona4","","GeoLocate","","",NA,NA,NA,NA,NA,"",NA,NA,"harmona4","2020-05-08 08:53:22",NA,70,"urn:uuid:73beacd1-491c-4f35-96e5-e00af628359d","https://www.mycoportal.org/portal/collections/individual/index.php?occid=5042122"
"34",5086106,"CINC",NA,NA,"PreservedSpecimen","eae1e72a-5da7-4a62-97ac-ff59b609eb25","CINC-F-0004622","","Fungi|Basidiomycota|Agaricomycotina|Agaricomycetes|Agaricomycetidae|Polyporales|Fomitopsidaceae|Rhodofomes","Fungi","Basidiomycota","Agaricomycetes","Polyporales","Fomitopsidaceae","Rhodofomes cajanderi",697867,"(P. Karst.) B.K. Cui, M.L. Han & Y.C. Dai","Rhodofomes",NA,"cajanderi","","","Species","","",NA,NA,NA,"","","Rosa, M.W.","","s.n.","1921-06-15","1921","6","15",166,NA,"June 15, 1921","","","on Picea rubens","",NA,"",NA,NA,NA,"",NA,NA,NA,"",NA,NA,NA,"United States","New York","Saint Lawrence","Cranberry Lake","Cranberry Lake",NA,NA,NA,44.125427,-74.885226,"WGS84",8324,"","harmona4 (2020-04-14 09:30:49)","","GeoLocate","reviewed - high confidence","",NA,NA,NA,NA,NA,"",NA,NA,"harmona4","2020-05-08 08:53:22",NA,70,"urn:uuid:eae1e72a-5da7-4a62-97ac-ff59b609eb25","https://www.mycoportal.org/portal/collections/individual/index.php?occid=5086106"
"35",5086107,"CINC",NA,NA,"PreservedSpecimen","0394fc51-c625-4beb-8c2d-89bd8e6f0135","CINC-F-0004623","","Fungi|Basidiomycota|Agaricomycotina|Agaricomycetes|Agaricomycetidae|Polyporales|Fomitopsidaceae|Rhodofomes","Fungi","Basidiomycota","Agaricomycetes","Polyporales","Fomitopsidaceae","Rhodofomes cajanderi",697867,"(P. Karst.) B.K. Cui, M.L. Han & Y.C. Dai","Rhodofomes",NA,"cajanderi","","","Species","","",NA,NA,NA,"","","Povah, A.H.","","s.n.","1921-07-00","1921","7","00",NA,NA,"July, 1921","","","on coniferous wood","",NA,"",NA,NA,NA,"",NA,NA,NA,"",NA,NA,NA,"United States","New York","Saint Lawrence","Cranberry Lake","Cranberry Lake",NA,NA,NA,44.125427,-74.885226,"WGS84",8324,"","harmona4 (2020-04-14 09:30:49)","","GeoLocate","reviewed - high confidence","",NA,NA,NA,NA,NA,"",NA,NA,"harmona4","2020-05-08 08:53:22",NA,70,"urn:uuid:0394fc51-c625-4beb-8c2d-89bd8e6f0135","https://www.mycoportal.org/portal/collections/individual/index.php?occid=5086107"
"36",5086111,"CINC",NA,NA,"PreservedSpecimen","07d0cce4-eb0e-46f3-915d-8f4597a00c32","CINC-F-0004627","","","","","","","Polyporaceae","Datroniella scutellata",634221,"(Schwein.) B.K. Cui, Hai J. Li & Y.C. Dai","Datroniella",NA,"scutellata","","","Species","","",NA,NA,NA,"","","Overholts, L.O.","","7324","1921-05-09","1921","5","9",129,NA,"May 9, 1921","","","on dead Alnus incana","",NA,"",NA,NA,NA,"",NA,NA,NA,"",NA,NA,NA,"United States","Pennsylvania","Huntingdon","Laurel Run","Laurel Run",NA,NA,NA,40.32234,-78.124729,"WGS84",210,"","","","GeoLocate","","",NA,NA,NA,NA,NA,"",NA,NA,"harmona4","2020-05-08 08:53:22",NA,70,"urn:uuid:07d0cce4-eb0e-46f3-915d-8f4597a00c32","https://www.mycoportal.org/portal/collections/individual/index.php?occid=5086111"
"37",5086338,"CINC",NA,NA,"PreservedSpecimen","b9e8129c-6adb-474a-9e98-a77efc6e7591","CINC-F-0004649","","Fungi|Basidiomycota|Agaricomycotina|Agaricomycetes|Hymenochaetales|Hymenochaetaceae|Phellinus","Fungi","Basidiomycota","Agaricomycetes","Hymenochaetales","Hymenochaetaceae","Phellinus igniarius",187075,"(L.) Qu�l.","Phellinus",NA,"igniarius","","","Species","","",NA,NA,NA,"","","Povah, A.H.","","s.n.","1921-07-00","1921","7","00",NA,NA,"July, 1921","","","on Betula lutea","",NA,"",NA,NA,NA,"",NA,NA,NA,"",NA,NA,NA,"United States","New York","Saint Lawrence","Cranberry Lake","Cranberry Lake",NA,NA,NA,44.125427,-74.885226,"WGS84",8324,"","harmona4 (2020-04-14 09:30:49)","","GeoLocate","reviewed - high confidence","",NA,NA,NA,NA,NA,"",NA,NA,"harmona4","2020-05-08 08:53:22",NA,70,"urn:uuid:b9e8129c-6adb-474a-9e98-a77efc6e7591","https://www.mycoportal.org/portal/collections/individual/index.php?occid=5086338"
"38",5105463,"CINC",NA,NA,"PreservedSpecimen","013a11bd-ff66-4c58-9215-205f73e68dab","CINC-F-0004798","","Fungi|Basidiomycota|Agaricomycotina|Agaricomycetes|Gloeophyllales|Gloeophyllaceae|Gloeophyllum","Fungi","Basidiomycota","Agaricomycetes","Gloeophyllales","Gloeophyllaceae","Gloeophyllum sepiarium",183701,"(Wulfen) P. Karst.","Gloeophyllum",NA,"sepiarium","","","Species","","",NA,NA,NA,"","","Povah, A.H.","","s.n.","1921-07-01","1921","7","1",182,NA,"July 1, 1921","","","on conifer","",NA,"",NA,NA,NA,"",NA,NA,NA,"",NA,NA,NA,"United States","New York","Saint Lawrence","Cranberry Lake","Cranberry Lake",NA,NA,NA,44.125427,-74.885226,"WGS84",8324,"","harmona4 (2020-04-14 09:30:49)","","GeoLocate","reviewed - high confidence","",NA,NA,NA,NA,NA,"",NA,NA,"harmona4","2020-05-08 08:53:22",NA,70,"urn:uuid:013a11bd-ff66-4c58-9215-205f73e68dab","https://www.mycoportal.org/portal/collections/individual/index.php?occid=5105463"
"39",5124905,"CINC",NA,NA,"PreservedSpecimen","08541caf-35ce-4eb7-8d6c-098468c58adb","CINC-F-0005305","","Fungi|Basidiomycota|Agaricomycotina|Agaricomycetes|Hymenochaetales|Hymenochaetaceae|Inonotus","Fungi","Basidiomycota","Agaricomycetes","Hymenochaetales","Hymenochaetaceae","Inonotus mikadoi",252215,"(Lloyd) Gilb. & Ryvarden","Inonotus",NA,"mikadoi","","","Species","","",NA,NA,NA,"","","Yasuda, A.","","201538","1921-08-14","1921","8","14",226,NA,"August 14, 1921","","","on Prunus sp.","",NA,"",NA,NA,NA,"",NA,NA,NA,"",NA,NA,NA,"Japan","?ita Prefecture","","Naoirigun","Naoirigun, ?ita Pref., Kyusyu",NA,NA,NA,33.233333,131.6,"WGS84",3036,"","harmona4","","GeoLocate","","",NA,NA,NA,NA,NA,"",NA,NA,"harmona4","2020-05-08 08:53:22",NA,70,"urn:uuid:08541caf-35ce-4eb7-8d6c-098468c58adb","https://www.mycoportal.org/portal/collections/individual/index.php?occid=5124905"
"40",5132003,"CINC",NA,NA,"PreservedSpecimen","974ba1ac-bf08-4676-acfb-5f107f144e7d","CINC-F-0005474","","Fungi|Basidiomycota|Agaricomycotina|Agaricomycetes|Agaricomycetidae|Polyporales|Fomitopsidaceae|Pycnoporellus","Fungi","Basidiomycota","Agaricomycetes","Polyporales","Fomitopsidaceae","Pycnoporellus fulgens",188450,"(Fr.) Donk","Pycnoporellus",NA,"fulgens","","","Species","","",NA,NA,NA,"","","Rosa, M.W.","","s.n.","1921-06-15","1921","6","15",166,NA,"June 15, 1921","","","on rotten stump of Betula lutea","",NA,"",NA,NA,NA,"",NA,NA,NA,"",NA,NA,NA,"United States","New York","Saint Lawrence","Cranberry Lake","Cranberry Lake",NA,NA,NA,44.125427,-74.885226,"WGS84",8324,"","harmona4 (2020-04-14 09:30:49)","","GeoLocate","reviewed - high confidence","",NA,NA,NA,NA,NA,"",NA,NA,"harmona4","2020-05-08 08:53:22",NA,70,"urn:uuid:974ba1ac-bf08-4676-acfb-5f107f144e7d","https://www.mycoportal.org/portal/collections/individual/index.php?occid=5132003"
"41",5153996,"CINC",NA,NA,"PreservedSpecimen","a743e256-48e1-4c98-93db-1300bc329859","CINC-F-0006007","","Fungi|Basidiomycota|Agaricomycotina|Agaricomycetes|Hymenochaetales|Hymenochaetaceae|Phellinus","Fungi","Basidiomycota","Agaricomycetes","Hymenochaetales","Hymenochaetaceae","Phellinus gilvus",187074,"(Schwein.) Pat.","Phellinus",NA,"gilvus","","","Species","","",NA,NA,NA,"","","Mahesa, C.","","s.n.","1921-01-08","1921","1","8",8,NA,"January 8, 1921","","","on Quercus sp.","",NA,"",NA,NA,NA,"",NA,NA,NA,"",NA,NA,NA,"United States","New York","Onondaga","Syracuse","Syracuse",NA,NA,NA,43.048122,-76.147424,"",6911,"","harmona4 (2019-12-20 09:44:51)","","georef batch tool 2019-12-20; GeoLocate","reviewed - high confidence","",NA,NA,NA,NA,NA,"",NA,NA,"harmona4","2020-05-08 08:53:22",NA,70,"urn:uuid:a743e256-48e1-4c98-93db-1300bc329859","https://www.mycoportal.org/portal/collections/individual/index.php?occid=5153996"
"42",5156994,"CINC",NA,NA,"PreservedSpecimen","f6ad247a-d6ad-4885-8445-ed73c2795fba","CINC-F-0006170","61167","Fungi|Basidiomycota|Agaricomycotina|Agaricomycetes|Agaricomycetidae|Polyporales|Polyporaceae|Perenniporia","Fungi","Basidiomycota","Agaricomycetes","Polyporales","Polyporaceae","Perenniporia tenuis",357285,"(Schwein.) Ryvarden","Perenniporia",NA,"tenuis","","","Species","","",NA,NA,NA,"","","Weir, J.R.","","20003","1921-07-00","1921","7","00",NA,NA,"July, 1921","","","on Fagus grandifolia","",NA,"",NA,NA,NA,"",NA,NA,NA,"",NA,NA,NA,"United States","Indiana","Scott","Scottsburg","Scottsburg",NA,NA,NA,38.685614,-85.770245,"",2920,"","bisbinkm (2015-12-16 07:40:15)","","georef batch tool 2015-12-16","reviewed - high confidence","",165,180,NA,NA,NA,"",NA,NA,"harmona4","2020-04-25 10:24:51",NA,70,"urn:uuid:f6ad247a-d6ad-4885-8445-ed73c2795fba","https://www.mycoportal.org/portal/collections/individual/index.php?occid=5156994"
