"","id","institutionCode","collectionCode","ownerInstitutionCode","basisOfRecord","occurrenceID","catalogNumber","otherCatalogNumbers","higherClassification","kingdom","phylum","class","order","family","scientificName","taxonID","scientificNameAuthorship","genus","subgenus","specificEpithet","verbatimTaxonRank","infraspecificEpithet","taxonRank","identifiedBy","dateIdentified","identificationReferences","identificationRemarks","taxonRemarks","identificationQualifier","typeStatus","recordedBy","associatedCollectors","recordNumber","eventDate","year","month","day","startDayOfYear","endDayOfYear","verbatimEventDate","occurrenceRemarks","habitat","substrate","verbatimAttributes","fieldNumber","informationWithheld","dataGeneralizations","dynamicProperties","associatedOccurrences","associatedTaxa","reproductiveCondition","establishmentMeans","cultivationStatus","lifeStage","sex","individualCount","preparations","country","stateProvince","county","municipality","locality","locationRemarks","localitySecurity","localitySecurityReason","decimalLatitude","decimalLongitude","geodeticDatum","coordinateUncertaintyInMeters","verbatimCoordinates","georeferencedBy","georeferenceProtocol","georeferenceSources","georeferenceVerificationStatus","georeferenceRemarks","minimumElevationInMeters","maximumElevationInMeters","minimumDepthInMeters","maximumDepthInMeters","verbatimDepth","verbatimElevation","disposition","language","recordEnteredBy","modified","sourcePrimaryKey.dbpk","collId","recordId","references"
"1",4826575,"CINC",NA,NA,"PreservedSpecimen","21e6e7a3-8dd5-42f4-b1be-b0eb3e3fd8f8","CINC-F-0002856","","Fungi|Basidiomycota|Agaricomycotina|Agaricomycetes|Agaricomycetidae|Polyporales|Agaricales|Auriculariales|Polyporaceae|Entolomataceae|Auriculariaceae|Hirneola","Fungi","Basidiomycota","Agaricomycetes","Auriculariales","Auriculariaceae","Hirneola auricula-judae",501892,"(Bull.) Berk.","Hirneola",NA,"auricula-judae","","","Species","","",NA,NA,NA,"","","Stephenson, H.","","s.n.","1927-00-00","1927","00","00",NA,NA,"1927","","","beech log","",NA,"",NA,NA,NA,"",NA,NA,NA,"",NA,NA,NA,"United States","Ohio","Hamilton","Cincinnati","Rapid Run Road, near Allen School",NA,NA,NA,39.099503,-84.671335,"WGS84",210,"","harmona4","","GeoLocate","","",NA,NA,NA,NA,NA,"",NA,NA,"harmona4","2020-05-08 08:53:22",NA,70,"urn:uuid:21e6e7a3-8dd5-42f4-b1be-b0eb3e3fd8f8","https://www.mycoportal.org/portal/collections/individual/index.php?occid=4826575"
"2",4906509,"CINC",NA,NA,"PreservedSpecimen","7d07efee-109c-4f34-a850-f2ebf674f445","CINC-F-0003116","","Fungi|Basidiomycota|Agaricomycotina|Agaricomycetes|Russulales|Stereaceae|Stereum","Fungi","Basidiomycota","Agaricomycetes","Russulales","Stereaceae","Stereum frustulosum",434806,"Fr.","Stereum",NA,"frustulosum","","","Species","","",NA,NA,NA,"","","Stephenson, H.","","s.n.","1927-11-00","1927","11","00",NA,NA,"November, 1927","","","beech stump","",NA,"",NA,NA,NA,"",NA,NA,NA,"",NA,NA,NA,"United States","Ohio","Hamilton","Cincinnati","McFarlan Woods",NA,NA,NA,39.151448,-84.573833,"WGS84",301,"","","","GeoLocate","","",NA,NA,NA,NA,NA,"",NA,NA,"harmona4","2020-05-08 08:53:22",NA,70,"urn:uuid:7d07efee-109c-4f34-a850-f2ebf674f445","https://www.mycoportal.org/portal/collections/individual/index.php?occid=4906509"
"3",4906579,"CINC",NA,NA,"PreservedSpecimen","2348a9e4-f379-47f5-83c1-7f0aea608ff0","CINC-F-0003162","","Fungi|Basidiomycota|Ustilaginomycotina|Exobasidiomycetes|Exobasidiomycetidae|Exobasidiales|Exobasidiaceae|Exobasidium","Fungi","Basidiomycota","Exobasidiomycetes","Exobasidiales","Exobasidiaceae","Exobasidium vaccinii",183375,"(Fuckel) Woronin","Exobasidium",NA,"vaccinii","","","Species","","",NA,NA,NA,"","","s.n.","","s.n.","1927-05-28","1927","5","28",148,NA,"May 28, 1927","","","on Vaccinium sp.","",NA,"",NA,NA,NA,"",NA,NA,NA,"",NA,NA,NA,"United States","Kentucky","Powell","Natural Bridge","Natural Bridge",NA,NA,NA,37.772584,-83.684358,"",301,"","harmona4 (2019-12-16 09:23:40)","","georef batch tool 2019-12-16; GeoLocate","reviewed - high confidence","",NA,NA,NA,NA,NA,"",NA,NA,"harmona4","2019-12-16 10:23:40",NA,70,"urn:uuid:2348a9e4-f379-47f5-83c1-7f0aea608ff0","https://www.mycoportal.org/portal/collections/individual/index.php?occid=4906579"
"4",4916256,"CINC",NA,NA,"PreservedSpecimen","e99ed18a-263b-408c-82e6-cdda79cfd105","CINC-F-0003206","","","","","","","Stereaceae","Stereum sericeum",655248,"Sacc.","Stereum",NA,"sericeum","","","Species","","",NA,NA,NA,"","","Fulford, Margaret H.","","s.n.","1927-10-23","1927","10","23",296,NA,"October 23, 1927","","woods","twigs","",NA,"",NA,NA,NA,"",NA,NA,NA,"",NA,NA,NA,"United States","Ohio","Hamilton","Cincinnati","Given Road, Terrace Park",NA,NA,NA,39.159227,-84.30716,"",1867,"","harmona4 (2019-12-16 08:42:03)","","georef batch tool 2019-12-16; GeoLocate","reviewed - high confidence","",NA,NA,NA,NA,NA,"",NA,NA,"harmona4","2020-04-06 14:27:28",NA,70,"urn:uuid:e99ed18a-263b-408c-82e6-cdda79cfd105","https://www.mycoportal.org/portal/collections/individual/index.php?occid=4916256"
"5",5074129,"CINC",NA,NA,"PreservedSpecimen","0846735a-dc9f-4a81-851b-b90ad73565d1","CINC-F-0004464","","Fungi|Basidiomycota|Agaricomycotina|Agaricomycetes|Agaricomycetidae|Polyporales|Polyporaceae|Fomes","Fungi","Basidiomycota","Agaricomycetes","Polyporales","Hymenochaetaceae","Fomes connatus",220827,"(Weinm.) Gillet","Fomes",NA,"connatus","","","Species","","",NA,NA,NA,"","","Povah, A.","","s.n.","1927-06-00","1927","6","00",NA,NA,"June, 1927","","","at base of white elm","",NA,"",NA,NA,NA,"",NA,NA,NA,"",NA,NA,NA,"United States","Illinois","Cook","Evanston","Evanston",NA,NA,NA,42.041141,-87.690059,"WGS84",4554,"","","","GeoLocate","","",NA,NA,NA,NA,NA,"",NA,NA,"harmona4","2020-05-08 08:53:22",NA,70,"urn:uuid:0846735a-dc9f-4a81-851b-b90ad73565d1","https://www.mycoportal.org/portal/collections/individual/index.php?occid=5074129"
"6",5109965,"CINC",NA,NA,"PreservedSpecimen","2fecf5a3-56d2-4c03-a125-835ae9b5b130","CINC-F-0005041","","Fungi|Basidiomycota|Agaricomycotina|Agaricomycetes|Agaricomycetidae|Polyporales|Polyporaceae|Daedaleopsis","Fungi","Basidiomycota","Agaricomycetes","Polyporales","Polyporaceae","Daedaleopsis confragosa",164569,"(Bolton) J. Schr�t.","Daedaleopsis",NA,"confragosa","","","Species","","",NA,NA,NA,"","","s.n.","","s.n.","1927-10-17","1927","10","17",290,NA,"October 17, 1927","","","","",NA,"",NA,NA,NA,"",NA,NA,NA,"",NA,NA,NA,"United States","Ohio","Hamilton","Cincinnati","Hazelwood Preserve (Harris M. Benedict Nature Preserve/Johnson Preserve)",NA,NA,NA,39.264043,-84.359305,"WGS84",1095,"","harmona4","","GeoLocate","reviewed - high confidence","",NA,NA,NA,NA,NA,"",NA,NA,"harmona4","2020-05-08 08:53:22",NA,70,"urn:uuid:2fecf5a3-56d2-4c03-a125-835ae9b5b130","https://www.mycoportal.org/portal/collections/individual/index.php?occid=5109965"
"7",5110452,"CINC",NA,NA,"PreservedSpecimen","93d6b044-de2f-4a57-b4d9-5a1ed7132148","CINC-F-0005169","","Fungi|Basidiomycota|Agaricomycotina|Agaricomycetes|Agaricomycetidae|Polyporales|Polyporaceae|Fuscocerrena","Fungi","Basidiomycota","Agaricomycetes","Polyporales","Fomitopsidaceae","Fuscocerrena portoricensis",183517,"(Fr.) Ryvarden","Fuscocerrena",NA,"portoricensis","","","Species","","",NA,NA,NA,"","","Weber","West","s.n.","1927-10-06","1927","10","6",279,NA,"October 6, 1927","","","on Magnolia grandiflora log","",NA,"",NA,NA,NA,"",NA,NA,NA,"",NA,NA,NA,"United States","Florida","Alachua","Gainesville","Gainesville",NA,NA,NA,29.651634,-82.324826,"WGS84",12495,"","harmona4","","GeoLocate","reviewed - high confidence","",NA,NA,NA,NA,NA,"",NA,NA,"harmona4","2020-05-08 08:53:22",NA,70,"urn:uuid:93d6b044-de2f-4a57-b4d9-5a1ed7132148","https://www.mycoportal.org/portal/collections/individual/index.php?occid=5110452"
"8",5140486,"CINC",NA,NA,"PreservedSpecimen","604d1f7e-4bef-47d9-bd5f-0aaaf905aba6","CINC-F-0005642","","Fungi|Basidiomycota|Agaricomycotina|Agaricomycetes|Agaricomycetidae|Polyporales|Phanerochaetaceae|Antrodiella","Fungi","Basidiomycota","Agaricomycetes","Polyporales","Phanerochaetaceae","Antrodiella incrustans",98624,"(Cooke) Ryvarden","Antrodiella",NA,"incrustans","","","Species","","",NA,NA,NA,"","","Zeller, S.M.","","8657","1927-08-27","1927","8","27",239,NA,"August 27, 1927","","","on Alfalfa stems in field","",NA,"",NA,NA,NA,"",NA,NA,NA,"",NA,NA,NA,"United States","Oregon","Jackson","Medford","Medford",NA,NA,NA,42.326515,-122.875595,"WGS84",7830,"","","","GeoLocate","","",NA,NA,NA,NA,NA,"",NA,NA,"harmona4","2020-05-08 08:53:22",NA,70,"urn:uuid:604d1f7e-4bef-47d9-bd5f-0aaaf905aba6","https://www.mycoportal.org/portal/collections/individual/index.php?occid=5140486"
"9",5153666,"CINC",NA,NA,"PreservedSpecimen","2a9127cb-7976-449e-bc31-b846d08efe87","CINC-F-0005963","","Fungi|Basidiomycota|Agaricomycotina|Agaricomycetes|Hymenochaetales|Hymenochaetaceae|Phellinus","Fungi","Basidiomycota","Agaricomycetes","Hymenochaetales","Hymenochaetaceae","Phellinus gilvus",187074,"(Schwein.) Pat.","Phellinus",NA,"gilvus","","","Species","","",NA,NA,NA,"","","West, E.","","s.n.","1927-09-09","1927","9","9",252,NA,"September 9, 1927","","","on dead Melia sp.","",NA,"",NA,NA,NA,"",NA,NA,NA,"",NA,NA,NA,"United States","Florida","Jefferson","Monticello","Monticello",NA,NA,NA,30.545202,-83.870164,"WGS84",3125,"","","","GeoLocate","","",NA,NA,NA,NA,NA,"",NA,NA,"harmona4","2020-05-08 08:53:22",NA,70,"urn:uuid:2a9127cb-7976-449e-bc31-b846d08efe87","https://www.mycoportal.org/portal/collections/individual/index.php?occid=5153666"
"10",5157021,"CINC",NA,NA,"PreservedSpecimen","428949d8-e02d-4965-9558-4fe35366e0cc","CINC-F-0006196","","Fungi|Basidiomycota|Agaricomycotina|Agaricomycetes|Agaricomycetidae|Polyporales|Meruliaceae|Gloeoporus","Fungi","Basidiomycota","Agaricomycetes","Polyporales","Meruliaceae","Gloeoporus taxicola",183707,"(Pers.) Gilb. & Ryvarden","Gloeoporus",NA,"taxicola","","","Species","","",NA,NA,NA,"","","Povah, A.H.","","s.n.","1927-09-03","1927","9","3",246,NA,"September 3, 1927","","","on Spruce log","",NA,"",NA,NA,NA,"",NA,NA,NA,"",NA,NA,NA,"United States","Michigan","Alger","Rock River","Rock River",NA,NA,NA,46.465204,-86.91532,"WGS84",1348,"","","","GeoLocate","","",NA,NA,NA,NA,NA,"",NA,NA,"harmona4","2020-05-08 08:53:22",NA,70,"urn:uuid:428949d8-e02d-4965-9558-4fe35366e0cc","https://www.mycoportal.org/portal/collections/individual/index.php?occid=5157021"
"11",7417634,"CINC",NA,NA,"PreservedSpecimen","806ca564-f0de-4515-a107-1249a77d2a9f","CINC-F-0007711","","Fungi|Ascomycota|Pezizomycotina|Dothideomycetes|Pleosporomycetidae|Pleosporales|Ascochyta","Fungi","Ascomycota","Dothideomycetes","Pleosporales","Venturiaceae","Ascochyta imperfecta",103623,"Peck","Ascochyta",NA,"imperfecta","","","Species","","",NA,NA,NA,"Ascochyta imperfecta","","Sprague, R.","","8005","1927-10-10","1927","10","10",283,NA,"October 10, 1927","","","on Medicago sativa","",NA,"",NA,NA,NA,"",NA,NA,NA,"",NA,NA,NA,"United States","Ohio","Hamilton","Cincinnati","University of Cincinnati campus",NA,0,NA,39.13292,-84.51499,"WGS84",1000,"","","","","","",NA,NA,NA,NA,NA,"",NA,NA,"harmona4","2020-04-25 10:39:35",NA,70,"urn:uuid:806ca564-f0de-4515-a107-1249a77d2a9f","https://www.mycoportal.org/portal/collections/individual/index.php?occid=7417634"
"12",9576377,"CINC",NA,NA,"PreservedSpecimen","5bee8328-c24f-4167-9bd5-9a81b40d79e5","CINC-F-0004358","","Fungi|Ascomycota|Pezizomycotina|Dothideomycetes|Dothideomycetidae|Capnodiales|Mycosphaerellaceae|Cercoseptoria","Fungi","Ascomycota","Dothideomycetes","Capnodiales","Mycosphaerellaceae","Cercoseptoria ribis",130900,"(Davis) Dearn. & House","Cercoseptoria",NA,"ribis","","","Species","","",NA,NA,NA,"","","Mielke, J.L.","Boyce, J.S.","66921","1927-09-01","1927","9","1",244,NA,"September 1, 1927","","","on Ribes viscosissimum","",NA,"",NA,NA,NA,"",NA,NA,NA,"",NA,NA,NA,"Canada","British Columbia","","Kelowna","near Kelowna",NA,NA,NA,49.9,-119.483333,"WGS84",18888,"","","","GeoLocate","","",NA,NA,NA,NA,NA,"",NA,NA,"harmona4","2020-04-15 10:13:19",NA,70,"urn:uuid:5bee8328-c24f-4167-9bd5-9a81b40d79e5","https://www.mycoportal.org/portal/collections/individual/index.php?occid=9576377"
