"","id","institutionCode","collectionCode","ownerInstitutionCode","basisOfRecord","occurrenceID","catalogNumber","otherCatalogNumbers","higherClassification","kingdom","phylum","class","order","family","scientificName","taxonID","scientificNameAuthorship","genus","subgenus","specificEpithet","verbatimTaxonRank","infraspecificEpithet","taxonRank","identifiedBy","dateIdentified","identificationReferences","identificationRemarks","taxonRemarks","identificationQualifier","typeStatus","recordedBy","associatedCollectors","recordNumber","eventDate","year","month","day","startDayOfYear","endDayOfYear","verbatimEventDate","occurrenceRemarks","habitat","substrate","verbatimAttributes","fieldNumber","informationWithheld","dataGeneralizations","dynamicProperties","associatedOccurrences","associatedTaxa","reproductiveCondition","establishmentMeans","cultivationStatus","lifeStage","sex","individualCount","preparations","country","stateProvince","county","municipality","locality","locationRemarks","localitySecurity","localitySecurityReason","decimalLatitude","decimalLongitude","geodeticDatum","coordinateUncertaintyInMeters","verbatimCoordinates","georeferencedBy","georeferenceProtocol","georeferenceSources","georeferenceVerificationStatus","georeferenceRemarks","minimumElevationInMeters","maximumElevationInMeters","minimumDepthInMeters","maximumDepthInMeters","verbatimDepth","verbatimElevation","disposition","language","recordEnteredBy","modified","sourcePrimaryKey.dbpk","collId","recordId","references"
"1",4390114,"CINC",NA,NA,"PreservedSpecimen","2f5ef9a7-daee-41ff-9110-5234136788a8","CINC-F-0000895","","Fungi|Ascomycota|Pezizomycotina|Leotiomycetes|Leotiomycetidae|Erysiphales|Erysiphaceae|Uncinula","Fungi","Ascomycota","Leotiomycetes","Erysiphales","Erysiphaceae","Uncinula macrospora",550691,"Peck","Uncinula",NA,"macrospora","","","Species","","",NA,NA,NA,"","","Holway, E.W.","","s.n.","1879-10-00","1879","10","00",NA,NA,"October, 1879","From the herbarium of Curtis Gates Lloyd; North American Fungi. Series I. [Ellis, N. Amer. Fungi], 1 - 1500, plus extras, J.B. Ellis, exs #: 426","","on leaves of Ulmus","",NA,"",NA,NA,NA,"",NA,NA,NA,"",NA,NA,NA,"United States","Iowa","Winneshiek","Decorah","Decorah",NA,NA,NA,43.303306,-91.785709,"WGS84",4439,"","harmona4","","GeoLocate","","",NA,NA,NA,NA,NA,"",NA,NA,"harmona4","2020-05-08 08:53:22",NA,70,"urn:uuid:2f5ef9a7-daee-41ff-9110-5234136788a8","https://www.mycoportal.org/portal/collections/individual/index.php?occid=4390114"
"2",4390116,"CINC",NA,NA,"PreservedSpecimen","a12b34ff-1393-443b-852a-51fa9835d33e","CINC-F-0000896","","Fungi|Ascomycota|Pezizomycotina|Leotiomycetes|Leotiomycetidae|Erysiphales|Erysiphaceae|Uncinula","Fungi","Ascomycota","Leotiomycetes","Erysiphales","Erysiphaceae","Uncinula adunca",550606,"(Wallr.) L�v.","Uncinula",NA,"adunca","","","Species","","",NA,NA,NA,"","","Holway, E.W.","","s.n.","1879-10-00","1879","10","00",NA,NA,"October, 1879","From the herbarium of Curtis Gates Lloyd; North American Fungi. Series I. [Ellis, N. Amer. Fungi], 1 - 1500, plus extras, J.B. Ellis, exs #: 425","","on leaves of Salix sp.","",NA,"",NA,NA,NA,"",NA,NA,NA,"",NA,NA,NA,"United States","Iowa","Winneshiek","Decorah","Decorah",NA,NA,NA,43.303306,-91.785709,"WGS84",4439,"","harmona4","","GeoLocate","","",NA,NA,NA,NA,NA,"",NA,NA,"harmona4","2020-05-08 08:53:22",NA,70,"urn:uuid:a12b34ff-1393-443b-852a-51fa9835d33e","https://www.mycoportal.org/portal/collections/individual/index.php?occid=4390116"
"3",4390195,"CINC",NA,NA,"PreservedSpecimen","141af97d-001b-4cf0-a97c-2fa73804985e","CINC-F-0000925","","Fungi|Ascomycota|Pezizomycotina|Leotiomycetes|Leotiomycetidae|Erysiphales|Erysiphaceae|Microsphaera","Fungi","Ascomycota","Leotiomycetes","Erysiphales","Erysiphaceae","Microsphaera pulchra",292953,"Cooke & Peck","Microsphaera",NA,"pulchra","","","Species","","",NA,NA,NA,"","","Jackson, H.","","s.n.","1879-10-00","1879","10","00",NA,NA,"October, 1879","From the herbarium of Curtis Gates Lloyd; North American Fungi. Series I. [Ellis, N. Amer. Fungi], 1 - 1500, plus extras, J.B. Ellis, exs #: 428","","on leaves of Cornus sp.","",NA,"",NA,NA,NA,"",NA,NA,NA,"",NA,NA,NA,"United States","Pennsylvania","Chester","West Chester","West Chester",NA,NA,NA,39.960664,-75.605488,"WGS84",1949,"","harmona4","","GeoLocate","","",NA,NA,NA,NA,NA,"",NA,NA,"harmona4","2020-05-08 08:53:22",NA,70,"urn:uuid:141af97d-001b-4cf0-a97c-2fa73804985e","https://www.mycoportal.org/portal/collections/individual/index.php?occid=4390195"
"4",4402280,"CINC",NA,NA,"PreservedSpecimen","e4a87edb-95de-4dd3-b9d3-863d954c539e","CINC-F-0001255","","Fungi|Ascomycota|Pezizomycotina|Sordariomycetes|Hypocreomycetidae|Hypocreales|Hypocreaceae|Hypomyces","Fungi","Ascomycota","Sordariomycetes","Hypocreales","Hypocreaceae","Hypomyces lactifluorum",248451,"(Schwein.) Tul. & C. Tul.","Hypomyces",NA,"lactifluorum","","","Species","","",NA,NA,NA,"","","Haines","Everhart, Wood","s.n.","1879-08-00","1879","8","00",NA,NA,"August, 1879","From the herbarium of Curtis Gates Lloyd; North American Fungi. Series I. [Ellis, N. Amer. Fungi], 1 - 1500, plus extras, J.B. Ellis, exs #: 467","parasitic on some Lactarius","","",NA,"",NA,NA,NA,"",NA,NA,NA,"",NA,NA,NA,"United States","Pennsylvania","Chester","West Chester","West Chester",NA,NA,NA,39.960664,-75.605488,"WGS84",1949,"","harmona4","","GeoLocate","","",NA,NA,NA,NA,NA,"",NA,NA,"harmona4","2020-05-08 08:53:22",NA,70,"urn:uuid:e4a87edb-95de-4dd3-b9d3-863d954c539e","https://www.mycoportal.org/portal/collections/individual/index.php?occid=4402280"
"5",9576853,"CINC",NA,NA,"PreservedSpecimen","ee4b9b23-18e1-45cc-8ea5-afe337778249","CINC-F-0007961","","Fungi|Ascomycota|Pezizomycotina|Arthrosporium","Fungi","Ascomycota","","","","Arthrosporium compositum",102649,"Ellis","Arthrosporium",NA,"compositum","","","Species","","",NA,NA,NA,"","","Ellis","","s.n.","1879-11-00","1879","11","00",NA,NA,"November, 1879","North American Fungi. Series I. [Ellis, N. Amer. Fungi], 1 - 1500, plus extras, J.B. Ellis, exs #: 415","","on decaying limbs of Kalmia, buried under leaves in wet woods","",NA,"",NA,NA,NA,"",NA,NA,NA,"",NA,NA,NA,"","","","","",NA,NA,NA,NA,NA,"",NA,"","","","","","",NA,NA,NA,NA,NA,"",NA,NA,"harmona4","2019-10-03 15:37:09",NA,70,"urn:uuid:ee4b9b23-18e1-45cc-8ea5-afe337778249","https://www.mycoportal.org/portal/collections/individual/index.php?occid=9576853"
