"","id","institutionCode","collectionCode","ownerInstitutionCode","basisOfRecord","occurrenceID","catalogNumber","otherCatalogNumbers","higherClassification","kingdom","phylum","class","order","family","scientificName","taxonID","scientificNameAuthorship","genus","subgenus","specificEpithet","verbatimTaxonRank","infraspecificEpithet","taxonRank","identifiedBy","dateIdentified","identificationReferences","identificationRemarks","taxonRemarks","identificationQualifier","typeStatus","recordedBy","associatedCollectors","recordNumber","eventDate","year","month","day","startDayOfYear","endDayOfYear","verbatimEventDate","occurrenceRemarks","habitat","substrate","verbatimAttributes","fieldNumber","informationWithheld","dataGeneralizations","dynamicProperties","associatedOccurrences","associatedTaxa","reproductiveCondition","establishmentMeans","cultivationStatus","lifeStage","sex","individualCount","preparations","country","stateProvince","county","municipality","locality","locationRemarks","localitySecurity","localitySecurityReason","decimalLatitude","decimalLongitude","geodeticDatum","coordinateUncertaintyInMeters","verbatimCoordinates","georeferencedBy","georeferenceProtocol","georeferenceSources","georeferenceVerificationStatus","georeferenceRemarks","minimumElevationInMeters","maximumElevationInMeters","minimumDepthInMeters","maximumDepthInMeters","verbatimDepth","verbatimElevation","disposition","language","recordEnteredBy","modified","sourcePrimaryKey.dbpk","collId","recordId","references"
"1",4390229,"CINC",NA,NA,"PreservedSpecimen","47ab1c62-859e-4547-9d4d-1b291bff33a5","CINC-F-0000946","","Fungi|Ascomycota|Pezizomycotina|Leotiomycetes|Leotiomycetidae|Erysiphales|Erysiphaceae|Erysiphe","Fungi","Ascomycota","Leotiomycetes","Erysiphales","Erysiphaceae","Erysiphe lamprocarpa",216937,"(Wallr.) Link","Erysiphe",NA,"lamprocarpa","","","Species","","",NA,NA,NA,"","","Holway, E.W.","","s.n.","1880-08-00","1880","8","00",NA,NA,"August, 1880","From the herbarium of Curtis Gates Lloyd; North American Fungi. Series I. [Ellis, N. Amer. Fungi], 1 - 1500, plus extras, J.B. Ellis, exs #: 424","","On leaves of Verbena urticifolia; on leaves of Phlox","Two collections: Decorah, Iowa; West Chester, PA",NA,"",NA,NA,NA,"",NA,NA,NA,"",NA,NA,NA,"United States","Iowa","Winneshiek","Decorah","Decorah",NA,NA,NA,43.303306,-91.785709,"WGS84",4439,"","harmona4","","GeoLocate","","",NA,NA,NA,NA,NA,"",NA,NA,"harmona4","2020-05-08 08:53:22",NA,70,"urn:uuid:47ab1c62-859e-4547-9d4d-1b291bff33a5","https://www.mycoportal.org/portal/collections/individual/index.php?occid=4390229"
"2",4390388,"CINC",NA,NA,"PreservedSpecimen","3e9e72ff-5471-419b-b4d0-6e0655f8aa62","CINC-F-0000986","","Fungi|Ascomycota|Pezizomycotina|Eurotiomycetes|Eurotiomycetidae|Eurotiales|Trichocomaceae|Eurotium|Eurotium herbariorum","Fungi","Ascomycota","Eurotiomycetes","Eurotiales","Trichocomaceae","Eurotium herbariorum subsp. epixylon",497651,"(F.H. Wigg.) Link","Eurotium",NA,"herbariorum","subsp.","epixylon","Subspecies","","",NA,NA,NA,"","","s.n.","","s.n.","1880-12-00","1880","12","00",NA,NA,"December, 1880","From the herbarium of Curtis Gates Lloyd; North American Fungi. Series I. [Ellis, N. Amer. Fungi], 1 - 1500, plus extras, J.B. Ellis, exs #: 383","","on oak firewood, closely packed.","",NA,"",NA,NA,NA,"",NA,NA,NA,"",NA,NA,NA,"","","","","",NA,NA,NA,NA,NA,"",NA,"","","","","","",NA,NA,NA,NA,NA,"",NA,NA,"harmona4","2020-04-21 15:06:53",NA,70,"urn:uuid:3e9e72ff-5471-419b-b4d0-6e0655f8aa62","https://www.mycoportal.org/portal/collections/individual/index.php?occid=4390388"
"3",5167624,"CINC",NA,NA,"PreservedSpecimen","34c2707b-a7e2-40af-ba02-883c5adfb89d","CINC-F-0006351","","Fungi|Basidiomycota|Agaricomycotina|Agaricomycetes|Agaricomycetidae|Agaricales|Schizophyllaceae|Schizophyllum","Fungi","Basidiomycota","Agaricomycetes","Agaricales","Schizophyllaceae","Schizophyllum commune",189058,"Fr.","Schizophyllum",NA,"commune","","","Species","","",NA,NA,NA,"","","Martin, George","","s.n.","1880-01-00","1880","1","00",NA,NA,"January, 1880","From the herbarium of Curtis Gates Lloyd; North American Fungi. Series I. [Ellis, N. Amer. Fungi], 1 - 1500, plus extras, J.B. Ellis, exs #: 404","","On dead limbs","",NA,"",NA,NA,NA,"",NA,NA,NA,"",NA,NA,NA,"United States","Florida","Putnam","Crescent City","Crescent City",NA,NA,NA,29.430251,-81.510629,"WGS84",2346,"","harmona4","","GeoLocate","reviewed - high confidence","",NA,NA,NA,NA,NA,"",NA,NA,"harmona4","2020-05-08 08:53:22",NA,70,"urn:uuid:34c2707b-a7e2-40af-ba02-883c5adfb89d","https://www.mycoportal.org/portal/collections/individual/index.php?occid=5167624"
"4",9576779,"CINC",NA,NA,"PreservedSpecimen","58f99c27-1f4f-451e-acf8-35c752106d7f","CINC-F-0007911","","","","","","","","Dendryphium ellisii",NA,"","",NA,"","","","","","",NA,NA,NA,"","","Ellis, J.B.","","s.n.","1880-07-00","1880","7","00",NA,NA,"July, 1880","North American Fungi. Series I. [Ellis, N. Amer. Fungi], 1 - 1500, plus extras, J.B. Ellis, exs #: 417","","on decorticated maple","",NA,"",NA,NA,NA,"",NA,NA,NA,"",NA,NA,NA,"","","","","",NA,NA,NA,NA,NA,"",NA,"","","","","","",NA,NA,NA,NA,NA,"",NA,NA,"harmona4","2020-04-15 10:09:21",NA,70,"urn:uuid:58f99c27-1f4f-451e-acf8-35c752106d7f","https://www.mycoportal.org/portal/collections/individual/index.php?occid=9576779"
"5",9612849,"CINC",NA,NA,"PreservedSpecimen","c0768738-1efd-46a6-a257-3252ba0c9fdb","CINC-F-0007965","","Fungi|Basidiomycota|Ascomycota|Pucciniomycotina|Pucciniomycetes|Pucciniales|Aplosporellaceae|Melampsoraceae|Podosporium","Fungi","Ascomycota","Pucciniomycetes","Pucciniales","Melampsoraceae","Podosporium rigidum",383892,"Schwein.","Podosporium",NA,"rigidum","","","Species","","",NA,NA,NA,"","","Ellis","","s.n.","1880-06-00","1880","6","00",NA,NA,"June, 1880","From Herbarium of Curtis Gates Lloyd; North American Fungi. Series I. [Ellis, N. Amer. Fungi], 1 - 1500, plus extras, J.B. Ellis, exs #: 416","","on dead stems of Ameplopsis quinquefolia","",NA,"",NA,NA,NA,"",NA,NA,NA,"",NA,NA,NA,"","","","","",NA,NA,NA,NA,NA,"",NA,"","","","","","",NA,NA,NA,NA,NA,"",NA,NA,"harmona4","2019-10-14 12:17:23",NA,70,"urn:uuid:c0768738-1efd-46a6-a257-3252ba0c9fdb","https://www.mycoportal.org/portal/collections/individual/index.php?occid=9612849"
