"","id","institutionCode","collectionCode","ownerInstitutionCode","basisOfRecord","occurrenceID","catalogNumber","otherCatalogNumbers","higherClassification","kingdom","phylum","class","order","family","scientificName","taxonID","scientificNameAuthorship","genus","subgenus","specificEpithet","verbatimTaxonRank","infraspecificEpithet","taxonRank","identifiedBy","dateIdentified","identificationReferences","identificationRemarks","taxonRemarks","identificationQualifier","typeStatus","recordedBy","associatedCollectors","recordNumber","eventDate","year","month","day","startDayOfYear","endDayOfYear","verbatimEventDate","occurrenceRemarks","habitat","substrate","verbatimAttributes","fieldNumber","informationWithheld","dataGeneralizations","dynamicProperties","associatedOccurrences","associatedTaxa","reproductiveCondition","establishmentMeans","cultivationStatus","lifeStage","sex","individualCount","preparations","country","stateProvince","county","municipality","locality","locationRemarks","localitySecurity","localitySecurityReason","decimalLatitude","decimalLongitude","geodeticDatum","coordinateUncertaintyInMeters","verbatimCoordinates","georeferencedBy","georeferenceProtocol","georeferenceSources","georeferenceVerificationStatus","georeferenceRemarks","minimumElevationInMeters","maximumElevationInMeters","minimumDepthInMeters","maximumDepthInMeters","verbatimDepth","verbatimElevation","disposition","language","recordEnteredBy","modified","sourcePrimaryKey.dbpk","collId","recordId","references"
"1",4951567,"CINC",NA,NA,"PreservedSpecimen","0f62b339-06e3-44e7-94f5-b097f532d785","CINC-F-0003599","","Fungi|Basidiomycota|Pucciniomycotina|Pucciniomycetes|Platygloeales|Platygloeaceae|Eocronartium","Fungi","Basidiomycota","Pucciniomycetes","Platygloeales","Eocronartiaceae","Eocronartium muscicola",183251,"(Pers.) Fitzp.","Eocronartium",NA,"muscicola","","","Species","","",NA,NA,NA,"","","Cooke, William Bridge","","16963","1943-07-00","1943","7","00",NA,NA,"July, 1943","Mycobiota of North America, 1-450, W.B. Cooke, exs #: 167","Mixed mesophytic woods where water stands on the ground during winter and spring months, host moss common","on Climacium americanum","",NA,"",NA,NA,NA,"",NA,NA,NA,"",NA,NA,NA,"United States","Virginia","Fauquier","Vint Hill Farms","Vint Hill Farms",NA,NA,NA,36.70778,-82.64806,"",NA,"","","","","","",NA,NA,NA,NA,NA,"",NA,NA,"harmona4","2020-03-31 15:26:32",NA,70,"urn:uuid:0f62b339-06e3-44e7-94f5-b097f532d785","https://www.mycoportal.org/portal/collections/individual/index.php?occid=4951567"
"2",5180091,"CINC",NA,NA,"PreservedSpecimen","b9a532bc-0c27-4666-a1e0-efe28f1d86e6","CINC-F-0006616","","Fungi|Basidiomycota|Agaricomycotina|Agaricomycetes|Agaricomycetidae|Boletales|Agaricales|Suillaceae|Marasmiaceae|Gymnopus","Fungi","Basidiomycota","Agaricomycetes","Agaricales","Marasmiaceae","Gymnopus albistrictus",233160,"Murrill","Gymnopus",NA,"albistrictus","","","Species","","",NA,NA,NA,"","","Murrill, W.A.","","s.n.","1943-08-05","1943","8","5",217,NA,"August 5, 1943","","","","",NA,"",NA,NA,NA,"",NA,NA,NA,"",NA,NA,NA,"United States","Florida","Alachua","Gainesville","High Hammock, Gainesville",NA,NA,NA,29.651634,-82.324826,"WGS84",12495,"","","","GeoLocate","","",NA,NA,NA,NA,NA,"",NA,NA,"harmona4","2020-04-20 10:10:22",NA,70,"urn:uuid:b9a532bc-0c27-4666-a1e0-efe28f1d86e6","https://www.mycoportal.org/portal/collections/individual/index.php?occid=5180091"
"3",7220422,"CINC",NA,NA,"PreservedSpecimen","e2ff1a71-428d-451f-aa72-6aa6bcc17045","CINC-F-0007619","","Fungi|Basidiomycota|Agaricomycotina|Agaricomycetes|Agaricomycetidae|Boletales|Calostomataceae|Calostoma","Fungi","Basidiomycota","Agaricomycetes","Boletales","Calostomataceae","Calostoma ravenelii",124396,"(Berk.) Massee","Calostoma",NA,"ravenelii","","","Species","","",NA,NA,NA,"Calostoma pavanelli","","Bagel, M.W.","","s.n.","1943-11-00","1943","11","00",NA,NA,"November, 1943","","","on sandy soil","",NA,"",NA,NA,NA,"",NA,NA,NA,"",NA,NA,NA,"United States","Kentucky","Powell","Natural Bridge","Natural Bridge",NA,0,NA,37.772584,-83.684358,"",301,"","harmona4 (2019-12-16 09:23:40)","","georef batch tool 2019-12-16; GeoLocate","reviewed - high confidence","",NA,NA,NA,NA,NA,"",NA,NA,"harmona4","2020-04-25 10:36:34",NA,70,"urn:uuid:e2ff1a71-428d-451f-aa72-6aa6bcc17045","https://www.mycoportal.org/portal/collections/individual/index.php?occid=7220422"
"4",9612871,"CINC",NA,NA,"PreservedSpecimen","b0b450f8-0c85-41aa-b322-8845883009dc","CINC-F-0007983","","Fungi|Ascomycota|Pezizomycotina|Sordariomycetes|Hypocreomycetidae|Hypocreales|Myrothecium","Fungi","Ascomycota","Sordariomycetes","Hypocreales","Hypocreaceae","Myrothecium verrucaria",302362,"(Alb. & Schwein.) Ditmar","Myrothecium",NA,"verrucaria","","","Species","","",NA,NA,NA,"","","Cooke, William Bridge","","QM 460","1943-00-00","1943","00","00",NA,NA,"1943","","","Isolated from cotton bale. Grows well on potato dextrose agar and on filter paper on mineral salts agar. Subculture from standard test organism. Actively degrades cotton fabrics, degrades wool fabrics.","",NA,"",NA,NA,NA,"",NA,NA,NA,"",NA,NA,NA,"United States","District of Columbia","","Washington D.C.","Washington D.C.",NA,NA,NA,38.885037,-77.053836,"WGS84",12707,"","","","GeoLocate","","",NA,NA,NA,NA,NA,"",NA,NA,"harmona4","2020-04-15 10:04:06",NA,70,"urn:uuid:b0b450f8-0c85-41aa-b322-8845883009dc","https://www.mycoportal.org/portal/collections/individual/index.php?occid=9612871"
