"","id","institutionCode","collectionCode","ownerInstitutionCode","basisOfRecord","occurrenceID","catalogNumber","otherCatalogNumbers","higherClassification","kingdom","phylum","class","order","family","scientificName","taxonID","scientificNameAuthorship","genus","subgenus","specificEpithet","verbatimTaxonRank","infraspecificEpithet","taxonRank","identifiedBy","dateIdentified","identificationReferences","identificationRemarks","taxonRemarks","identificationQualifier","typeStatus","recordedBy","associatedCollectors","recordNumber","eventDate","year","month","day","startDayOfYear","endDayOfYear","verbatimEventDate","occurrenceRemarks","habitat","substrate","verbatimAttributes","fieldNumber","informationWithheld","dataGeneralizations","dynamicProperties","associatedOccurrences","associatedTaxa","reproductiveCondition","establishmentMeans","cultivationStatus","lifeStage","sex","individualCount","preparations","country","stateProvince","county","municipality","locality","locationRemarks","localitySecurity","localitySecurityReason","decimalLatitude","decimalLongitude","geodeticDatum","coordinateUncertaintyInMeters","verbatimCoordinates","georeferencedBy","georeferenceProtocol","georeferenceSources","georeferenceVerificationStatus","georeferenceRemarks","minimumElevationInMeters","maximumElevationInMeters","minimumDepthInMeters","maximumDepthInMeters","verbatimDepth","verbatimElevation","disposition","language","recordEnteredBy","modified","sourcePrimaryKey.dbpk","collId","recordId","references"
"1",4364483,"CINC",NA,NA,"PreservedSpecimen","d01f198d-b60d-4328-823d-5b7f5cdc55e4","CINC-F-0000465","","","","","","","Peronosporaceae","Sclerospora macrospora",653594,"Sacc.","Sclerospora",NA,"macrospora","","","Species","","",NA,NA,NA,"","","Holton, C.S.","Stanton, T.R.","s.n.","1948-07-23","1948","7","23",205,NA,"July 23, 1948","Mycobiota of North America, 1-450, W.B. Cooke, exs #: 301","In low areas in irrigated fields","on Avena sativa var. overland","",NA,"",NA,NA,NA,"",NA,NA,NA,"",NA,NA,NA,"United States","Idaho","Bingham","Aberdeen","Aberdeen",NA,NA,NA,42.94417,-112.8375,"",1374,"","harmona4","","","","",NA,NA,NA,NA,NA,"",NA,NA,"harmona4","2020-05-08 08:53:22",NA,70,"urn:uuid:d01f198d-b60d-4328-823d-5b7f5cdc55e4","https://www.mycoportal.org/portal/collections/individual/index.php?occid=4364483"
"2",4401968,"CINC",NA,NA,"PreservedSpecimen","136c75b4-956b-48c7-908d-2e4f8655b41a","CINC-F-0001228","","Fungi|Ascomycota|Pezizomycotina|Sordariomycetes|Hypocreomycetidae|Hypocreales|Clavicipitaceae|Balansia","Fungi","Ascomycota","Sordariomycetes","Hypocreales","Clavicipitaceae","Balansia hypoxylon",111567,"(Peck) G.F. Atk.","Balansia",NA,"hypoxylon","","","Species","","",NA,NA,NA,"","","Cooke, William Bridge","Diehl, W.W., Lentz, P.L.","s.n.","1948-08-31","1948","8","31",244,NA,"August 31, 1948","Mycobiota of North America, 1-450, W.B. Cooke, exs #: 303","waste places along an old lane","on Danthonia spicata","",NA,"",NA,NA,NA,"",NA,NA,NA,"",NA,NA,NA,"United States","Maryland","Prince Georges","","near Greenbelt",NA,NA,NA,39.004554,-76.875528,"WGS84",4007,"","harmona4","","GeoLocate","","",NA,NA,NA,NA,NA,"",NA,NA,"harmona4","2020-05-08 08:53:22",NA,70,"urn:uuid:136c75b4-956b-48c7-908d-2e4f8655b41a","https://www.mycoportal.org/portal/collections/individual/index.php?occid=4401968"
"3",4402229,"CINC",NA,NA,"PreservedSpecimen","ae47b77f-d2bc-4e9f-bd82-7a92a58ddcd6","CINC-F-0001234","","Fungi|Ascomycota|Pezizomycotina|Sordariomycetes|Hypocreomycetidae|Hypocreales|Clavicipitaceae|Claviceps","Fungi","Ascomycota","Sordariomycetes","Hypocreales","Clavicipitaceae","Claviceps purpurea",142922,"(Fr.) Tul.","Claviceps",NA,"purpurea","","","Species","","",NA,NA,NA,"","","Cooke, William Bridge","Cooke, V.G.","24325","1948-09-25","1948","9","25",269,NA,"September 25, 1948","Mycobiota of North America, 1-450, W.B. Cooke, exs #: 305","along edge of relatively undisturbed patch of native prairie","on Bromus inermis","",NA,"",NA,NA,NA,"",NA,NA,NA,"",NA,NA,NA,"United States","Idaho","Lewis","","near Mohler, between Nez Perce and Craigmont",NA,NA,NA,46.290326,-116.346941,"WGS84",1250,"","harmona4","","GeoLocate","","",NA,NA,NA,NA,NA,"",NA,NA,"harmona4","2020-05-08 08:53:22",NA,70,"urn:uuid:ae47b77f-d2bc-4e9f-bd82-7a92a58ddcd6","https://www.mycoportal.org/portal/collections/individual/index.php?occid=4402229"
"4",4402233,"CINC",NA,NA,"PreservedSpecimen","3ca18bc8-8a72-4b8f-b980-924700b694d8","CINC-F-0001235","","Fungi|Ascomycota|Pezizomycotina|Sordariomycetes|Hypocreomycetidae|Hypocreales|Clavicipitaceae|Claviceps","Fungi","Ascomycota","Sordariomycetes","Hypocreales","Clavicipitaceae","Claviceps purpurea",142922,"(Fr.) Tul.","Claviceps",NA,"purpurea","","","Species","","",NA,NA,NA,"","","Meiners, Jack","","s.n.","1948-10-25","1948","10","25",299,NA,"October 25, 1948","Mycobiota of North America, 1-450, W.B. Cooke, exs #: 304","","on Agropyron cristatum","",NA,"",NA,NA,NA,"",NA,NA,NA,"",NA,NA,NA,"United States","Washington","Whitman","Pullman","Pullman, Soil Conservation Service grass nurseries",NA,NA,NA,46.731274,-117.179616,"WGS84",5639,"","harmona4","","GeoLocate","","",NA,NA,NA,NA,NA,"",NA,NA,"harmona4","2020-05-08 08:53:22",NA,70,"urn:uuid:3ca18bc8-8a72-4b8f-b980-924700b694d8","https://www.mycoportal.org/portal/collections/individual/index.php?occid=4402233"
"5",4402276,"CINC",NA,NA,"PreservedSpecimen","c82ff94a-133e-45f1-8a12-fcfef47a5463","CINC-F-0001254","","Fungi|Ascomycota|Pezizomycotina|Sordariomycetes|Hypocreomycetidae|Hypocreales|Hypocreaceae|Hypomyces","Fungi","Ascomycota","Sordariomycetes","Hypocreales","Hypocreaceae","Hypomyces lactifluorum",248451,"(Schwein.) Tul. & C. Tul.","Hypomyces",NA,"lactifluorum","","","Species","","",NA,NA,NA,"","","Cooke, William Bridge","Cooke, V.G.","24309","1948-09-25","1948","9","25",269,NA,"September 25, 1948","Mycobiota of North America, 1-450, W.B. Cooke, exs #: 306","in young Douglas Fir-Grand Fir woods","on Russula sp.","",NA,"",NA,NA,NA,"",NA,NA,NA,"",NA,NA,NA,"United States","Idaho","Idaho","","Along Rackliff Ridge Trail, a half mile above Rackliff Creek Public Camp, Nez Perce National Forest",NA,NA,NA,46.084469,-115.494665,"WGS84",1204,"","harmona4","","GeoLocate","","",NA,NA,NA,NA,NA,"",NA,NA,"harmona4","2020-05-08 08:53:22",NA,70,"urn:uuid:c82ff94a-133e-45f1-8a12-fcfef47a5463","https://www.mycoportal.org/portal/collections/individual/index.php?occid=4402276"
"6",4402576,"CINC",NA,NA,"PreservedSpecimen","86256a0c-a42f-408c-ae5a-b853754209b8","CINC-F-0001312","","Fungi|Ascomycota|Pezizomycotina|Dothideomycetes|Dothideomycetidae|Dothideales|Saccotheciaceae|Dothioraceae|Metasphaeria","Fungi","Ascomycota","Dothideomycetes","Dothideales","Leptosphaeriaceae","Metasphaeria sepalorum",290498,"Lind","Metasphaeria",NA,"sepalorum","","","Species","","",NA,NA,NA,"","","Cooke, William Bridge","Cooke, V.G.","24247","1948-07-12","1948","7","12",194,NA,"July 12, 1948","Mycobiota of North America, 1-450, W.B. Cooke, exs #: 308","In subalpine meadows","on Juncus parryi","",NA,"",NA,NA,NA,"",NA,NA,NA,"",NA,NA,NA,"United States","Washington","Whatcom","","along Washington Route 1, near Mount Baker Lodge, Mount Baker National Forest",NA,NA,NA,48.863458,-121.682363,"WGS84",3036,"","harmona4","","GeoLocate","","",NA,NA,NA,NA,NA,"",NA,NA,"harmona4","2020-05-08 08:53:22",NA,70,"urn:uuid:86256a0c-a42f-408c-ae5a-b853754209b8","https://www.mycoportal.org/portal/collections/individual/index.php?occid=4402576"
"7",4412431,"CINC",NA,NA,"PreservedSpecimen","a3468806-9a9d-4167-8943-927b89376833","CINC-F-0001441","","Fungi|Ascomycota|Pezizomycotina|Lecanoromycetes|Ostropomycetidae|Ostropales|Stictidaceae|Stictis","Fungi","Ascomycota","Lecanoromycetes","Ostropales","Stictidaceae","Stictis radiata",436057,"(L.) Pers.","Stictis",NA,"radiata","","","Species","","",NA,NA,NA,"","","Cooke, William Bridge","Cooke, V.G.","24025","1948-07-01","1948","7","1",183,NA,"July 1, 1948","Mycobiota of North America, 1-450, W.B. Cooke, exs #: 312","","on Umbellularia californica","",NA,"",NA,NA,NA,"",NA,NA,NA,"",NA,NA,NA,"United States","Oregon","Douglas","","along Oregon State Highway 38 along the Umpqua River, 10 miles east of Reedsport",NA,NA,NA,43.702164,-123.896421,"WGS84",14834,"","harmona4","","GeoLocate","","",NA,NA,NA,NA,NA,"",NA,NA,"harmona4","2020-05-08 08:53:22",NA,70,"urn:uuid:a3468806-9a9d-4167-8943-927b89376833","https://www.mycoportal.org/portal/collections/individual/index.php?occid=4412431"
"8",4412449,"CINC",NA,NA,"PreservedSpecimen","d95e6ff5-9084-45ab-8f13-c30cc0d049d0","CINC-F-0001450","","Fungi|Ascomycota|Pezizomycotina|Pezizomycetes|Pezizomycetidae|Pezizales|Pyronemataceae|Patella","Fungi","Ascomycota","Pezizomycetes","Pezizales","Pyronemataceae","Patella coprinaria",354188,"(Cooke) Seaver","Patella",NA,"coprinaria","","","Species","","",NA,NA,NA,"","","Cooke, William Bridge","Cooke, V.G.","23992","1948-06-29","1948","6","29",181,NA,"June 29, 1948","Mycobiota of North America, 1-450, W.B. Cooke, exs #: 436","Tsuga mertensiana community","on deer dung","",NA,"",NA,NA,NA,"",NA,NA,NA,"",NA,NA,NA,"United States","Oregon","Deschutes","","0.3 miles east of Mckenzie Pass",NA,NA,NA,44.25984,-121.803705,"WGS84",520,"","harmona4","","GeoLocate","","",1524,NA,NA,NA,NA,"5000ft.",NA,NA,"harmona4","2020-05-08 08:53:22",NA,70,"urn:uuid:d95e6ff5-9084-45ab-8f13-c30cc0d049d0","https://www.mycoportal.org/portal/collections/individual/index.php?occid=4412449"
"9",4413098,"CINC",NA,NA,"PreservedSpecimen","e9ff021b-e036-4b35-97c7-e03bc9ccd88d","CINC-F-0001503","","Fungi|Ascomycota|Pezizomycotina|Leotiomycetes|Leotiomycetidae|Rhytismatales|Rhytismataceae|Hypoderma","Fungi","Ascomycota","Leotiomycetes","Rhytismatales","Rhytismataceae","Hypoderma robustum",248047,"Tubeuf","Hypoderma",NA,"robustum","","","Species","","",NA,NA,NA,"","","Cooke, William Bridge","Cooke, V.G.","23884","1948-06-16","1948","6","16",168,NA,"June 16, 1948","Mycobiota of North America, 1-450, W.B. Cooke, exs #: 311","","on Abies grandis","",NA,"",NA,NA,NA,"",NA,NA,NA,"",NA,NA,NA,"United States","Oregon","Wallowa","","Above the Boy Scout Camp, west side of West Fork of Wallowa Creek above Wallowa State Park",NA,NA,NA,45.270431,-117.218502,"WGS84",3036,"","harmona4","","GeoLocate","","",NA,NA,NA,NA,NA,"",NA,NA,"harmona4","2020-05-08 08:53:22",NA,70,"urn:uuid:e9ff021b-e036-4b35-97c7-e03bc9ccd88d","https://www.mycoportal.org/portal/collections/individual/index.php?occid=4413098"
"10",4413144,"CINC",NA,NA,"PreservedSpecimen","f8dbc21f-b596-4ee2-922a-f32d00aafe7e","CINC-F-0001529","","Fungi|Ascomycota|Pezizomycotina|Leotiomycetes|Leotiomycetidae|Helotiales|Helotiaceae|Clithris","Fungi","Ascomycota","Leotiomycetes","Helotiales","Rhytismataceae","Clithris crispa",143448,"(Pers.) Rehm","Clithris",NA,"crispa","","","Species","","",NA,NA,NA,"","","Cooke, William Bridge","Cooke, V.G.","24192","1948-07-09","1948","7","9",191,NA,"July 9, 1948","Mycobiota of North America, 1-450, W.B. Cooke, exs #: 313","","on Abies lasiocarpa","",NA,"",NA,NA,NA,"",NA,NA,NA,"",NA,NA,NA,"United States","Washington","","","Two miles below Paradise Inn along the highway, Mt. Rainier National Park",NA,NA,NA,46.860916,-121.705624,"WGS84",2289,"","harmona4","","GeoLocate","","",1463,NA,NA,NA,NA,"4800 ft",NA,NA,"harmona4","2020-05-08 08:53:22",NA,70,"urn:uuid:f8dbc21f-b596-4ee2-922a-f32d00aafe7e","https://www.mycoportal.org/portal/collections/individual/index.php?occid=4413144"
"11",4413148,"CINC",NA,NA,"PreservedSpecimen","a917fb60-3d8b-4b7d-9268-04eca0b9d69a","CINC-F-0001531","","Fungi|Ascomycota|Pezizomycotina|Leotiomycetes|Leotiomycetidae|Rhytismatales|Rhytismataceae|Coccomyces","Fungi","Ascomycota","Leotiomycetes","Rhytismatales","Rhytismataceae","Coccomyces dentatus",145293,"(J.C. Schmidt) Sacc.","Coccomyces",NA,"dentatus","","","Species","","",NA,NA,NA,"","","Cooke, William Bridge","Cooke, V.G.","23958","1948-06-17","1948","6","17",169,NA,"June 17, 1948","Mycobiota of North America, 1-450, W.B. Cooke, exs #: 310","On leaves of preceding season lying on ground under prostrate shrub of host","on Berberis nervosa","",NA,"",NA,NA,NA,"",NA,NA,NA,"",NA,NA,NA,"United States","Oregon","Umatilla","","near McDougal Camp along Oregon State Highway 204, Blue Mountains",NA,NA,NA,45.868467,-118.402743,"WGS84",3036,"","harmona4","","GeoLocate","","",NA,NA,NA,NA,NA,"",NA,NA,"harmona4","2020-05-08 08:53:22",NA,70,"urn:uuid:a917fb60-3d8b-4b7d-9268-04eca0b9d69a","https://www.mycoportal.org/portal/collections/individual/index.php?occid=4413148"
"12",4413261,"CINC",NA,NA,"PreservedSpecimen","2684b79f-c2f9-419c-a01d-322a0fc90875","CINC-F-0001587","","Fungi|Ascomycota|Pezizomycotina|Pezizomycetes|Pezizomycetidae|Pezizales|Helvellaceae|Helvella","Fungi","Ascomycota","Pezizomycetes","Pezizales","Helvellaceae","Helvella infula",238081,"Schaeff.","Helvella",NA,"infula","","","Species","","",NA,NA,NA,"","","Cooke, William Bridge","Cooke, V.G.","23969","1948-06-16","1948","6","16",168,NA,"June 16, 1948","Mycobiota of North America, 1-450, W.B. Cooke, exs #: 319","Grand Fir-Englemann Spruce forest","on the ground","",NA,"",NA,NA,NA,"",NA,NA,NA,"",NA,NA,NA,"United States","Oregon","Umatilla","","Near MacDougall Camp, along Oregon State Route 204, Blue Mountains",NA,NA,NA,45.485964,-118.275507,"WGS84",3036,"","harmona4","","GeoLocate","","",NA,NA,NA,NA,NA,"",NA,NA,"harmona4","2020-05-08 08:53:22",NA,70,"urn:uuid:2684b79f-c2f9-419c-a01d-322a0fc90875","https://www.mycoportal.org/portal/collections/individual/index.php?occid=4413261"
"13",4440793,"CINC",NA,NA,"PreservedSpecimen","342d0d52-09cb-467d-9160-d500b495d33d","CINC-F-0001635","","Fungi|Ascomycota|Pezizomycotina|Leotiomycetes|Leotiomycetidae|Helotiales|Lachnaceae|Hyaloscyphaceae|Dasyscyphus","Fungi","Ascomycota","Leotiomycetes","Helotiales","Hyaloscyphaceae","Dasyscyphus arida",165053,"(W. Phillips) Sacc.","Dasyscyphus",NA,"arida","","","Species","","",NA,NA,NA,"","","Cooke, William Bridge","Cooke, V.G.","23981","1948-06-18","1948","6","18",170,NA,"June 18, 1948","Mycobiota of North America, 1-450, W.B. Cooke, exs #: 314","","on Abies grandis","",NA,"",NA,NA,NA,"",NA,NA,NA,"",NA,NA,NA,"United States","Oregon","Umatilla","","near McDougall Camp along Oregon State Route 204, Blue Mountains",NA,NA,NA,45.777634,-118.16606,"WGS84",3036,"","harmona4","","GeoLocate","","",1372,NA,NA,NA,NA,"4500ft.",NA,NA,"harmona4","2020-05-08 08:53:22",NA,70,"urn:uuid:342d0d52-09cb-467d-9160-d500b495d33d","https://www.mycoportal.org/portal/collections/individual/index.php?occid=4440793"
"14",4440797,"CINC",NA,NA,"PreservedSpecimen","04fa84e9-9c0e-45f3-8267-80032b553c31","CINC-F-0001640","","Fungi|Ascomycota|Pezizomycotina|Leotiomycetes|Leotiomycetidae|Helotiales|Lachnaceae|Hyaloscyphaceae|Dasyscyphus","Fungi","Ascomycota","Leotiomycetes","Helotiales","Hyaloscyphaceae","Dasyscyphus calycinus",165103,"(Schumach.) Fuckel","Dasyscyphus",NA,"calycinus","","","Species","","",NA,NA,NA,"","","Cooke, William Bridge","Cooke, V.G.","23489","1948-05-29","1948","5","29",150,NA,"May 29, 1948","Mycobiota of North America, 1-450, W.B. Cooke, exs #: 432","in seral lodgepole pine woods","on Larix occidentalis","",NA,"",NA,NA,NA,"",NA,NA,NA,"",NA,NA,NA,"United States","Idaho","Latah","","along Dry Creek along the Troy Deary Road",NA,NA,NA,46.740074,-116.677583,"WGS84",1859,"","harmona4","","GeoLocate","","",NA,NA,NA,NA,NA,"",NA,NA,"harmona4","2020-05-08 08:53:22",NA,70,"urn:uuid:04fa84e9-9c0e-45f3-8267-80032b553c31","https://www.mycoportal.org/portal/collections/individual/index.php?occid=4440797"
"15",4440801,"CINC",NA,NA,"PreservedSpecimen","2ad2712f-6122-4de8-b67f-fe36efd9a096","CINC-F-0001642","","Fungi|Ascomycota|Pezizomycotina|Leotiomycetes|Leotiomycetidae|Helotiales|Lachnaceae|Hyaloscyphaceae|Dasyscyphus","Fungi","Ascomycota","Leotiomycetes","Helotiales","Hyaloscyphaceae","Dasyscyphus serinellus",165444,"(Qu�l.) Sacc.","Dasyscyphus",NA,"serinellus","","","Species","","",NA,NA,NA,"","","Cooke, William Bridge","Cooke, V.G.","24075","1948-07-05","1948","7","5",187,NA,"July 5, 1948","Mycobiota of North America, 1-450, W.B. Cooke, exs #: 315","","on needles of Tsuga mertensiana","",NA,"",NA,NA,NA,"",NA,NA,NA,"",NA,NA,NA,"United States","Oregon","Klamath","","One mile South of Annie Spring Public Camp, Crater Lake National Park",NA,NA,NA,42.8667,-122.1667,"WGS84",90,"","harmona4","","GeoLocate","","",1524,NA,NA,NA,NA,"5000ft.",NA,NA,"harmona4","2020-05-08 08:53:22",NA,70,"urn:uuid:2ad2712f-6122-4de8-b67f-fe36efd9a096","https://www.mycoportal.org/portal/collections/individual/index.php?occid=4440801"
"16",4440807,"CINC",NA,NA,"PreservedSpecimen","8ac56148-0933-4e45-8330-c372b9d210d0","CINC-F-0001645","","Fungi|Basidiomycota|Ascomycota|Pezizomycotina|Agaricomycotina|Leotiomycetes|Agaricomycetes|Leotiomycetidae|Agaricomycetidae|Helotiales|Agaricales|Mycenaceae|Helotiaceae|Helotium","Fungi","Ascomycota","Agaricomycetes","Agaricales","Helotiaceae","Helotium citrinum",237318,"(Hedw.) Fr.","Helotium",NA,"citrinum","","","Species","","",NA,NA,NA,"","","Cooke, William Bridge","Cooke, V.G.","24338","1948-10-02","1948","10","2",276,NA,"October 2, 1948","Mycobiota of North America, 1-450, W.B. Cooke, exs #: 316","in Douglas Fir woods","on Acer glabrum","",NA,"",NA,NA,NA,"",NA,NA,NA,"",NA,NA,NA,"United States","Washington","Spokane","","Along U.S. Highway 195, 8 miles north of Spangle",NA,NA,NA,47.543194,-117.380199,"WGS84",4184,"","harmona4","","GeoLocate","","",NA,NA,NA,NA,NA,"",NA,NA,"harmona4","2020-05-08 08:53:22",NA,70,"urn:uuid:8ac56148-0933-4e45-8330-c372b9d210d0","https://www.mycoportal.org/portal/collections/individual/index.php?occid=4440807"
"17",4454037,"CINC",NA,NA,"PreservedSpecimen","e95f7cf5-8c16-4503-813a-2e0ba40e0691","CINC-F-0001839","","Fungi|Ascomycota|Pezizomycotina|Pezizomycetes|Pezizomycetidae|Pezizales|Sarcosomataceae|Pseudoplectania","Fungi","Ascomycota","Pezizomycetes","Pezizales","Sarcosomataceae","Pseudoplectania nigrella",188148,"(Pers.) Fuckel","Pseudoplectania",NA,"nigrella","","","Species","","",NA,NA,NA,"","","Cooke, William Bridge","Cooke, V.G.","24166","1948-07-08","1948","7","8",190,NA,"July 8, 1948","Mycobiota of North America, 1-450, W.B. Cooke, exs #: 317","Thuja-Tsuga forest","litter and duff in Thuja-Tsuga forest","",NA,"",NA,NA,NA,"",NA,NA,NA,"",NA,NA,NA,"United States","Washington","Skamania","","Along trail to Bonnybrook Public Camp; Spirit Lake, north base of Mount Saint Helens",NA,NA,NA,46.272804,-122.140363,"WGS84",3573,"","harmona4","","GeoLocate","","",975,NA,NA,NA,NA,"3200ft.",NA,NA,"harmona4","2020-05-08 08:53:22",NA,70,"urn:uuid:e95f7cf5-8c16-4503-813a-2e0ba40e0691","https://www.mycoportal.org/portal/collections/individual/index.php?occid=4454037"
"18",4454045,"CINC",NA,NA,"PreservedSpecimen","eb3418c6-b84b-4c58-84ec-bd1afbda6c0b","CINC-F-0001841","","Fungi|Ascomycota|Pezizomycotina|Pezizomycetes|Pezizomycetidae|Pezizales|Pezizaceae|Sarcosphaera","Fungi","Ascomycota","Pezizomycetes","Pezizales","Pezizaceae","Sarcosphaera amplissima",414469,"(Fr.) Kanouse","Sarcosphaera",NA,"amplissima","","","Species","","",NA,NA,NA,"","","Cooke, William Bridge","Cooke, V.G.","23844","1948-06-14","1948","6","14",166,NA,"June 14, 1948","Mycobiota of North America, 1-450, W.B. Cooke, exs #: 318","Grand Fir forest","Subhypogaeous, opening as a small crater in the duff and litter","",NA,"",NA,NA,NA,"",NA,NA,NA,"",NA,NA,NA,"United States","Oregon","Umatilla","MacDougall","3.2 miles east of MacDougall (Camp), Blue Mountains",NA,NA,NA,45.866681,-118.333461,"WGS84",4139,"","harmona4","","GeoLocate","","",1372,NA,NA,NA,NA,"",NA,NA,"harmona4","2020-05-08 08:53:22",NA,70,"urn:uuid:eb3418c6-b84b-4c58-84ec-bd1afbda6c0b","https://www.mycoportal.org/portal/collections/individual/index.php?occid=4454045"
"19",4632367,"CINC",NA,NA,"PreservedSpecimen","2bc2e744-4294-458f-939f-3f13a6e3501f","CINC-F-0001864","","Fungi|Ascomycota|Taphrinomycotina|Taphrinomycetes|Taphrinomycetidae|Taphrinales|Taphrinaceae|Taphrina","Fungi","Ascomycota","Taphrinomycetes","Taphrinales","Taphrinaceae","Taphrina occidentalis",439877,"W.W. Ray","Taphrina",NA,"occidentalis","","","Species","","",NA,NA,NA,"","","Cooke, William Bridge","","16672","1948-07-01","1948","7","1",183,NA,"July 1, 1942","","Common throughout grove of alders in spring area","on Alnus sp.","",NA,"",NA,NA,NA,"",NA,NA,NA,"",NA,NA,NA,"United States","California","Tehama","","Spring area near southeast entrance to Lassen Volcanic National Park",NA,NA,NA,40.493683,-121.407348,"WGS84",16130,"","harmon4","","GeoLocate","","",2286,NA,NA,NA,NA,"7500ft.",NA,NA,"harmona4","2020-05-08 08:53:22",NA,70,"urn:uuid:2bc2e744-4294-458f-939f-3f13a6e3501f","https://www.mycoportal.org/portal/collections/individual/index.php?occid=4632367"
"20",4632595,"CINC",NA,NA,"PreservedSpecimen","4dd84843-b510-419f-8fe0-4f27934dbf47","CINC-F-0001897","","Fungi|Ascomycota|Taphrinomycotina|Taphrinomycetes|Taphrinomycetidae|Taphrinales|Taphrinaceae|Taphrina","Fungi","Ascomycota","Taphrinomycetes","Taphrinales","Taphrinaceae","Taphrina occidentalis",439877,"W.W. Ray","Taphrina",NA,"occidentalis","","","Species","","",NA,NA,NA,"","","Cooke, William Bridge","Cooke, V.G.","24469","1948-10-09","1948","10","9",283,NA,"October 9, 1948","Mycobiota of North America, 1-450, W.B. Cooke, exs #: 302","","On Alnus tenuifolia","",NA,"",NA,NA,NA,"",NA,NA,NA,"",NA,NA,NA,"United States","Idaho","Latah","","Along a creek along Idaho State Route 8, 4 miles east of Troy",NA,NA,NA,46.736805,-116.685109,"WGS84",7026,"","harmona4","","GeoLocate","","",NA,NA,NA,NA,NA,"",NA,NA,"harmona4","2020-05-08 08:53:22",NA,70,"urn:uuid:4dd84843-b510-419f-8fe0-4f27934dbf47","https://www.mycoportal.org/portal/collections/individual/index.php?occid=4632595"
"21",4783847,"CINC",NA,NA,"PreservedSpecimen","e9b37793-ff81-48df-9b97-d966075bbf8b","CINC-F-0002086","","Fungi|Ascomycota|Pezizomycotina|Pezizomycetes|Pezizomycetidae|Pezizales|Helvellaceae|Paxina","Fungi","Ascomycota","Pezizomycetes","Pezizales","Sarcosomataceae","Paxina nigrella",355298,"Seaver","Paxina",NA,"nigrella","","","Species","","",NA,NA,NA,"","","Cooke, William Bridge","Cooke, V.G.","24273","1948-07-13","1948","7","13",195,NA,"July 13, 1948","Mycobiota of North America, 1-450, W.B. Cooke, exs #: 437","","on conifer litter and duff near melting snow banks","",NA,"",NA,NA,NA,"",NA,NA,NA,"",NA,NA,NA,"United States","Washington","","","first switchback below Sunrise Point, Mount Rainier National Park",NA,NA,NA,46.914831,-121.642317,"WGS84",635,"","harmona4","","GeoLocate","","",1737,NA,NA,NA,NA,"5700ft.",NA,NA,"harmona4","2020-05-08 08:53:22",NA,70,"urn:uuid:e9b37793-ff81-48df-9b97-d966075bbf8b","https://www.mycoportal.org/portal/collections/individual/index.php?occid=4783847"
"22",4784176,"CINC",NA,NA,"PreservedSpecimen","214e2cd8-3310-43cd-9db3-c86331ef46b4","CINC-F-0002106","","Fungi|Ascomycota|Pezizomycotina|Leotiomycetes|Leotiomycetidae|Helotiales|Vibrisseaceae|Vibrissea","Fungi","Ascomycota","Leotiomycetes","Helotiales","Vibrisseaceae","Vibrissea truncorum",313940,"(Alb. & Schwein.) Fr.","Vibrissea",NA,"truncorum","","","Species","","",NA,NA,NA,"","","Huttleson, G.D.","Rogerson, C.T.","s.n.","1948-06-08","1948","6","8",160,NA,"June 8, 1948","Mycobiota of North America, 1-450, W.B. Cooke, exs #: 309","In moist depressions in Fagus-Tilia-Acer-Tsuga woodland","on dead leaves, especially of Tilia and Acer, but also Fagus, and on Tilia fruit bracts and Acer samaras","",NA,"",NA,NA,NA,"",NA,NA,NA,"",NA,NA,NA,"United States","New York","Madison","","Hilltop Swamp, 1 mile southwest of Cazenovia",NA,NA,NA,42.919822,-75.866682,"WGS84",3711,"","harmona4","","GeoLocate","","",NA,NA,NA,NA,NA,"",NA,NA,"harmona4","2020-05-08 08:53:22",NA,70,"urn:uuid:214e2cd8-3310-43cd-9db3-c86331ef46b4","https://www.mycoportal.org/portal/collections/individual/index.php?occid=4784176"
"23",4798178,"CINC",NA,NA,"PreservedSpecimen","26ad5c17-f4b4-4488-832e-fe061b8d4994","CINC-F-0002428","","Fungi|Basidiomycota|Pucciniomycotina|Pucciniomycetes|Pucciniales|Pucciniaceae|Puccinia","Fungi","Basidiomycota","Pucciniomycetes","Pucciniales","Pucciniaceae","Puccinia crandallii",397961,"Pammel & H.H. Hume","Puccinia",NA,"crandallii","","","Species","","",NA,NA,NA,"","","Cooke, William Bridge","Cooke, V.G.","24463","1948-10-09","1948","10","9",283,NA,"October 9, 1948","Mycobiota of North America, 1-450, W.B. Cooke, exs #: 323","open Ponderosa pine woods","on Festuca idahoensis","",NA,"",NA,NA,NA,"",NA,NA,NA,"",NA,NA,NA,"United States","Idaho","Latah","","South face near the top of Paradise Ridge",NA,NA,NA,46.677665,-116.97683,"WGS84",1725,"","harmona4","","GeoLocate","","",NA,NA,NA,NA,NA,"",NA,NA,"harmona4","2020-05-08 08:53:22",NA,70,"urn:uuid:26ad5c17-f4b4-4488-832e-fe061b8d4994","https://www.mycoportal.org/portal/collections/individual/index.php?occid=4798178"
"24",4800657,"CINC",NA,NA,"PreservedSpecimen","557118f1-0117-4371-ae3e-6ffb51972092","CINC-F-0002608","","Fungi|Basidiomycota|Pucciniomycotina|Pucciniomycetes|Pucciniales|Pucciniaceae|Puccinia|Puccinia graminis","Fungi","Basidiomycota","Pucciniomycetes","Pucciniales","Pucciniaceae","Puccinia graminis var. phlei-pratensis",529052,"(Erikss. & Henning) Stakman & Piem.","Puccinia",NA,"graminis","var.","phlei-pratensis","Variety","","",NA,NA,NA,"","","Cooke, William Bridge","Cooke, V.G.","24470","1948-10-09","1948","10","9",283,NA,"October 9, 1948","Mycobiota of North America, 1-450, W.B. Cooke, exs #: 325","","on Phleum pratense","",NA,"",NA,NA,NA,"",NA,NA,NA,"",NA,NA,NA,"United States","Idaho","Latah","","In gravel stockpile along State Route 8 near Dry Creek between Troy and Deary",NA,NA,NA,46.780175,-116.649695,"WGS84",301,"","harmona4","","GeoLocate","","",NA,NA,NA,NA,NA,"",NA,NA,"harmona4","2020-05-08 08:53:22",NA,70,"urn:uuid:557118f1-0117-4371-ae3e-6ffb51972092","https://www.mycoportal.org/portal/collections/individual/index.php?occid=4800657"
"25",4825160,"CINC",NA,NA,"PreservedSpecimen","4c5c5123-cf7b-4608-accd-e2e2e2e7eea3","CINC-F-0002640","","Fungi|Basidiomycota|Pucciniomycotina|Pucciniomycetes|Pucciniales|Pucciniaceae|Puccinia","Fungi","Basidiomycota","Pucciniomycetes","Pucciniales","Pucciniaceae","Puccinia evadens",398306,"Harkn.","Puccinia",NA,"evadens","","","Species","","",NA,NA,NA,"","","Cooke, William Bridge","Cooke, V.G.","24029","1948-07-02","1948","7","2",184,NA,"July 2, 1948","Mycobiota of North America, 1-450, W.B. Cooke, exs #: 324","In roadside thickets","on Baccharis pilularis","",NA,"",NA,NA,NA,"",NA,NA,NA,"",NA,NA,NA,"United States","Oregon","Coos","Myrtle Point","Along Oregon State Highway 42, 2 miles east of Myrtle Point",NA,NA,NA,43.064825,-124.099335,"WGS84",5047,"","harmona4","","GeoLocate","","",NA,NA,NA,NA,NA,"",NA,NA,"harmona4","2020-05-08 08:53:22",NA,70,"urn:uuid:4c5c5123-cf7b-4608-accd-e2e2e2e7eea3","https://www.mycoportal.org/portal/collections/individual/index.php?occid=4825160"
"26",4826111,"CINC",NA,NA,"PreservedSpecimen","64b06ce6-8678-4c28-80cf-73ff5237a956","CINC-F-0002730","","Fungi|Basidiomycota|Pucciniomycotina|Pucciniomycetes|Pucciniales|Pucciniaceae|Puccinia","Fungi","Basidiomycota","Pucciniomycetes","Pucciniales","Pucciniaceae","Puccinia iridis",188311,"Wallr.","Puccinia",NA,"iridis","","","Species","","",NA,NA,NA,"","","Cooke, William Bridge","Cooke, V.G.","24323","1948-09-25","1948","9","25",269,NA,"September 25, 1948","Mycobiota of North America, 1-450, W.B. Cooke, exs #: 326","In a scrub patch between a field and a creek bottom","on Iris missouriensis","",NA,"",NA,NA,NA,"",NA,NA,NA,"",NA,NA,NA,"United States","Idaho","Lewis","","near Craigmont",NA,NA,NA,46.241276,-116.467089,"WGS84",1402,"","harmona4","","GeoLocate","","",NA,NA,NA,NA,NA,"",NA,NA,"harmona4","2020-05-08 08:53:22",NA,70,"urn:uuid:64b06ce6-8678-4c28-80cf-73ff5237a956","https://www.mycoportal.org/portal/collections/individual/index.php?occid=4826111"
"27",4826142,"CINC",NA,NA,"PreservedSpecimen","2601a1f4-ce92-4d8c-bf29-1b1ea55aeac2","CINC-F-0002748","","Fungi|Basidiomycota|Pucciniomycotina|Pucciniomycetes|Pucciniales|Pucciniaceae|Puccinia","Fungi","Basidiomycota","Pucciniomycetes","Pucciniales","Pucciniaceae","Puccinia leveillei",399030,"Mont.","Puccinia",NA,"leveillei","","","Species","","",NA,NA,NA,"","","Cooke, William Bridge","","19798","1948-06-07","1948","6","7",159,NA,"June 7, 1948","Mycobiota of North America, 1-450, W.B. Cooke, exs #: 295","Symphoricarpos-Rosa Association, Fescue-Weatgrass Zone. Near climax scrub.","on Geranium viscosissimum","",NA,"",NA,NA,NA,"",NA,NA,NA,"",NA,NA,NA,"United States","Idaho","Lewis","Mohler","Southeast facing slope, 3.2 miles west of Mohler, northwest side of State Route 12",NA,NA,NA,46.289594,-116.4133,"WGS84",4139,"","harmona4","","GeoLocate","","",975,NA,NA,NA,NA,"3200ft.",NA,NA,"harmona4","2020-05-08 08:53:22",NA,70,"urn:uuid:2601a1f4-ce92-4d8c-bf29-1b1ea55aeac2","https://www.mycoportal.org/portal/collections/individual/index.php?occid=4826142"
"28",4826559,"CINC",NA,NA,"PreservedSpecimen","1a84fce1-3a44-4ff5-9193-9cb77e623768","CINC-F-0002840","","Fungi|Basidiomycota|Agaricomycotina|Agaricomycetes|Auriculariales|Auriculariaceae|Auricularia","Fungi","Basidiomycota","Agaricomycetes","Auriculariales","Auriculariaceae","Auricularia auricularis",109678,"(Gray) G.W. Martin","Auricularia",NA,"auricularis","","","Species","","",NA,NA,NA,"","","Cooke, William Bridge","Cooke, V.G.","23858","1948-06-15","1948","6","15",167,NA,"June 15, 1948","Mycobiota of North America, 1-450, W.B. Cooke, exs #: 328","logs","on Abies grandis","",NA,"",NA,NA,NA,"",NA,NA,NA,"",NA,NA,NA,"United States","Oregon","Union","","Along Oregon State Highway 204 along Little Phillips Creek, Blue Mountains",NA,NA,NA,45.745881,-118.040619,"WGS84",985,"","harmona4 (2018-06-23 09:39:06)","","georef batch tool 2018-06-23; GeoLocate","reviewed - high confidence","",1219,NA,NA,NA,NA,"4000 ft.",NA,NA,"harmona4","2020-05-08 08:53:22",NA,70,"urn:uuid:1a84fce1-3a44-4ff5-9193-9cb77e623768","https://www.mycoportal.org/portal/collections/individual/index.php?occid=4826559"
"29",4830942,"CINC",NA,NA,"PreservedSpecimen","ba94dc81-f138-4f1c-8122-2a90622b07b9","CINC-F-0002920","","Fungi|Basidiomycota|Agaricomycotina|Agaricomycetes|Russulales|Stereaceae|Stereum","Fungi","Basidiomycota","Agaricomycetes","Russulales","Stereaceae","Stereum rugisporum",435054,"(Ellis & Everh.) Burt","Stereum",NA,"rugisporum","","","Species","","",NA,NA,NA,"","","Cooke, William Bridge","Cooke, V.G., Farner, D.S.","24094","1948-07-05","1948","7","5",187,NA,"July 5, 1948","Mycobiota of North America, 1-450, W.B. Cooke, exs #: 330","","on Abies magnifica v. shastensis","",NA,"",NA,NA,NA,"",NA,NA,NA,"",NA,NA,NA,"United States","Oregon","","","Head of East Fork of Munson Creek, Crater Lake National Park",NA,NA,NA,42.9,-122.1333,"WGS84",1333,"","harmona4","","GeoLocate","","",1905,NA,NA,NA,NA,"6250ft.",NA,NA,"harmona4","2020-05-08 08:53:22",NA,70,"urn:uuid:ba94dc81-f138-4f1c-8122-2a90622b07b9","https://www.mycoportal.org/portal/collections/individual/index.php?occid=4830942"
"30",4916236,"CINC",NA,NA,"PreservedSpecimen","afc8a1d4-9bb5-4759-8224-29b32b268938","CINC-F-0003194","","Fungi|Basidiomycota|Agaricomycotina|Agaricomycetes|Russulales|Stereaceae|Stereum","Fungi","Basidiomycota","Agaricomycetes","Russulales","Stereaceae","Stereum sanguinolentum",189499,"(Alb. & Schwein.) Fr.","Stereum",NA,"sanguinolentum","","","Species","","",NA,NA,NA,"","","Cooke, William Bridge","Cooke, V.G.","23788","1948-06-12","1948","6","12",164,NA,"June 12, 1948","Mycobiota of North America, 1-450, W.B. Cooke, exs #: 331","Grand Fir woods","on Larix occidentalis","",NA,"",NA,NA,NA,"",NA,NA,NA,"",NA,NA,NA,"United States","Idaho","Idaho","Mt. Idaho","4 miles south of Grangeville on Mount Idaho",NA,NA,NA,45.868636,-116.122365,"WGS84",6877,"","harmona4","","GeoLocate","","",NA,NA,NA,NA,NA,"",NA,NA,"harmona4","2020-05-08 08:53:22",NA,70,"urn:uuid:afc8a1d4-9bb5-4759-8224-29b32b268938","https://www.mycoportal.org/portal/collections/individual/index.php?occid=4916236"
"31",4922447,"CINC",NA,NA,"PreservedSpecimen","3563e978-c3c0-4798-b950-41400036f29d","CINC-F-0003367","","Fungi|Basidiomycota|Pucciniomycotina|Pucciniomycetes|Pucciniales|Coleosporiaceae|Chrysomyxa","Fungi","Basidiomycota","Pucciniomycetes","Pucciniales","Coleosporiaceae","Chrysomyxa weirii",138568,"H.S. Jacks.","Chrysomyxa",NA,"weirii","","","Species","","",NA,NA,NA,"","","Cooke, William Bridge","Cooke, V.G.","23873","1948-06-15","1948","6","15",167,NA,"15 June 1948","Mycobiota of North America, 1-450, W.B. Cooke, exs #: 320","On trees in the alluvial plain","on Picea engelmannii","",NA,"",NA,NA,NA,"",NA,NA,NA,"",NA,NA,NA,"United States","Oregon","Wallowa","Wallowa Lake State Park","Wallowa Creek, at head of Wallowa Lake, Wallowa Lake State Park",NA,NA,NA,45.30905,-117.207612,"WGS84",3114,"","harmona4","","GeoLocate","","",1341,NA,NA,NA,NA,"4400ft.",NA,NA,"harmona4","2020-05-08 08:53:22",NA,70,"urn:uuid:3563e978-c3c0-4798-b950-41400036f29d","https://www.mycoportal.org/portal/collections/individual/index.php?occid=4922447"
"32",4922579,"CINC",NA,NA,"PreservedSpecimen","23bb81e1-31fd-4098-a2be-7f803fbe850b","CINC-F-0003435","","Fungi|Basidiomycota|Pucciniomycotina|Pucciniomycetes|Pucciniales|Cronartiaceae|Cronartium","Fungi","Basidiomycota","Pucciniomycetes","Pucciniales","Cronartiaceae","Cronartium ribicola",158579,"A. Dietr.","Cronartium",NA,"ribicola","","","Species","","",NA,NA,NA,"","","Cooke, William Bridge","Cooke, V.G.","24410","1948-10-09","1948","10","9",283,NA,"October 9, 1948","Mycobiota of North America, 1-450, W.B. Cooke, exs #: 321","Douglas fir woods","on Ribes viscosissimum","",NA,"",NA,NA,NA,"",NA,NA,NA,"",NA,NA,NA,"United States","Idaho","Latah","Thatuna Ridge","On the north side of the west end of Thatuna Ridge, Latah County, Idaho",NA,NA,NA,46.816168,-116.711724,"WGS84",46659,"","harmona4","","GeoLocate","","",NA,NA,NA,NA,NA,"",NA,NA,"harmona4","2020-05-08 08:53:22",NA,70,"urn:uuid:23bb81e1-31fd-4098-a2be-7f803fbe850b","https://www.mycoportal.org/portal/collections/individual/index.php?occid=4922579"
"33",4952710,"CINC",NA,NA,"PreservedSpecimen","04a99d63-26f7-44cd-a811-fa9e0130a8a5","CINC-F-0003630","","Fungi|Basidiomycota|Agaricomycotina|Agaricomycetes|Corticiales|Corticiaceae|Cytidia","Fungi","Basidiomycota","Agaricomycetes","Corticiales","Corticiaceae","Cytidia salicina",162819,"(Fr.) Burt","Cytidia",NA,"salicina","","","Species","","",NA,NA,NA,"","","Cooke, William Bridge","Cooke, V.G.","23769","1948-06-12","1948","6","12",164,NA,"June 12, 1948","Mycobiota of North America, 1-450, W.B. Cooke, exs #: 329","Grand Fir woods","On Salix scouleriana","",NA,"",NA,NA,NA,"",NA,NA,NA,"",NA,NA,NA,"United States","Idaho","Idaho","Mt. Idaho","4 miles south of Grangeville, Mount Idaho",NA,NA,NA,45.868636,-116.122365,"WGS84",6877,"","harmona4","","GeoLocate","","",NA,NA,NA,NA,NA,"",NA,NA,"harmona4","2020-05-08 08:53:22",NA,70,"urn:uuid:04a99d63-26f7-44cd-a811-fa9e0130a8a5","https://www.mycoportal.org/portal/collections/individual/index.php?occid=4952710"
"34",4958972,"CINC",NA,NA,"PreservedSpecimen","9301651b-f73a-4812-b112-c7186f85d16a","CINC-F-0003703","","Fungi|Basidiomycota|Agaricomycotina|Agaricomycetes|Thelephorales","Fungi","Basidiomycota","Agaricomycetes","Thelephorales","Thelephoraceae","Thelephoraceae",7345,"","",NA,"","","","Family","","",NA,NA,NA,"","","s.n.","","s.n.","1948-04-00","1948","4","00",NA,NA,"April, 1948","","","on tree","",NA,"",NA,NA,NA,"",NA,NA,NA,"",NA,NA,NA,"United States","Florida","Alachua","Juniper Springs","Juniper Springs",NA,NA,NA,29.182668,-81.711251,"WGS84",1000,"","harmona4","","GeoLocate","","",NA,NA,NA,NA,NA,"",NA,NA,"harmona4","2020-05-08 08:53:22",NA,70,"urn:uuid:9301651b-f73a-4812-b112-c7186f85d16a","https://www.mycoportal.org/portal/collections/individual/index.php?occid=4958972"
"35",4994178,"CINC",NA,NA,"PreservedSpecimen","d86785df-36a1-4092-9755-6fc903f9c9c2","CINC-F-0003849","","Fungi|Basidiomycota|Pucciniomycotina|Pucciniomycetes|Pucciniales|Pucciniaceae|Uromyces","Fungi","Basidiomycota","Pucciniomycetes","Pucciniales","Pucciniaceae","Uromyces probus",554386,"Arthur","Uromyces",NA,"probus","","","Species","","",NA,NA,NA,"","","Cooke, William Bridge","Cooke, V.G.","23486","1948-05-28","1948","5","28",149,NA,"May 28, 1948","Mycobiota of North America, 1-450, W.B. Cooke, exs #: 327","Undisturbed prairie reserve","on Sisyrinchium idahoense","",NA,"",NA,NA,NA,"",NA,NA,NA,"",NA,NA,NA,"United States","Washington","Whitman","Pullman","Pullman, State College of Washington campus",NA,NA,NA,46.731274,-117.179616,"WGS84",5639,"","harmona4","","GeoLocate","","",NA,NA,NA,NA,NA,"",NA,NA,"harmona4","2020-05-08 08:53:22",NA,70,"urn:uuid:d86785df-36a1-4092-9755-6fc903f9c9c2","https://www.mycoportal.org/portal/collections/individual/index.php?occid=4994178"
"36",5023785,"CINC",NA,NA,"PreservedSpecimen","864055ef-85ea-4db5-807c-ab12cd009ae3","CINC-F-0004024","","Fungi|Basidiomycota|Pucciniomycotina|Pucciniomycetes|Pucciniales|Phragmidiaceae|Phragmidium","Fungi","Basidiomycota","Pucciniomycetes","Pucciniales","Phragmidiaceae","Phragmidium speciosum",371173,"(Fr.) Burrill","Phragmidium",NA,"speciosum","","","Species","","",NA,NA,NA,"","","Cooke, William Bridge","Cooke, V.G.","24703","1948-11-13","1948","11","13",318,NA,"November 13, 1948","Mycobiota of North America, 1-450, W.B. Cooke, exs #: 322","Common in rose scrub between a lane and a field","on Rosa spauldingii","",NA,"",NA,NA,NA,"",NA,NA,NA,"",NA,NA,NA,"United States","Washington","Whitman","Rosalia","Near Rosalia",NA,NA,NA,47.236005,-117.369912,"WGS84",1622,"","harmona4","","GeoLocate","","",NA,NA,NA,NA,NA,"",NA,NA,"harmona4","2020-05-08 08:53:22",NA,70,"urn:uuid:864055ef-85ea-4db5-807c-ab12cd009ae3","https://www.mycoportal.org/portal/collections/individual/index.php?occid=5023785"
"37",5073493,"CINC",NA,NA,"PreservedSpecimen","ebefc176-7bd8-4e78-96d7-04828b5e8096","CINC-F-0004263","","Fungi|Basidiomycota|Agaricomycotina|Agaricomycetes|Phallomycetidae|Agaricomycetidae|Gomphales|Agaricales|Gomphaceae|Clavariaceae|Ramaria","Fungi","Basidiomycota","Agaricomycetes","Agaricales","Gomphaceae","Ramaria conjuncta",188549,"(Peck) Corner","Ramaria",NA,"conjuncta","","","Species","","",NA,NA,NA,"","","Cooke, William Bridge","Cooke, V.G.","23975","1948-06-16","1948","6","16",168,NA,"June 16, 1948","Mycobiota of North America, 1-450, W.B. Cooke, exs #: 380","","on ground in a large ring in Abies grandis forest","",NA,"",NA,NA,NA,"",NA,NA,NA,"",NA,NA,NA,"United States","Oregon","Umatilla","MacDougall Camp","0.4 miles east of MacDougall Camp, along Oregon Route 204, near Umatilla National Forest Boundary",NA,NA,NA,45.6333,-118.1833,"WGS84",1204,"","harmona4","","GeoLocate","","",1372,NA,NA,NA,NA,"4500ft.",NA,NA,"harmona4","2020-05-08 08:53:22",NA,70,"urn:uuid:ebefc176-7bd8-4e78-96d7-04828b5e8096","https://www.mycoportal.org/portal/collections/individual/index.php?occid=5073493"
"38",5073981,"CINC",NA,NA,"PreservedSpecimen","168b71b2-d38c-4bf9-a420-b59a63bce1ed","CINC-F-0004426","","Fungi|Basidiomycota|Agaricomycotina|Agaricomycetes|Agaricomycetidae|Polyporales|Polyporaceae|Hexagonia","Fungi","Basidiomycota","Agaricomycetes","Polyporales","Polyporaceae","Hexagonia hydnoides",184112,"(Sw.) M. Fidalgo","Hexagonia",NA,"hydnoides","","","Species","","",NA,NA,NA,"","","Fulford, Margaret H.","","s.n.","1948-04-00","1948","4","00",NA,NA,"April, 1948","","woods","","",NA,"",NA,NA,NA,"",NA,NA,NA,"",NA,NA,NA,"United States","Florida","Volusia","Daytona Beach","Near Daytona Beach, along 1A",NA,NA,NA,29.210815,-81.022833,"WGS84",12279,"","","","GeoLocate","","",NA,NA,NA,NA,NA,"",NA,NA,"harmona4","2020-05-08 08:53:22",NA,70,"urn:uuid:168b71b2-d38c-4bf9-a420-b59a63bce1ed","https://www.mycoportal.org/portal/collections/individual/index.php?occid=5073981"
"39",5110069,"CINC",NA,NA,"PreservedSpecimen","3163617f-d5e3-4760-b892-7a286e96c840","CINC-F-0005075","","Fungi|Basidiomycota|Agaricomycotina|Agaricomycetes|Hymenochaetales|Schizoporaceae|Oxyporus","Fungi","Basidiomycota","Agaricomycetes","Hymenochaetales","Schizoporaceae","Oxyporus cuneatus",186563,"(Murrill) Aoshima","Oxyporus",NA,"cuneatus","","","Species","","",NA,NA,NA,"","","Cooke, William Bridge","Cooke, V.G.","24182","1948-07-09","1948","7","9",191,NA,"July 9, 1948","Mycobiota of North America, 1-450, W.B. Cooke, exs #: 334","","on Tsuga heterophylla log used as parking lot guard rail","",NA,"",NA,NA,NA,"",NA,NA,NA,"",NA,NA,NA,"United States","Washington","Lewis","Columbia National Forest","La Wis Wis Forest Camp, Columbia National Forest",NA,NA,NA,46.665915,-121.614971,"WGS84",6135,"","harmona4","","GeoLocate","","",NA,NA,NA,NA,NA,"",NA,NA,"harmona4","2020-05-08 08:53:22",NA,70,"urn:uuid:3163617f-d5e3-4760-b892-7a286e96c840","https://www.mycoportal.org/portal/collections/individual/index.php?occid=5110069"
"40",5110094,"CINC",NA,NA,"PreservedSpecimen","fd72dc96-e6aa-4729-a50a-cad776d920f1","CINC-F-0005096","","Fungi|Basidiomycota|Agaricomycotina|Agaricomycetes|Agaricomycetidae|Polyporales|Polyporaceae|Fomes","Fungi","Basidiomycota","Agaricomycetes","Polyporales","Polyporaceae","Fomes igniarius",220956,"(L.) Fr.","Fomes",NA,"igniarius","","","Species","","",NA,NA,NA,"","","Cooke, William Bridge","Cooke, V.G.","24160","1948-07-07","1948","7","7",189,NA,"July 7, 1948","Mycobiota of North America, 1-450, W.B. Cooke, exs #: 336","","on Populus tremula","",NA,"",NA,NA,NA,"",NA,NA,NA,"",NA,NA,NA,"United States","Washington","Yakima","Columbia National Forest","Near Gotchen Creek Guard Station, Mt. Adams, Columbia National Forest",NA,0,NA,46.146696,-121.46306,"WGS84",2224,"","harmona4","","GeoLocate","","",1250,NA,NA,NA,NA,"4100ft.",NA,NA,"harmona4","2020-05-08 08:53:22",NA,70,"urn:uuid:fd72dc96-e6aa-4729-a50a-cad776d920f1","https://www.mycoportal.org/portal/collections/individual/index.php?occid=5110094"
"41",5132907,"CINC",NA,NA,"PreservedSpecimen","06471550-281e-4d6c-a149-62c5468549d9","CINC-F-0005520","","","","","","","Polyporaceae","Trametes coccinea",656550,"(Fr.) Hai J. Li & S.H. He","Trametes",NA,"coccinea","","","Species","","",NA,NA,NA,"","","Cross, A.T.","","s.n.","1948-03-22","1948","3","22",82,NA,"March 22, 1948","","","on log","",NA,"",NA,NA,NA,"",NA,NA,NA,"",NA,NA,NA,"United States","Kentucky","Marion","Bolton","2.5 miles south of Bolton, Marion County, Kentucky",NA,NA,NA,37.516284,-85.269632,"WGS84",30016,"","","","GeoLocate","","",NA,NA,NA,NA,NA,"",NA,NA,"harmona4","2020-05-08 08:53:22",NA,70,"urn:uuid:06471550-281e-4d6c-a149-62c5468549d9","https://www.mycoportal.org/portal/collections/individual/index.php?occid=5132907"
"42",5153569,"CINC",NA,NA,"PreservedSpecimen","67b18704-3215-460f-a19f-52d850a7f1a7","CINC-F-0005931","","Fungi|Basidiomycota|Agaricomycotina|Agaricomycetes|Agaricomycetidae|Polyporales|Fomitopsidaceae|Pycnoporellus","Fungi","Basidiomycota","Agaricomycetes","Polyporales","Fomitopsidaceae","Pycnoporellus alboluteus",188449,"(Ellis & Everh.) Kotl. & Pouzar","Pycnoporellus",NA,"alboluteus","","","Species","","",NA,NA,NA,"","","Cooke, William Bridge","Cooke, V.G.","24040","1948-07-03","1948","7","3",185,NA,"July 3, 1948","Mycobiota of North America, 1-450, W.B. Cooke, exs #: 333","On log used in construction of a stable at Horse Camp. This log had been under observation since 1936, but 1948 was the first year in which this fungus was observed on it. The stable was constructed in 1922.","on Abies magnifica v. shastensis","",NA,"",NA,NA,NA,"",NA,NA,NA,"",NA,NA,NA,"United States","California","Siskiyou","Mt. Shasta","Horse Camp, Mt. Shasta",NA,NA,NA,41.362825,-122.21354,"WGS84",1210,"","harmona4","","GeoLocate","","",2438,NA,NA,NA,NA,"8000ft.",NA,NA,"harmona4","2020-05-08 08:53:22",NA,70,"urn:uuid:67b18704-3215-460f-a19f-52d850a7f1a7","https://www.mycoportal.org/portal/collections/individual/index.php?occid=5153569"
"43",5174387,"CINC",NA,NA,"PreservedSpecimen","579b3c0c-cb1b-4fd0-976f-6e58e7df7e8d","CINC-F-0006495","","Fungi|Basidiomycota|Agaricomycotina|Agaricomycetes|Agaricomycetidae|Polyporales|Fomitopsidaceae|Antrodia","Fungi","Basidiomycota","Agaricomycetes","Polyporales","Fomitopsidaceae","Antrodia heteromorpha",98517,"(Fr.) Donk","Antrodia",NA,"heteromorpha","","","Species","","",NA,NA,NA,"","","Cooke, William Bridge","Cooke, V.G.","s.n.","1948-06-12","1948","6","12",164,NA,"June 12, 1948","Mycobiota of North America, 1-450, W.B. Cooke, exs #: 335","in Grand Fir woods","on Abies grandis","",NA,"",NA,NA,NA,"",NA,NA,NA,"",NA,NA,NA,"United States","Idaho","Idaho","Grangeville","4 miles south of Grangeville on Mount Idaho",NA,NA,NA,45.868636,-116.122365,"WGS84",6877,"","harmona4","","GeoLocate","","",NA,NA,NA,NA,NA,"",NA,NA,"harmona4","2020-05-08 08:53:22",NA,70,"urn:uuid:579b3c0c-cb1b-4fd0-976f-6e58e7df7e8d","https://www.mycoportal.org/portal/collections/individual/index.php?occid=5174387"
"44",5180048,"CINC",NA,NA,"PreservedSpecimen","368e3836-e519-4a8d-bfab-7983225f550e","CINC-F-0006597","","Fungi|Basidiomycota|Agaricomycotina|Agaricomycetes|Agaricomycetidae|Agaricales|Physalacriaceae|Flammulina","Fungi","Basidiomycota","Agaricomycetes","Agaricales","Physalacriaceae","Flammulina velutipes",183451,"(Curtis) Singer","Flammulina",NA,"velutipes","","","Species","","",NA,NA,NA,"","","Kruse, H.O.","","s.n.","1948-01-00","1948","1","00",NA,NA,"January, 1948","","in open secondary woodland","on decayed log","",NA,"",NA,NA,NA,"",NA,NA,NA,"",NA,NA,NA,"United States","Ohio","Hamilton","Cincinnati","Westwood",NA,NA,NA,39.14867,-84.599389,"",3036,"","harmona4 (2019-12-17 08:00:15)","","georef batch tool 2019-12-17; GeoLocate","reviewed - high confidence","",NA,NA,NA,NA,NA,"",NA,NA,"harmona4","2020-04-25 10:11:32",NA,70,"urn:uuid:368e3836-e519-4a8d-bfab-7983225f550e","https://www.mycoportal.org/portal/collections/individual/index.php?occid=5180048"
"45",5225015,"CINC",NA,NA,"PreservedSpecimen","372e02e4-c75b-48e3-ac6b-3b3adbb48c03","CINC-F-0006724","","Fungi|Basidiomycota|Agaricomycotina|Agaricomycetes|Agaricomycetidae|Polyporales|Polyporaceae","Fungi","Basidiomycota","Agaricomycetes","Polyporales","Polyporaceae","Poria",17523,"","Poria",NA,"","","","Genus","","",NA,NA,NA,"","","Fulford, Margaret H.","F. Andrul","s.n.","1948-09-30","1948","9","30",274,NA,"September 30, 1948","","in mixed deciduous woods","on dead log","",NA,"",NA,NA,NA,"",NA,NA,NA,"",NA,NA,NA,"United States","Ohio","Hamilton","Cincinnati","Kroger Hills",NA,NA,NA,39.150157,-84.32093,"",3400,"","harmona4 (2019-12-16 08:08:39)","","georef batch tool 2019-12-16; GeoLocate","reviewed - high confidence","",NA,NA,NA,NA,NA,"",NA,NA,"harmona4","2020-04-06 14:27:28",NA,70,"urn:uuid:372e02e4-c75b-48e3-ac6b-3b3adbb48c03","https://www.mycoportal.org/portal/collections/individual/index.php?occid=5225015"
"46",7086408,"CINC",NA,NA,"PreservedSpecimen","19218e38-30e6-4d32-85c4-ae39824df665","CINC-F-0007581","","Fungi|Basidiomycota|Agaricomycotina|Agaricomycetes|Agaricomycetidae|Agaricales|Agaricaceae|Bovista","Fungi","Basidiomycota","Agaricomycetes","Agaricales","Agaricaceae","Bovista plumbea",118508,"Pers.","Bovista",NA,"plumbea","","","Species","","",NA,NA,NA,"Bovista plumbea","","Cooke, William Bridge","Cooke, V.G.","24462","1948-10-09","1948","10","9",283,NA,"October 9, 1948","Mycobiota of North America, 1-450, W.B. Cooke, exs #: 339","on rock outcropping on top of west end of ridge","on ground among grasses","",NA,"",NA,NA,NA,"",NA,NA,NA,"",NA,NA,NA,"United States","Idaho","Latah","Thatuna Ridge","Thatuna Ridge",NA,0,NA,46.732388,-116.958966,"WGS84",6953,"","harmona4 (2017-08-01 09:54:56)","","georef batch tool 2017-08-01; GeoLocate","reviewed - high confidence","",NA,NA,NA,NA,NA,"",NA,NA,"harmona4","2020-04-26 17:46:43",NA,70,"urn:uuid:19218e38-30e6-4d32-85c4-ae39824df665","https://www.mycoportal.org/portal/collections/individual/index.php?occid=7086408"
"47",7220398,"CINC",NA,NA,"PreservedSpecimen","2651dae6-a877-4805-ab0c-95d7e82bcc02","CINC-F-0007599","","Fungi|Basidiomycota|Agaricomycotina|Agaricomycetes|Agaricomycetidae|Agaricales|Agaricaceae|Calvatia","Fungi","Basidiomycota","Agaricomycetes","Agaricales","Agaricaceae","Calvatia fumosa",124499,"Zeller","Calvatia",NA,"fumosa","","","Species","","",NA,NA,NA,"Calvatia fumosa","","Cooke, William Bridge","V. G. Cooke","24082","1948-07-05","1948","7","5",187,NA,"July 5, 1948","Mycobiota of North America, 1-450, W.B. Cooke, exs #: 340","Mountain Hemlock woods","on litter on ground","",NA,"",NA,NA,NA,"",NA,NA,NA,"",NA,NA,NA,"United States","Oregon","Klamath","Crater Lake National Park","One mile South of Annie Spring Public Camp, Crater Lake National Park",NA,0,NA,42.9359522,-122.2055971,"",NA,"","","","","","",NA,NA,NA,NA,NA,"",NA,NA,"harmona4","2020-03-31 15:26:32",NA,70,"urn:uuid:2651dae6-a877-4805-ab0c-95d7e82bcc02","https://www.mycoportal.org/portal/collections/individual/index.php?occid=7220398"
"48",7220866,"CINC",NA,NA,"PreservedSpecimen","f5d4825f-f09a-4024-b5fa-5fd2c7c33016","CINC-F-0007813","","Fungi|Ascomycota|Pezizomycotina|Dothideomycetes|Dothideomycetidae|Capnodiales|Mycosphaerellaceae|Septoria","Fungi","Ascomycota","Dothideomycetes","Capnodiales","Mycosphaerellaceae","Septoria infuscans",420306,"(Ellis & Everh.) R. Sprague","Septoria",NA,"infuscans","","","Species","","",NA,NA,NA,"Septoria infuscans","","Cooke, William Bridge","Cooke, V.G.","s.n.","1948-06-13","1948","6","13",165,NA,"June 13, 1948","Mycobiota of North America, 1-450, W.B. Cooke, exs #: 174","","on Elymus condensotus","",NA,"",NA,NA,NA,"",NA,NA,NA,"",NA,NA,NA,"United States","Idaho","Lewis","","Lawyer Creek Canyon State Park, Roadside, U.S. Highway 95",NA,0,NA,46.096854,-116.41257,"WGS84",3830,"","harmona4","","GeoLocate","","",NA,NA,NA,NA,NA,"",NA,NA,"harmona4","2020-05-08 08:53:22",NA,70,"urn:uuid:f5d4825f-f09a-4024-b5fa-5fd2c7c33016","https://www.mycoportal.org/portal/collections/individual/index.php?occid=7220866"
"49",7417630,"CINC",NA,NA,"PreservedSpecimen","2aff9140-0090-41e0-a958-a4ad046f2209","CINC-F-0007801","","Fungi|Ascomycota|Pezizomycotina|Dothideomycetes|Dothideomycetidae|Capnodiales|Mycosphaerellaceae|Septoria","Fungi","Ascomycota","Dothideomycetes","Capnodiales","Mycosphaerellaceae","Septoria coptidis",419758,"Berk. & M.A. Curtis","Septoria",NA,"coptidis","","","Species","","",NA,NA,NA,"Septoria coptidis","","Cooke, William Bridge","V. G. Cooke","23436","1948-05-16","1948","5","16",137,NA,"May 16, 1948","Mycobiota of North America, 1-450, W.B. Cooke, exs #: 343","Grand Fir woods","on Coptis occidentalis","",NA,"",NA,NA,NA,"",NA,NA,NA,"",NA,NA,NA,"United States","Idaho","Latah","","Dry Creek, half mile above State Route 8",NA,0,NA,43.72309,-116.24788,"WGS84",1000,"","","","","","",NA,NA,NA,NA,NA,"",NA,NA,"harmona4","2020-03-31 15:26:32",NA,70,"urn:uuid:2aff9140-0090-41e0-a958-a4ad046f2209","https://www.mycoportal.org/portal/collections/individual/index.php?occid=7417630"
"50",7417669,"CINC",NA,NA,"PreservedSpecimen","9a40b0d9-662e-451f-9131-bf1d1af2d505","CINC-F-0007776","","Fungi|Ascomycota|Pezizomycotina|Dothideomycetes|Dothideomycetidae|Dothideales|Dothioraceae|Selenophoma","Fungi","Ascomycota","Dothideomycetes","Dothideales","Dothioraceae","Selenophoma donacis",418307,"(Pass.) R. Sprague & Aar.G. Johnson","Selenophoma",NA,"donacis","","","Species","","",NA,NA,NA,"Selenophoma donacis","","Meiners, J.P.","R. Sprague","s.n.","1948-06-15","1948","6","15",167,NA,"June 15, 1948","Mycobiota of North America, 1-450, W.B. Cooke, exs #: 342","","on Dactylis glomerata","",NA,"",NA,NA,NA,"",NA,NA,NA,"",NA,NA,NA,"United States","Washington","Whitman","Pullman","Soil Conservation Service grass nurseries, Pullman",NA,0,NA,46.731862,-117.15318,"WGS84",2102,"","akasameyer","","GeoLocate (CoGe)","","Mapped at Washington State University Campus",NA,NA,NA,NA,NA,"",NA,NA,"harmona4","2020-04-25 10:25:46",NA,70,"urn:uuid:9a40b0d9-662e-451f-9131-bf1d1af2d505","https://www.mycoportal.org/portal/collections/individual/index.php?occid=7417669"
"51",9576811,"CINC",NA,NA,"PreservedSpecimen","f180fa67-80b0-44dc-8db7-e8a33fd5594c","CINC-F-0007924","","Fungi|Ascomycota|Pezizomycotina|Dothideomycetes|Pleosporomycetidae|Pleosporales|Massarinaceae|Helminthosporium","Fungi","Ascomycota","Dothideomycetes","Pleosporales","Massarinaceae","Helminthosporium velutinum",236959,"Link","Helminthosporium",NA,"velutinum","","","Species","","",NA,NA,NA,"","","Cooke, William Bridge","","s.n.","1948-00-00","1948","00","00",NA,NA,"Spring, 1948","Mycobiota of North America, 1-450, W.B. Cooke, exs #: 397","Soil","Isolated from soil sample obtained from a climax Rosa-Symphoricarpos association on north side of ridge, in virgin Palouse Prairie","",NA,"",NA,NA,NA,"",NA,NA,NA,"",NA,NA,NA,"United States","Washington","Whitman","Pullman","Palouse Prairie, State College of Washington",NA,NA,NA,46.910169,-117.075725,"WGS84",1543,"","","","GeoLocate","","",NA,NA,NA,NA,NA,"",NA,NA,"harmona4","2020-04-15 10:07:48",NA,70,"urn:uuid:f180fa67-80b0-44dc-8db7-e8a33fd5594c","https://www.mycoportal.org/portal/collections/individual/index.php?occid=9576811"
"52",9612859,"CINC",NA,NA,"PreservedSpecimen","dc226d87-fdfa-403c-b086-77d38a313bb8","CINC-F-0007974","","Fungi|Ascomycota|Pezizomycotina|Exosporium","Fungi","Ascomycota","","","Massarinaceae","Exosporium pedunculatum",218874,"(Ellis & Everh.) W.B. Cooke","Exosporium",NA,"pedunculatum","","","Species","","",NA,NA,NA,"","","Cooke, William Bridge","V. G. Cooke","23807","1948-06-13","1948","6","13",165,NA,"June 13, 1948","Mycobiota of North America, 1-450, W.B. Cooke, exs #: 398","","on Sambucus glauca, in lenticels and cracks in the outer bark of dead branches","",NA,"",NA,NA,NA,"",NA,NA,NA,"",NA,NA,NA,"United States","Idaho","Idaho","White Bird Grade","top of White Bird Grade, Idaho Mountain",NA,NA,NA,45.76167,-116.29972,"",NA,"","","","","","",1344,NA,NA,NA,NA,"",NA,NA,"harmona4","2020-03-31 15:26:32",NA,70,"urn:uuid:dc226d87-fdfa-403c-b086-77d38a313bb8","https://www.mycoportal.org/portal/collections/individual/index.php?occid=9612859"
"53",9612870,"CINC",NA,NA,"PreservedSpecimen","85b4bad6-8938-4691-a539-08df28d368d6","CINC-F-0007982","","Fungi|Ascomycota|Pezizomycotina|Dothideomycetes|Pleosporomycetidae|Pleosporales|Pleosporaceae|Macrosporium","Fungi","Ascomycota","Dothideomycetes","Pleosporales","Pleosporaceae","Macrosporium iridis",280796,"Cooke & Ellis","Macrosporium",NA,"iridis","","","Species","","",NA,NA,NA,"","","Cooke, William Bridge","V. G. Cooke","23508","1948-06-05","1948","6","5",157,NA,"June 5, 1948","Mycobiota of North America, 1-450, W.B. Cooke, exs #: 350","In scrub between a field and a creek bottom","on Iris missouriensis","",NA,"",NA,NA,NA,"",NA,NA,NA,"",NA,NA,NA,"United States","Idaho","Lewis","Craigmont","near Craigmont",NA,NA,NA,46.24139,-116.46611,"",NA,"","","","","","",NA,NA,NA,NA,NA,"",NA,NA,"harmona4","2020-03-31 15:26:32",NA,70,"urn:uuid:85b4bad6-8938-4691-a539-08df28d368d6","https://www.mycoportal.org/portal/collections/individual/index.php?occid=9612870"
"54",9632311,"CINC",NA,NA,"PreservedSpecimen","6fb892b0-0bec-4635-90af-0e6111528528","CINC-F-0008066","","Fungi|Ascomycota|Pezizomycotina|Dothideomycetes|Dothideomycetidae|Capnodiales|Mycosphaerellaceae|Ramularia","Fungi","Ascomycota","Dothideomycetes","Capnodiales","Mycosphaerellaceae","Ramularia philadelphi",405152,"Sacc.","Ramularia",NA,"philadelphi","","","Species","","",NA,NA,NA,"","","Cooke, William Bridge","V. G. Cooke","23541","1948-06-05","1948","6","5",157,NA,"June 5, 1941","Mycobiota of North America, 1-450, W.B. Cooke, exs #: 348","Douglas Fir woods","on Philadelphus lewisii","",NA,"",NA,NA,NA,"",NA,NA,NA,"",NA,NA,NA,"United States","Idaho","Nez Perce","Lenore","4.8 miles east of Lenore in the Canyon of the Clearwater River",NA,NA,NA,46.508566,-116.449031,"",NA,"","","","","","",NA,NA,NA,NA,NA,"",NA,NA,"harmona4","2020-03-31 15:26:32",NA,70,"urn:uuid:6fb892b0-0bec-4635-90af-0e6111528528","https://www.mycoportal.org/portal/collections/individual/index.php?occid=9632311"
"55",9632318,"CINC",NA,NA,"PreservedSpecimen","07937813-9b0a-4715-82b0-a4a6d7ce252b","CINC-F-0008073","","Fungi|Ascomycota|Pezizomycotina|Dothideomycetes|Dothideomycetidae|Capnodiales|Mycosphaerellaceae|Ramularia","Fungi","Ascomycota","Dothideomycetes","Capnodiales","Mycosphaerellaceae","Ramularia smilacinae",405293,"Davis","Ramularia",NA,"smilacinae","","","Species","","",NA,NA,NA,"","","Cooke, William Bridge","V. G. Cooke","23545","1948-06-05","1948","6","5",157,NA,"June 5, 1948","Mycobiota of North America, 1-450, W.B. Cooke, exs #: 349","Douglas Fir woods","on Smilacina racemosa var. amplexicaulis","",NA,"",NA,NA,NA,"",NA,NA,NA,"",NA,NA,NA,"United States","Idaho","Nez Perce","Lenore","4.8 miles east of Lenore in the Clearwater Canyon",NA,NA,NA,46.508566,-116.449031,"",NA,"","","","","","",NA,NA,NA,NA,NA,"",NA,NA,"harmona4","2020-03-31 15:26:32",NA,70,"urn:uuid:07937813-9b0a-4715-82b0-a4a6d7ce252b","https://www.mycoportal.org/portal/collections/individual/index.php?occid=9632318"
