"","id","institutionCode","collectionCode","ownerInstitutionCode","basisOfRecord","occurrenceID","catalogNumber","otherCatalogNumbers","higherClassification","kingdom","phylum","class","order","family","scientificName","taxonID","scientificNameAuthorship","genus","subgenus","specificEpithet","verbatimTaxonRank","infraspecificEpithet","taxonRank","identifiedBy","dateIdentified","identificationReferences","identificationRemarks","taxonRemarks","identificationQualifier","typeStatus","recordedBy","associatedCollectors","recordNumber","eventDate","year","month","day","startDayOfYear","endDayOfYear","verbatimEventDate","occurrenceRemarks","habitat","substrate","verbatimAttributes","fieldNumber","informationWithheld","dataGeneralizations","dynamicProperties","associatedOccurrences","associatedTaxa","reproductiveCondition","establishmentMeans","cultivationStatus","lifeStage","sex","individualCount","preparations","country","stateProvince","county","municipality","locality","locationRemarks","localitySecurity","localitySecurityReason","decimalLatitude","decimalLongitude","geodeticDatum","coordinateUncertaintyInMeters","verbatimCoordinates","georeferencedBy","georeferenceProtocol","georeferenceSources","georeferenceVerificationStatus","georeferenceRemarks","minimumElevationInMeters","maximumElevationInMeters","minimumDepthInMeters","maximumDepthInMeters","verbatimDepth","verbatimElevation","disposition","language","recordEnteredBy","modified","sourcePrimaryKey.dbpk","collId","recordId","references"
"1",4331756,"CINC",NA,NA,"PreservedSpecimen","79331068-fa4a-4ed5-8785-4dca80bdc26e","CINC-F-0000159","","Protozoa|Myxomycota|Myxomycetes|Trichiales|Arcyriaceae","Protozoa","Myxomycota","Myxomycetes","Trichiales","Arcyriaceae","Arcyria incarnata",628095,"(Pers.) Pers.","Arcyria",NA,"incarnata","","","Species","","",NA,NA,NA,"","","Lloyd, Curtis Gates","","50353","1928-05-00","1928","5","00",NA,NA,"May, 1928","","","","",NA,"",NA,NA,NA,"",NA,NA,NA,"",NA,NA,NA,"United States","Kentucky","Grant","Crittenden","Crittenden",NA,NA,NA,38.782844,-84.605221,"",2271,"","harmona4 (2019-12-16 09:30:22)","","georef batch tool 2019-12-16; GeoLocate","reviewed - high confidence","",NA,NA,NA,NA,NA,"",NA,NA,"harmona4","2020-05-08 08:53:22",NA,70,"urn:uuid:79331068-fa4a-4ed5-8785-4dca80bdc26e","https://www.mycoportal.org/portal/collections/individual/index.php?occid=4331756"
"2",4338586,"CINC",NA,NA,"PreservedSpecimen","bcae99ec-44bc-459a-91e7-4da3e9de29e7","CINC-F-0000161","","Protozoa|Myxomycota","Protozoa","Myxomycota","","","Stemonitidaceae","Comatricha typhoides",632433,"(Bull.) Rostaf.","Comatricha",NA,"typhoides","","","Species","","",NA,NA,NA,"","","Lloyd, Curtis Gates","","50330","1928-05-00","1928","5","00",NA,NA,"May, 1928","","","","",NA,"",NA,NA,NA,"",NA,NA,NA,"",NA,NA,NA,"United States","Kentucky","Grant","Crittenden","Crittenden",NA,NA,NA,38.782844,-84.605221,"",2271,"","harmona4 (2019-12-16 09:30:22)","","georef batch tool 2019-12-16; GeoLocate","reviewed - high confidence","",NA,NA,NA,NA,NA,"",NA,NA,"harmona4","2020-05-08 08:53:22",NA,70,"urn:uuid:bcae99ec-44bc-459a-91e7-4da3e9de29e7","https://www.mycoportal.org/portal/collections/individual/index.php?occid=4338586"
"3",4375440,"CINC",NA,NA,"PreservedSpecimen","ce7061a0-93e7-48a0-8b58-eb50ae1e7c6e","CINC-F-0000634","","Protozoa|Myxomycota|Mycetozoa|Amoebozoa|Myxogastrea|Stemonitida|Stemonitidaceae|Stemonitis","Protozoa","Amoebozoa","Myxogastrea","Stemonitida","Stemonitidaceae","Stemonitis fusca",655061,"Roth","Stemonitis",NA,"fusca","","","Species","","",NA,NA,NA,"","","Lloyd, Curtis Gates","","50388","1928-05-00","1928","5","00",NA,NA,"May, 1928","","frondose woods","bark","",NA,"",NA,NA,NA,"",NA,NA,NA,"",NA,NA,NA,"United States","Kentucky","Grant","Crittenden","Crittenden",NA,NA,NA,38.782844,-84.605221,"",2271,"","harmona4 (2019-12-16 13:19:43)","","georef batch tool 2019-12-16; GeoLocate","reviewed - high confidence","",NA,NA,NA,NA,NA,"",NA,NA,"harmona4","2020-05-08 08:53:22",NA,70,"urn:uuid:ce7061a0-93e7-48a0-8b58-eb50ae1e7c6e","https://www.mycoportal.org/portal/collections/individual/index.php?occid=4375440"
"4",4375441,"CINC",NA,NA,"PreservedSpecimen","fa10ca00-2e51-47fd-ae89-3ea0b2d594c3","CINC-F-0000635","","Protozoa|Myxomycota|Mycetozoa|Amoebozoa|Myxogastrea|Stemonitida|Stemonitidaceae|Stemonitis","Protozoa","Amoebozoa","Myxogastrea","Stemonitida","Stemonitidaceae","Stemonitis fusca",655061,"Roth","Stemonitis",NA,"fusca","","","Species","","",NA,NA,NA,"","","Lloyd, Curtis Gates","","50388","1928-05-00","1928","5","00",NA,NA,"May, 1928","","frondose woods","bark","",NA,"",NA,NA,NA,"",NA,NA,NA,"",NA,NA,NA,"United States","Kentucky","Grant","Crittenden","Crittenden",NA,NA,NA,38.782844,-84.605221,"WGS84",2271,"","harmona4","","GeoLocate","","",NA,NA,NA,NA,NA,"",NA,NA,"harmona4","2020-05-08 08:53:22",NA,70,"urn:uuid:fa10ca00-2e51-47fd-ae89-3ea0b2d594c3","https://www.mycoportal.org/portal/collections/individual/index.php?occid=4375441"
"5",4380145,"CINC",NA,NA,"PreservedSpecimen","7ceabe51-fba0-42cb-9d40-6e6ece2c0658","CINC-F-0000646","","Protozoa|Myxomycota|Mycetozoa|Amoebozoa|Myxogastrea|Stemonitida|Stemonitidaceae|Stemonitis","Protozoa","Amoebozoa","Myxogastrea","Stemonitida","Stemonitidaceae","Stemonitis splendens",617158,"Rostaf.","Stemonitis",NA,"splendens","","","Species","","",NA,NA,NA,"","","Lloyd, Curtis Gates","","50360","1928-05-00","1928","5","00",NA,NA,"May, 1928","","frondose woods","","",NA,"",NA,NA,NA,"",NA,NA,NA,"",NA,NA,NA,"United States","Kentucky","Grant","Crittenden","Crittenden",NA,NA,NA,38.782844,-84.605221,"",2271,"","harmona4 (2019-12-16 13:19:43)","","georef batch tool 2019-12-16; GeoLocate","reviewed - high confidence","",NA,NA,NA,NA,NA,"",NA,NA,"harmona4","2020-05-08 08:53:22",NA,70,"urn:uuid:7ceabe51-fba0-42cb-9d40-6e6ece2c0658","https://www.mycoportal.org/portal/collections/individual/index.php?occid=4380145"
"6",4380147,"CINC",NA,NA,"PreservedSpecimen","b0703514-3a7a-43e4-b219-05c87ed9ee93","CINC-F-0000647","","Protozoa|Myxomycota|Mycetozoa|Amoebozoa|Myxogastrea|Stemonitida|Stemonitidaceae|Stemonitis","Protozoa","Amoebozoa","Myxogastrea","Stemonitida","Stemonitidaceae","Stemonitis splendens",617158,"Rostaf.","Stemonitis",NA,"splendens","","","Species","","",NA,NA,NA,"","","Lloyd, Curtis Gates","","50360","1928-05-00","1928","5","00",NA,NA,"May, 1928","","frondose woods","","",NA,"",NA,NA,NA,"",NA,NA,NA,"",NA,NA,NA,"United States","Kentucky","Grant","Crittenden","Crittenden",NA,NA,NA,38.782844,-84.605221,"WGS84",2271,"","harmona4","","GeoLocate","","",NA,NA,NA,NA,NA,"",NA,NA,"harmona4","2020-05-08 08:53:22",NA,70,"urn:uuid:b0703514-3a7a-43e4-b219-05c87ed9ee93","https://www.mycoportal.org/portal/collections/individual/index.php?occid=4380147"
"7",4381285,"CINC",NA,NA,"PreservedSpecimen","7b072056-951f-4538-92db-6da01dba6e31","CINC-F-0000748","","Protozoa|Myxomycota|Myxomycetes|Trichiales|Arcyriaceae|Arcyria","Protozoa","Myxomycota","Myxomycetes","Trichiales","Arcyriaceae","Arcyria cinerea",628046,"(Bulliard) Persoon","Arcyria",NA,"cinerea","","","Species","","",NA,NA,NA,"","","Lloyd, Curtis Gates","","20989","1928-05-00","1928","5","00",NA,NA,"May, 1928","","frondose woods","","",NA,"",NA,NA,NA,"",NA,NA,NA,"",NA,NA,NA,"United States","Kentucky","Grant","Crittenden","Crittenden",NA,NA,NA,38.782844,-84.605221,"",2271,"","harmona4 (2019-12-16 13:19:43)","","georef batch tool 2019-12-16; GeoLocate","reviewed - high confidence","",NA,NA,NA,NA,NA,"",NA,NA,"harmona4","2020-05-08 08:53:22",NA,70,"urn:uuid:7b072056-951f-4538-92db-6da01dba6e31","https://www.mycoportal.org/portal/collections/individual/index.php?occid=4381285"
"8",4381287,"CINC",NA,NA,"PreservedSpecimen","236d93eb-55e4-4f67-b70d-a5812ecb4f7a","CINC-F-0000749","","Protozoa|Myxomycota|Myxomycetes|Trichiales|Arcyriaceae|Arcyria","Protozoa","Myxomycota","Myxomycetes","Trichiales","Arcyriaceae","Arcyria cinerea",628046,"(Bulliard) Persoon","Arcyria",NA,"cinerea","","","Species","","",NA,NA,NA,"","","Lloyd, Curtis Gates","","20989","1928-05-00","1928","5","00",NA,NA,"May, 1928","","frondose woods","","",NA,"",NA,NA,NA,"",NA,NA,NA,"",NA,NA,NA,"United States","Kentucky","Grant","Crittenden","Crittenden",NA,NA,NA,38.782844,-84.605221,"",2271,"","harmona4 (2019-12-16 13:19:43)","","georef batch tool 2019-12-16; GeoLocate","reviewed - high confidence","",NA,NA,NA,NA,NA,"",NA,NA,"harmona4","2020-05-08 08:53:22",NA,70,"urn:uuid:236d93eb-55e4-4f67-b70d-a5812ecb4f7a","https://www.mycoportal.org/portal/collections/individual/index.php?occid=4381287"
"9",4381291,"CINC",NA,NA,"PreservedSpecimen","4d7a1895-d9e5-475b-a1e0-767c31fb9c02","CINC-F-0000751","","Protozoa|Myxomycota|Myxomycetes|Trichiales|Arcyriaceae","Protozoa","Myxomycota","Myxomycetes","Trichiales","Arcyriaceae","Arcyria incarnata",628095,"(Pers.) Pers.","Arcyria",NA,"incarnata","","","Species","","",NA,NA,NA,"","","Lloyd, Curtis Gates","","50353","1928-05-00","1928","5","00",NA,NA,"May, 1928","","","","",NA,"",NA,NA,NA,"",NA,NA,NA,"",NA,NA,NA,"United States","Kentucky","Grant","Crittenden","Crittenden",NA,NA,NA,38.782844,-84.605221,"",2271,"","harmona4 (2019-12-16 13:19:43)","","georef batch tool 2019-12-16; GeoLocate","reviewed - high confidence","",NA,NA,NA,NA,NA,"",NA,NA,"harmona4","2020-05-08 08:53:22",NA,70,"urn:uuid:4d7a1895-d9e5-475b-a1e0-767c31fb9c02","https://www.mycoportal.org/portal/collections/individual/index.php?occid=4381291"
"10",4389764,"CINC",NA,NA,"PreservedSpecimen","a1fa96ed-70c9-4418-9526-1b3d360c3a89","CINC-F-0000876","","Fungi|Ascomycota|Pezizomycotina|Dothideomycetes|Meliolomycetidae|Meliolales|Meliolaceae|Meliola","Fungi","Ascomycota","Dothideomycetes","Meliolales","Meliolaceae","Meliola mangiferae",287951,"Earle","Meliola",NA,"mangiferae","","","Species","","",NA,NA,NA,"","","Earle, F.S.","","272","1928-10-00","1928","10","00",NA,NA,"October, 1928","","","on mango","",NA,"",NA,NA,NA,"",NA,NA,NA,"",NA,NA,NA,"Jamaica","","","Castleton","Castleton",NA,NA,NA,18.173607,-76.821693,"WGS84",3036,"","harmona4","","GeoLocate","","",NA,NA,NA,NA,NA,"",NA,NA,"harmona4","2020-05-08 08:53:22",NA,70,"urn:uuid:a1fa96ed-70c9-4418-9526-1b3d360c3a89","https://www.mycoportal.org/portal/collections/individual/index.php?occid=4389764"
"11",4413089,"CINC",NA,NA,"PreservedSpecimen","4fd22d5c-3dc9-4e9b-8d7b-5af85c60a4fb","CINC-F-0001494","","Fungi|Ascomycota|Pezizomycotina|Leotiomycetes|Leotiomycetidae|Rhytismatales|Rhytismataceae|Bifusella","Fungi","Ascomycota","Leotiomycetes","Rhytismatales","Rhytismataceae","Bifusella crepidiformis",114108,"Darker","Bifusella",NA,"crepidiformis","","","Species","","",NA,NA,NA,"","","Darker, G.D.","","2221","1928-06-21","1928","6","21",173,NA,"June 21, 1928","Co-Type Collection; Reliquiae Farlowianae, 1 - 1000, R. Thaxter ; D. Linder, exs #: 702","","on Picea mariana","",NA,"",NA,NA,NA,"",NA,NA,NA,"",NA,NA,NA,"Canada","Ontario","Nipissing District","Lake Timagami","Lake Timagami",NA,NA,NA,46.95,-80.083333,"WGS84",1189,"","harmona4","","GeoLocate","","",NA,NA,NA,NA,NA,"",NA,NA,"harmona4","2020-05-08 08:53:22",NA,70,"urn:uuid:4fd22d5c-3dc9-4e9b-8d7b-5af85c60a4fb","https://www.mycoportal.org/portal/collections/individual/index.php?occid=4413089"
"12",4916283,"CINC",NA,NA,"PreservedSpecimen","e053d2b7-5e3d-4e48-a8ca-bacb579963b5","CINC-F-0003216","","","","","","","Stereaceae","Stereum sericeum",655248,"Sacc.","Stereum",NA,"sericeum","","","Species","","",NA,NA,NA,"","","Brand, M.","","s.n.","1928-10-24","1928","10","24",298,NA,"October 24, 1928","","hillside","sticks","",NA,"",NA,NA,NA,"",NA,NA,NA,"",NA,NA,NA,"United States","Kentucky","Jessamine","High Bridge","High Bridge",NA,NA,NA,37.824245,-84.718279,"",3036,"","harmona4 (2019-12-20 10:56:03)","","georef batch tool 2019-12-20; GeoLocate","reviewed - high confidence","",NA,NA,NA,NA,NA,"",NA,NA,"harmona4","2020-04-25 10:32:26",NA,70,"urn:uuid:e053d2b7-5e3d-4e48-a8ca-bacb579963b5","https://www.mycoportal.org/portal/collections/individual/index.php?occid=4916283"
"13",5035952,"CINC",NA,NA,"PreservedSpecimen","789b5341-0044-4e91-9e30-d16917967c7d","CINC-F-0004049","65389","Fungi|Basidiomycota|Pucciniomycotina|Pucciniomycetes|Pucciniales|Raveneliaceae|Ravenelia","Fungi","Basidiomycota","Pucciniomycetes","Pucciniales","Raveneliaceae","Ravenelia havanensis",405583,"Arthur","Ravenelia",NA,"havanensis","","","Species","","",NA,NA,NA,"","","Schmidt, H.","","s.n.","1928-09-24","1928","9","24",268,NA,"September 24, 1928","","","on Enterolobium cyclocarpum","",NA,"",NA,NA,NA,"",NA,NA,NA,"",NA,NA,NA,"Costa Rica","","","San Jose","Near San Jose",NA,NA,NA,9.9333,-84.0833,"WGS84",27385,"","harmona4","","GeoLocate","reviewed - high confidence","",NA,NA,NA,NA,NA,"",NA,NA,"harmona4","2020-05-08 08:53:22",NA,70,"urn:uuid:789b5341-0044-4e91-9e30-d16917967c7d","https://www.mycoportal.org/portal/collections/individual/index.php?occid=5035952"
"14",5081292,"CINC",NA,NA,"PreservedSpecimen","1cf94c6f-7574-4282-a4a7-caaa3c5e121c","CINC-F-0004603","","Fungi|Basidiomycota|Agaricomycotina|Agaricomycetes|Agaricomycetidae|Polyporales|Polyporaceae|Fomes","Fungi","Basidiomycota","Agaricomycetes","Polyporales","Polyporaceae","Fomes fomentarius",183472,"(L.) Fr.","Fomes",NA,"fomentarius","","","Species","","",NA,NA,NA,"","","Seinsheiner, E.O.","","s.n.","1928-07-00","1928","7","00",NA,NA,"July, 1928","","","on birch","",NA,"",NA,NA,NA,"",NA,NA,NA,"",NA,NA,NA,"United States","Wisconsin","Door","Fish Creek","Fish Creek",NA,NA,NA,45.127645,-87.247924,"WGS84",1190,"","","","GeoLocate","","",NA,NA,NA,NA,NA,"",NA,NA,"harmona4","2020-05-08 08:53:22",NA,70,"urn:uuid:1cf94c6f-7574-4282-a4a7-caaa3c5e121c","https://www.mycoportal.org/portal/collections/individual/index.php?occid=5081292"
"15",5109637,"CINC",NA,NA,"PreservedSpecimen","76f169e8-486b-4939-a485-ef3b9287c673","CINC-F-0004892","","Fungi|Basidiomycota|Agaricomycotina|Agaricomycetes|Agaricomycetidae|Polyporales|Polyporaceae|Fomes","Fungi","Basidiomycota","Agaricomycetes","Polyporales","Polyporaceae","Fomes fomentarius",183472,"(L.) Fr.","Fomes",NA,"fomentarius","","","Species","","",NA,NA,NA,"","","Seinsheiner, E.O.","","s.n.","1928-07-00","1928","7","00",NA,NA,"June, 1928","","","","",NA,"",NA,NA,NA,"",NA,NA,NA,"",NA,NA,NA,"United States","Wisconsin","Door","Fish Creek","Fish Creek",NA,NA,NA,45.12716,-87.246894,"WGS84",1055,"","","","GeoLocate","","",NA,NA,NA,NA,NA,"",NA,NA,"harmona4","2020-05-08 08:53:22",NA,70,"urn:uuid:76f169e8-486b-4939-a485-ef3b9287c673","https://www.mycoportal.org/portal/collections/individual/index.php?occid=5109637"
"16",5121296,"CINC",NA,NA,"PreservedSpecimen","aacdf79f-a967-43ca-b979-42e344e6672c","CINC-F-0005201","","Fungi|Basidiomycota|Agaricomycotina|Agaricomycetes|Agaricomycetidae|Polyporales|Polyporaceae|Lenzites","Fungi","Basidiomycota","Agaricomycetes","Polyporales","Polyporaceae","Lenzites betulinus",269043,"(L.) Fr.","Lenzites",NA,"betulinus","","","Species","","",NA,NA,NA,"","","Braud","","s.n.","1928-10-24","1928","10","24",298,NA,"October 24, 1928","","","","",NA,"",NA,NA,NA,"",NA,NA,NA,"",NA,NA,NA,"United States","Kentucky","Jessamine","High Bridge","High Bridge",NA,NA,NA,37.824245,-84.718279,"",3036,"","harmona4 (2019-12-20 10:56:03)","","georef batch tool 2019-12-20; GeoLocate","reviewed - high confidence","",NA,NA,NA,NA,NA,"",NA,NA,"harmona4","2019-12-20 11:56:03",NA,70,"urn:uuid:aacdf79f-a967-43ca-b979-42e344e6672c","https://www.mycoportal.org/portal/collections/individual/index.php?occid=5121296"
"17",5132947,"CINC",NA,NA,"PreservedSpecimen","3d93d5c6-c59a-4869-aa60-07f233e8300b","CINC-F-0005560","","Fungi|Basidiomycota|Agaricomycotina|Agaricomycetes|Agaricomycetidae|Polyporales|Meruliaceae|Bjerkandera","Fungi","Basidiomycota","Agaricomycetes","Polyporales","Meruliaceae","Bjerkandera adusta",114760,"(Willd.) P. Karst.","Bjerkandera",NA,"adusta","","","Species","","",NA,NA,NA,"","","Brand, L.","","s.n.","1928-10-24","1928","10","24",298,NA,"October 24, 1928","","","","",NA,"",NA,NA,NA,"",NA,NA,NA,"",NA,NA,NA,"United States","Kentucky","Powell","High Bridge","High Bridge",NA,NA,NA,37.824245,-84.718279,"",3036,"","harmona4 (2019-12-20 10:56:03)","","georef batch tool 2019-12-20; GeoLocate","reviewed - high confidence","",NA,NA,NA,NA,NA,"",NA,NA,"harmona4","2020-05-08 08:53:22",NA,70,"urn:uuid:3d93d5c6-c59a-4869-aa60-07f233e8300b","https://www.mycoportal.org/portal/collections/individual/index.php?occid=5132947"
"18",5132974,"CINC",NA,NA,"PreservedSpecimen","5bffe0aa-5895-4baf-bcee-be72c6f8b4e3","CINC-F-0005587","","Fungi|Basidiomycota|Agaricomycotina|Agaricomycetes|Agaricomycetidae|Polyporales|Polyporaceae|Trametes","Fungi","Basidiomycota","Agaricomycetes","Polyporales","Polyporaceae","Trametes versicolor",189955,"(L.) Lloyd","Trametes",NA,"versicolor","","","Species","","",NA,NA,NA,"","","Brand","","s.n.","1928-10-24","1928","10","24",298,NA,"October 24, 1928","","","","",NA,"",NA,NA,NA,"",NA,NA,NA,"",NA,NA,NA,"United States","Kentucky","Powell","High Bridge","High Bridge",NA,NA,NA,37.824245,-84.718279,"",3036,"","harmona4 (2019-12-20 10:56:03)","","georef batch tool 2019-12-20; GeoLocate","reviewed - high confidence","",NA,NA,NA,NA,NA,"",NA,NA,"harmona4","2020-05-08 08:53:22",NA,70,"urn:uuid:5bffe0aa-5895-4baf-bcee-be72c6f8b4e3","https://www.mycoportal.org/portal/collections/individual/index.php?occid=5132974"
"19",5132981,"CINC",NA,NA,"PreservedSpecimen","0f439bc6-b8a6-4c9c-b1fe-3394d0042356","CINC-F-0005594","","Fungi|Basidiomycota|Agaricomycotina|Agaricomycetes|Agaricomycetidae|Polyporales|Polyporaceae|Trametes","Fungi","Basidiomycota","Agaricomycetes","Polyporales","Polyporaceae","Trametes versicolor",189955,"(L.) Lloyd","Trametes",NA,"versicolor","","","Species","","",NA,NA,NA,"","","Brand","","s.n.","1928-10-24","1928","10","24",298,NA,"October 24, 1928","","","","",NA,"",NA,NA,NA,"",NA,NA,NA,"",NA,NA,NA,"United States","Kentucky","Powell","High Bridge","High Bridge",NA,NA,NA,37.824245,-84.718279,"",3036,"","harmona4 (2019-12-20 10:56:03)","","georef batch tool 2019-12-20; GeoLocate","reviewed - high confidence","",NA,NA,NA,NA,NA,"",NA,NA,"harmona4","2020-05-08 08:53:22",NA,70,"urn:uuid:0f439bc6-b8a6-4c9c-b1fe-3394d0042356","https://www.mycoportal.org/portal/collections/individual/index.php?occid=5132981"
"20",5152689,"CINC",NA,NA,"PreservedSpecimen","0bc45996-0b63-4ff3-856a-51690595f119","CINC-F-0005861","","","","","","","Meruliaceae","Gelatoporia dichroa",637578,"(Fr.) Ginns","Gelatoporia",NA,"dichroa","","","Species","","",NA,NA,NA,"","","Brand, L.","","s.n.","1928-10-24","1928","10","24",298,NA,"October 24, 1928","","","","",NA,"",NA,NA,NA,"",NA,NA,NA,"",NA,NA,NA,"United States","Kentucky","Jessamine","High Bridge","High Bridge",NA,NA,NA,37.824245,-84.718279,"",3036,"","harmona4 (2019-12-20 10:56:03)","","georef batch tool 2019-12-20; GeoLocate","reviewed - high confidence","",NA,NA,NA,NA,NA,"",NA,NA,"harmona4","2020-05-08 08:53:22",NA,70,"urn:uuid:0bc45996-0b63-4ff3-856a-51690595f119","https://www.mycoportal.org/portal/collections/individual/index.php?occid=5152689"
"21",5153541,"CINC",NA,NA,"PreservedSpecimen","73b25135-2e27-4b34-9c27-9c6e1478d0ca","CINC-F-0005903","","Fungi|Basidiomycota|Agaricomycotina|Agaricomycetes|Agaricomycetidae|Polyporales|Polyporaceae|Fomitopsidaceae|Polyporus","Fungi","Basidiomycota","Agaricomycetes","Polyporales","Polyporaceae","Polyporus picipes",527007,"Rostk.","Polyporus",NA,"picipes","","","Species","","",NA,NA,NA,"","","Povah, A.H.","","s.n.","1928-09-00","1928","9","00",NA,NA,"September, 1928","","","","",NA,"",NA,NA,NA,"",NA,NA,NA,"",NA,NA,NA,"United States","Illinois","Cook","Evanston","Evanston, Forest Preserve",NA,NA,NA,42.041141,-87.690059,"WGS84",4554,"","","","GeoLocate","","",NA,NA,NA,NA,NA,"",NA,NA,"harmona4","2020-05-08 08:53:22",NA,70,"urn:uuid:73b25135-2e27-4b34-9c27-9c6e1478d0ca","https://www.mycoportal.org/portal/collections/individual/index.php?occid=5153541"
"22",5154074,"CINC",NA,NA,"PreservedSpecimen","18a6046c-3541-4db2-a56e-1155e79f2291","CINC-F-0006053","","Fungi|Basidiomycota|Agaricomycotina|Agaricomycetes|Agaricomycetidae|Polyporales|Fomitopsidaceae|Ischnoderma","Fungi","Basidiomycota","Agaricomycetes","Polyporales","Fomitopsidaceae","Ischnoderma resinosum",184571,"(Schrad.) P. Karst.","Ischnoderma",NA,"resinosum","","","Species","","",NA,NA,NA,"","","Povah, A.H.","","s.n.","1928-00-00","1928","00","00",NA,NA,"Summer, 1928","","","","",NA,"",NA,NA,NA,"",NA,NA,NA,"",NA,NA,NA,"United States","Illinois","Cook","Evanston","Evanston, Forest Preserve",NA,NA,NA,42.041141,-87.690059,"WGS84",4554,"","","","GeoLocate","","",NA,NA,NA,NA,NA,"",NA,NA,"harmona4","2020-05-08 08:53:22",NA,70,"urn:uuid:18a6046c-3541-4db2-a56e-1155e79f2291","https://www.mycoportal.org/portal/collections/individual/index.php?occid=5154074"
"23",5156814,"CINC",NA,NA,"PreservedSpecimen","0cb7efaf-a027-4983-89c3-8837c95da1e1","CINC-F-0006124","","Fungi|Basidiomycota|Agaricomycotina|Agaricomycetes|Agaricomycetidae|Polyporales|Ganodermataceae|Ganoderma","Fungi","Basidiomycota","Agaricomycetes","Polyporales","Ganodermataceae","Ganoderma lucidum",183595,"(Curtis) P. Karst.","Ganoderma",NA,"lucidum","","","Species","","",NA,NA,NA,"","","Povah, A.H.","","s.n.","1928-09-00","1928","9","00",NA,NA,"September, 1928","","","at base of oak tree","",NA,"",NA,NA,NA,"",NA,NA,NA,"",NA,NA,NA,"United States","Indiana","Porter","Chesterton","Indiana Dunes State Park",NA,NA,NA,41.663093,-87.036977,"WGS84",3613,"","","","GeoLocate","","",NA,NA,NA,NA,NA,"",NA,NA,"harmona4","2020-05-08 08:53:22",NA,70,"urn:uuid:0cb7efaf-a027-4983-89c3-8837c95da1e1","https://www.mycoportal.org/portal/collections/individual/index.php?occid=5156814"
"24",5173498,"CINC",NA,NA,"PreservedSpecimen","bf275593-be58-47fb-854d-ff9609120722","CINC-F-0006458","","Fungi|Basidiomycota|Agaricomycotina|Agaricomycetes|Agaricomycetidae|Polyporales","Fungi","Basidiomycota","Agaricomycetes","Polyporales","Fomitopsidaceae","Brunneoporus malicola",NA,"(Berk. & M.A. ) Audet","",NA,"","","","","","",NA,NA,NA,"","","Povah, A.H.","","s.n.","1928-10-23","1928","10","23",297,NA,"October 23, 1928","","","on old oak log","",NA,"",NA,NA,NA,"",NA,NA,NA,"",NA,NA,NA,"United States","Illinois","Kane","Dundee","Trout Park",NA,NA,NA,42.065026,-88.266746,"WGS84",456,"","","","GeoLocate","","",NA,NA,NA,NA,NA,"",NA,NA,"harmona4","2020-05-08 08:53:22",NA,70,"urn:uuid:bf275593-be58-47fb-854d-ff9609120722","https://www.mycoportal.org/portal/collections/individual/index.php?occid=5173498"
"25",5180013,"CINC",NA,NA,"PreservedSpecimen","fe92cf39-5120-4375-b054-07c1ad6f1685","CINC-F-0006583","","Fungi|Basidiomycota|Agaricomycotina|Agaricomycetes|Agaricomycetidae|Agaricales|Pleurotaceae|Pleurotus","Fungi","Basidiomycota","Agaricomycetes","Agaricales","Pleurotaceae","Pleurotus cornucopiae",187642,"(Paulet) Rolland","Pleurotus",NA,"cornucopiae","","","Species","","",NA,NA,NA,"","","Brand","","s.n.","1928-10-24","1928","10","24",298,NA,"October 24, 1928","","","","",NA,"",NA,NA,NA,"",NA,NA,NA,"",NA,NA,NA,"United States","Kentucky","Jessamine","High Bridge","High Bridge",NA,NA,NA,37.824245,-84.718279,"WGS84",1090,"","","","GeoLocate","","",NA,NA,NA,NA,NA,"",NA,NA,"harmona4","2020-04-20 10:12:10",NA,70,"urn:uuid:fe92cf39-5120-4375-b054-07c1ad6f1685","https://www.mycoportal.org/portal/collections/individual/index.php?occid=5180013"
"26",7086421,"CINC",NA,NA,"PreservedSpecimen","2c624b97-9fc1-4bff-be21-bedf356c4a98","CINC-F-0007524","71026","Fungi|Basidiomycota|Agaricomycotina|Agaricomycetes|Agaricomycetidae|Agaricales|Agaricaceae|Cyathus","Fungi","Basidiomycota","Agaricomycetes","Agaricales","Agaricaceae","Cyathus stercoreus",161106,"(Schwein.) De Toni","Cyathus",NA,"stercoreus","","","Species","","",NA,NA,NA,"Cyathus stercoreus","","Degener, O.","","2725","1928-04-05","1928","4","5",96,NA,"April 5, 1928","","","","",NA,"",NA,NA,NA,"",NA,NA,NA,"",NA,NA,NA,"United States","Hawaii","Maui","Hoolehua","Hoolehua, Molokai",NA,0,NA,21.107778,-157.111944,"WGS84",14542,"","","","GeoLocate","","",NA,NA,NA,NA,NA,"",NA,NA,"harmona4","2020-05-08 08:53:22",NA,70,"urn:uuid:2c624b97-9fc1-4bff-be21-bedf356c4a98","https://www.mycoportal.org/portal/collections/individual/index.php?occid=7086421"
"27",7417693,"CINC",NA,NA,"PreservedSpecimen","8fc7e5a7-7c15-410d-a6da-00b0e9d9d09e","CINC-F-0007744","","Fungi|Ascomycota|Pezizomycotina|Dothideomycetes|Botryosphaeriales|Botryosphaeriaceae|Phyllosticta","Fungi","Ascomycota","Dothideomycetes","Botryosphaeriales","Botryosphaeriaceae","Phyllosticta asiminae",373327,"Ellis & Kellerm.","Phyllosticta",NA,"asiminae","","","Species","","",NA,NA,NA,"Phyllosticta asiminae","","Sprague, R.","","25887","1928-07-10","1928","7","10",192,NA,"July 10, 1928","","","on leaves of Asimina triloba","",NA,"",NA,NA,NA,"",NA,NA,NA,"",NA,NA,NA,"United States","Ohio","Hamilton","Cincinnati","Near Sayler Park",NA,0,NA,39.108696,-84.686796,"WGS84",581,"","","","GeoLocate","","",NA,NA,NA,NA,NA,"",NA,NA,"harmona4","2020-05-08 08:53:22",NA,70,"urn:uuid:8fc7e5a7-7c15-410d-a6da-00b0e9d9d09e","https://www.mycoportal.org/portal/collections/individual/index.php?occid=7417693"
"28",7417720,"CINC",NA,NA,"PreservedSpecimen","6b7c826b-5c36-4741-8173-98392dc7be37","CINC-F-0007713","","Fungi|Ascomycota|Pezizomycotina|Dothideomycetes|Pleosporomycetidae|Pleosporales|Ascochyta","Fungi","Ascomycota","Dothideomycetes","Pleosporales","Gnomoniaceae","Ascochyta pisi",103890,"Lib.","Ascochyta",NA,"pisi","","","Species","","",NA,NA,NA,"Ascochyta pisi","","Sprague, R.","","8023","1928-06-16","1928","6","16",168,NA,"June 16, 1928","","","on Vicia villosa","",NA,"",NA,NA,NA,"Protocoronospora nigricans",NA,NA,NA,"",NA,NA,NA,"United States","Ohio","Hamilton","Cincinnati","Cincinnati",NA,0,NA,39.162004,-84.456886,"",18226,"","harmona4 (2019-12-16 08:44:02)","","georef batch tool 2019-12-16; GeoLocate","reviewed - high confidence","",NA,NA,NA,NA,NA,"",NA,NA,"harmona4","2020-04-25 10:39:35",NA,70,"urn:uuid:6b7c826b-5c36-4741-8173-98392dc7be37","https://www.mycoportal.org/portal/collections/individual/index.php?occid=7417720"
