"","id","institutionCode","collectionCode","ownerInstitutionCode","basisOfRecord","occurrenceID","catalogNumber","otherCatalogNumbers","higherClassification","kingdom","phylum","class","order","family","scientificName","taxonID","scientificNameAuthorship","genus","subgenus","specificEpithet","verbatimTaxonRank","infraspecificEpithet","taxonRank","identifiedBy","dateIdentified","identificationReferences","identificationRemarks","taxonRemarks","identificationQualifier","typeStatus","recordedBy","associatedCollectors","recordNumber","eventDate","year","month","day","startDayOfYear","endDayOfYear","verbatimEventDate","occurrenceRemarks","habitat","substrate","verbatimAttributes","fieldNumber","informationWithheld","dataGeneralizations","dynamicProperties","associatedOccurrences","associatedTaxa","reproductiveCondition","establishmentMeans","cultivationStatus","lifeStage","sex","individualCount","preparations","country","stateProvince","county","municipality","locality","locationRemarks","localitySecurity","localitySecurityReason","decimalLatitude","decimalLongitude","geodeticDatum","coordinateUncertaintyInMeters","verbatimCoordinates","georeferencedBy","georeferenceProtocol","georeferenceSources","georeferenceVerificationStatus","georeferenceRemarks","minimumElevationInMeters","maximumElevationInMeters","minimumDepthInMeters","maximumDepthInMeters","verbatimDepth","verbatimElevation","disposition","language","recordEnteredBy","modified","sourcePrimaryKey.dbpk","collId","recordId","references"
"1",4825165,"CINC",NA,NA,"PreservedSpecimen","b025bcb0-1823-45d8-850a-527585d0e3f1","CINC-F-0002642","","Fungi|Basidiomycota|Pucciniomycotina|Pucciniomycetes|Pucciniales|Pucciniaceae|Puccinia","Fungi","Basidiomycota","Pucciniomycetes","Pucciniales","Pucciniaceae","Puccinia extensicola",398328,"Plowr.","Puccinia",NA,"extensicola","","","Species","","",NA,NA,NA,"","","Parks, H.E.","","s.n.","1915-11-25","1915","11","25",329,NA,"November 25, 1915","California Fungi. Berkeley, CA [Anonymous, Calif. Fungi], 1- ? 1425, Herbarium of the University of California., exs #: 11","","on Carex leptopoda","",NA,"",NA,NA,NA,"",NA,NA,NA,"",NA,NA,NA,"United States","California","Sonoma","Rio Nido","Rio Nido",NA,NA,NA,38.521024,-122.976943,"WGS84",995,"","harmona4","","GeoLocate","","",NA,NA,NA,NA,NA,"",NA,NA,"harmona4","2020-05-08 10:20:47",NA,70,"urn:uuid:b025bcb0-1823-45d8-850a-527585d0e3f1","https://www.mycoportal.org/portal/collections/individual/index.php?occid=4825165"
"2",4902646,"CINC",NA,NA,"PreservedSpecimen","054cbdc3-a65d-46c4-8a98-b6008341a81c","CINC-F-0003089","","Fungi|Basidiomycota|Agaricomycotina|Agaricomycetes|Russulales|Stereaceae|Stereum","Fungi","Basidiomycota","Agaricomycetes","Russulales","Stereaceae","Stereum versicolor",435150,"(Sw.) Fr.","Stereum",NA,"versicolor","","","Species","","",NA,NA,NA,"","","Braun, E. Lucy","","s.n.","1915-03-00","1915","3","00",NA,NA,"March, 1915","","","on beech log","",NA,"",NA,NA,NA,"",NA,NA,NA,"",NA,NA,NA,"United States","Ohio","Hamilton","Cincinnati","Avondale",NA,NA,NA,39.145973,-84.495887,"WGS84",1345,"","harmona4","","GeoLocate","","",NA,NA,NA,NA,NA,"",NA,NA,"harmona4","2020-05-08 08:53:22",NA,70,"urn:uuid:054cbdc3-a65d-46c4-8a98-b6008341a81c","https://www.mycoportal.org/portal/collections/individual/index.php?occid=4902646"
"3",4922467,"CINC",NA,NA,"PreservedSpecimen","db536975-9828-46a5-a611-2bc148086a73","CINC-F-0003374","","Fungi|Basidiomycota|Pucciniomycotina|Pucciniomycetes|Pucciniales|Coleosporiaceae|Coleosporium","Fungi","Basidiomycota","Pucciniomycetes","Pucciniales","Coleosporiaceae","Coleosporium carneum",146031,"(Bosc) H.S. Jacks.","Coleosporium",NA,"carneum","","","Species","","",NA,NA,NA,"","","Hedgcock, G.G.","","17472","1915-03-15","1915","3","15",74,NA,"March 15, 1915","","","on Pinus caribaea","",NA,"",NA,NA,NA,"",NA,NA,NA,"",NA,NA,NA,"United States","Florida","Alachua","Gainesville","Gainesville",NA,NA,NA,29.65139,-82.325,"",6618,"","harmona4 (2019-12-20 10:06:52)","","georef batch tool 2019-12-20; GeoLocate","reviewed - high confidence","",NA,NA,NA,NA,NA,"",NA,NA,"harmona4","2020-04-25 10:09:31",NA,70,"urn:uuid:db536975-9828-46a5-a611-2bc148086a73","https://www.mycoportal.org/portal/collections/individual/index.php?occid=4922467"
"4",4922473,"CINC",NA,NA,"PreservedSpecimen","316eace7-d4c4-4099-81f9-580088cc89f0","CINC-F-0003378","","Fungi|Basidiomycota|Pucciniomycotina|Pucciniomycetes|Pucciniales|Coleosporiaceae|Coleosporium","Fungi","Basidiomycota","Pucciniomycetes","Pucciniales","Coleosporiaceae","Coleosporium carneum",146031,"(Bosc) H.S. Jacks.","Coleosporium",NA,"carneum","","","Species","","",NA,NA,NA,"","","Hedgcock, G.G.","","17944","1915-09-10","1915","9","10",253,NA,"September 10, 1915","","","on Vernonia noveboracensis","",NA,"",NA,NA,NA,"",NA,NA,NA,"",NA,NA,NA,"United States","New Jersey","Union","Plainfield","Plainfield",NA,NA,NA,40.615213,-74.419047,"WGS84",4561,"","jhofmeister (2017-04-14 10:30:51)","","georef batch tool 2017-04-14; GeoLocate","reviewed - high confidence","",NA,NA,NA,NA,NA,"",NA,NA,"harmona4","2020-04-25 10:09:31",NA,70,"urn:uuid:316eace7-d4c4-4099-81f9-580088cc89f0","https://www.mycoportal.org/portal/collections/individual/index.php?occid=4922473"
"5",4922476,"CINC",NA,NA,"PreservedSpecimen","b6d5b802-2b65-4f61-9303-da04bfbbf2f3","CINC-F-0003379","","Fungi|Basidiomycota|Pucciniomycotina|Pucciniomycetes|Pucciniales|Coleosporiaceae|Coleosporium","Fungi","Basidiomycota","Pucciniomycetes","Pucciniales","Coleosporiaceae","Coleosporium carneum",146031,"(Bosc) H.S. Jacks.","Coleosporium",NA,"carneum","","","Species","","",NA,NA,NA,"","","Hunt, N.R.","","20165","1915-05-15","1915","5","15",135,NA,"May 15, 1915","","","on Pinus rigida","",NA,"",NA,NA,NA,"",NA,NA,NA,"",NA,NA,NA,"United States","Virginia","Loudoun","Bluemont","Bluemont",NA,NA,NA,39.111217,-77.833884,"WGS84",301,"","harmona4","","GeoLocate","","",NA,NA,NA,NA,NA,"",NA,NA,"harmona4","2020-05-08 08:53:22",NA,70,"urn:uuid:b6d5b802-2b65-4f61-9303-da04bfbbf2f3","https://www.mycoportal.org/portal/collections/individual/index.php?occid=4922476"
"6",4994346,"CINC",NA,NA,"PreservedSpecimen","8b7d2d10-24e4-4c9c-8441-452f47f343dc","CINC-F-0003930","359","Fungi|Basidiomycota|Pucciniomycotina|Pucciniomycetes|Pucciniales|Pucciniaceae|Gymnosporangium","Fungi","Basidiomycota","Pucciniomycetes","Pucciniales","Pucciniaceae","Gymnosporangium juvenescens",233458,"F. Kern","Gymnosporangium",NA,"juvenescens","","","Species","","",NA,NA,NA,"","","Stevens, O.A.","","s.n.","1915-08-12","1915","8","12",224,NA,"August 12, 1915","Mycological Exchange of 1921, 1-947, F.W. Patterson, W.W. Diehl, and E.K. Cash, exs #: 181","","on Juniperus prostrata","",NA,"",NA,NA,NA,"",NA,NA,NA,"",NA,NA,NA,"United States","North Dakota","Williams","Williston","Near Williston",NA,NA,NA,48.146968,-103.617974,"WGS84",1005,"","harmona4","","GeoLocate","reviewed - high confidence","",NA,NA,NA,NA,NA,"",NA,NA,"harmona4","2020-05-08 08:53:22",NA,70,"urn:uuid:8b7d2d10-24e4-4c9c-8441-452f47f343dc","https://www.mycoportal.org/portal/collections/individual/index.php?occid=4994346"
"7",5109647,"CINC",NA,NA,"PreservedSpecimen","c4ba720a-7265-4e0b-ae71-b094c1b2aebf","CINC-F-0004901","","Fungi|Basidiomycota|Agaricomycotina|Agaricomycetes|Agaricomycetidae|Agaricales|Fistulinaceae|Fistulina","Fungi","Basidiomycota","Agaricomycetes","Agaricales","Fistulinaceae","Fistulina hepatica",183425,"(Schaeff.) With.","Fistulina",NA,"hepatica","","","Species","","",NA,NA,NA,"","","Povah, A.H.","","s.n.","1915-09-09","1915","9","9",252,NA,"September 9, 1915","","","on Chestnut stump","",NA,"",NA,NA,NA,"",NA,NA,NA,"",NA,NA,NA,"United States","New York","Bronx","Riverdale-on-Hudson","Riverdale-on-Hudson",NA,NA,NA,40.90056,-73.90639,"WGS84",1683,"","","","GeoLocate","","",NA,NA,NA,NA,NA,"",NA,NA,"harmona4","2020-05-08 08:53:22",NA,70,"urn:uuid:c4ba720a-7265-4e0b-ae71-b094c1b2aebf","https://www.mycoportal.org/portal/collections/individual/index.php?occid=5109647"
"8",5110438,"CINC",NA,NA,"PreservedSpecimen","dc86c175-9070-4af8-be64-c20b9f970570","CINC-F-0005155","","Fungi|Basidiomycota|Agaricomycotina|Agaricomycetes|Hymenochaetales|Schizoporaceae|Hyphodontia","Fungi","Basidiomycota","Agaricomycetes","Hymenochaetales","Schizoporaceae","Hyphodontia spathulata",246669,"(Schrad.) Parmasto","Hyphodontia",NA,"spathulata","","","Species","","",NA,NA,NA,"","","Farlow, W.G.","","s.n.","1915-08-00","1915","8","00",NA,NA,"August, 1915","Compared with type material.; Reliquiae Farlowianae, 1 - 1000, R. Thaxter ; D. Linder, exs #: 794","","on conifer","",NA,"",NA,NA,NA,"",NA,NA,NA,"",NA,NA,NA,"United States","New Hampshire","Carroll","Chocorua","Chocorua",NA,NA,NA,43.878962,-71.219792,"WGS84",3036,"","harmona4","","GeoLocate","reviewed - high confidence","",NA,NA,NA,NA,NA,"",NA,NA,"harmona4","2020-05-08 08:53:22",NA,70,"urn:uuid:dc86c175-9070-4af8-be64-c20b9f970570","https://www.mycoportal.org/portal/collections/individual/index.php?occid=5110438"
