"","id","institutionCode","collectionCode","ownerInstitutionCode","basisOfRecord","occurrenceID","catalogNumber","otherCatalogNumbers","higherClassification","kingdom","phylum","class","order","family","scientificName","taxonID","scientificNameAuthorship","genus","subgenus","specificEpithet","verbatimTaxonRank","infraspecificEpithet","taxonRank","identifiedBy","dateIdentified","identificationReferences","identificationRemarks","taxonRemarks","identificationQualifier","typeStatus","recordedBy","associatedCollectors","recordNumber","eventDate","year","month","day","startDayOfYear","endDayOfYear","verbatimEventDate","occurrenceRemarks","habitat","substrate","verbatimAttributes","fieldNumber","informationWithheld","dataGeneralizations","dynamicProperties","associatedOccurrences","associatedTaxa","reproductiveCondition","establishmentMeans","cultivationStatus","lifeStage","sex","individualCount","preparations","country","stateProvince","county","municipality","locality","locationRemarks","localitySecurity","localitySecurityReason","decimalLatitude","decimalLongitude","geodeticDatum","coordinateUncertaintyInMeters","verbatimCoordinates","georeferencedBy","georeferenceProtocol","georeferenceSources","georeferenceVerificationStatus","georeferenceRemarks","minimumElevationInMeters","maximumElevationInMeters","minimumDepthInMeters","maximumDepthInMeters","verbatimDepth","verbatimElevation","disposition","language","recordEnteredBy","modified","sourcePrimaryKey.dbpk","collId","recordId","references"
"1",4390095,"CINC",NA,NA,"PreservedSpecimen","bbe254b6-b1c5-43f4-81dd-483c078d266c","CINC-F-0000882","","Fungi|Ascomycota|Pezizomycotina|Leotiomycetes|Leotiomycetidae|Erysiphales|Erysiphaceae|Uncinula","Fungi","Ascomycota","Leotiomycetes","Erysiphales","Erysiphaceae","Uncinula salicis",550730,"(DC.) G. Winter","Uncinula",NA,"salicis","","","Species","","",NA,NA,NA,"","","Cooke, William Bridge","Cooke, V.G.","26975","1950-09-30","1950","9","30",273,NA,"September 30, 1950","Mycobiota of North America, 1-450, W.B. Cooke, exs #: 352","In a thicket in a marshy place","on Salix sp.","",NA,"",NA,NA,NA,"",NA,NA,NA,"",NA,NA,NA,"United States","Washington","Columbia","","Lewis and Clark Trail State Park",NA,NA,NA,46.288196,-118.07189,"WGS84",2289,"","harmona4","","GeoLocate","","",NA,NA,NA,NA,NA,"",NA,NA,"harmona4","2020-05-08 08:53:22",NA,70,"urn:uuid:bbe254b6-b1c5-43f4-81dd-483c078d266c","https://www.mycoportal.org/portal/collections/individual/index.php?occid=4390095"
"2",4397498,"CINC",NA,NA,"PreservedSpecimen","80a50832-5467-4901-9ae6-d21e900265aa","CINC-F-0001099","","Fungi|Ascomycota|Pezizomycotina|Dothideomycetes|Dothideomycetidae|Polystomellaceae|Dothidella","Fungi","Ascomycota","Dothideomycetes","","Phyllachoraceae","Dothidella aristidae",177205,"(Schwein.) Ellis & Everh.","Dothidella",NA,"aristidae","","","Species","","",NA,NA,NA,"","","Cooke, William Bridge","Cooke, V.G.","s.n.","1950-10-28","1950","10","28",301,NA,"October 28, 1950","Mycobiota of North America, 1-450, W.B. Cooke, exs #: 429","in Artemisia tridentata community along roadside","on Distichlis stricta","",NA,"",NA,NA,NA,"",NA,NA,NA,"",NA,NA,NA,"United States","Washington","Adams","","along U.S. Highway 10, 22.8 miles west of Ritzville",NA,NA,NA,47.127282,-118.676939,"WGS84",6363,"","harmona4","","GeoLocate","","",NA,NA,NA,NA,NA,"",NA,NA,"harmona4","2020-05-08 08:53:22",NA,70,"urn:uuid:80a50832-5467-4901-9ae6-d21e900265aa","https://www.mycoportal.org/portal/collections/individual/index.php?occid=4397498"
"3",4398859,"CINC",NA,NA,"PreservedSpecimen","224f13b8-4cba-4d93-9616-51227997fa79","CINC-F-0001167","","Fungi|Ascomycota|Pezizomycotina|Leotiomycetes|Leotiomycetidae|Helotiales|Hyaloscyphaceae|Lachnum","Fungi","Ascomycota","Leotiomycetes","Helotiales","Lachnaceae","Lachnum bicolor",184704,"(Bull.) P. Karst.","Lachnum",NA,"bicolor","","","Species","","",NA,NA,NA,"","","Cooke, William Bridge","Cooke, V.G.","26566","1950-06-06","1950","6","6",157,NA,"June 6, 1950","Mycobiota of North America, 1-450, W.B. Cooke, exs #: 433","On twigs of shrubs in lodgepole pine woods","on Sheperdia canadensis","",NA,"",NA,NA,NA,"",NA,NA,NA,"",NA,NA,NA,"United States","Washington","Stevens","","Along Washington State Route 8-A near Little Pend Oreille Lakes",NA,NA,NA,48.629632,-117.532467,"WGS84",1901,"","harmona4","","GeoLocate","","",NA,NA,NA,NA,NA,"",NA,NA,"harmona4","2020-05-08 08:53:22",NA,70,"urn:uuid:224f13b8-4cba-4d93-9616-51227997fa79","https://www.mycoportal.org/portal/collections/individual/index.php?occid=4398859"
"4",4398870,"CINC",NA,NA,"PreservedSpecimen","a9b63761-30a4-4673-a154-d5cb0d99a51e","CINC-F-0001172","","Fungi|Ascomycota|Pezizomycotina|Phialea","Fungi","Ascomycota","","","Helotiaceae","Phialea cyathoidea",365579,"(Bull.) Gillet","Phialea",NA,"cyathoidea","","","Species","","",NA,NA,NA,"","","Cooke, William Bridge","Cooke, V.G., Binegar, Ronald","27067","1950-09-09","1950","9","9",252,NA,"September 9, 1950","Mycobiota of North America, 1-450, W.B. Cooke, exs #: 362","","on fallen pods of Gleditsia triacanthos","",NA,"",NA,NA,NA,"",NA,NA,NA,"",NA,NA,NA,"United States","Ohio","Hamilton","Symmes","Symmes",NA,NA,NA,39.247003,-84.296327,"",3036,"","harmona4 (2019-12-16 13:16:05)","","georef batch tool 2019-12-16; GeoLocate","reviewed - high confidence","",NA,NA,NA,NA,NA,"",NA,NA,"harmona4","2020-05-08 08:53:22",NA,70,"urn:uuid:a9b63761-30a4-4673-a154-d5cb0d99a51e","https://www.mycoportal.org/portal/collections/individual/index.php?occid=4398870"
"5",4402271,"CINC",NA,NA,"PreservedSpecimen","d56b4221-8741-4f0f-990c-18c6ff8bdbb6","CINC-F-0001252","","Fungi|Ascomycota|Pezizomycotina|Sordariomycetes|Hypocreomycetidae|Hypocreales|Hypocreaceae|Hypomyces","Fungi","Ascomycota","Sordariomycetes","Hypocreales","Hypocreaceae","Hypomyces aurantius",184416,"(Pers.) Fuckel","Hypomyces",NA,"aurantius","","","Species","","",NA,NA,NA,"","","Cooke, William Bridge","Cooke, V.G., Binegar, R.","s.n.","1950-07-24","1950","7","24",205,NA,"July 24, 1950","Mycobiota of North America, 1-450, W.B. Cooke, exs #: 430","on prostrate log in a grove of broad leaved maples","on Polyporus sulphureus and Pseudotsuga taxifolia","",NA,"",NA,NA,NA,"",NA,NA,NA,"",NA,NA,NA,"United States","Washington","Clallam","","Hurricane Ridge Road, Olympic National Park",NA,NA,NA,47.924456,-123.351933,"WGS84",301,"","harmona4","","GeoLocate","","",NA,NA,NA,NA,NA,"",NA,NA,"harmona4","2020-05-08 08:53:22",NA,70,"urn:uuid:d56b4221-8741-4f0f-990c-18c6ff8bdbb6","https://www.mycoportal.org/portal/collections/individual/index.php?occid=4402271"
"6",4402291,"CINC",NA,NA,"PreservedSpecimen","04f14e68-7d8c-480f-a9b0-ad46baeb7e0a","CINC-F-0001258","","Fungi|Basidiomycota|Pucciniomycotina|Pucciniomycetes|Pucciniales|Melampsoraceae|Melampsora","Fungi","Basidiomycota","Pucciniomycetes","Pucciniales","Melampsoraceae","Melampsora albertensis",284508,"Arthur","Melampsora",NA,"albertensis","","","Species","","",NA,NA,NA,"","","Cooke, William Bridge","Cooke, V.G.","26515","1950-06-06","1950","6","6",157,NA,"June 6, 1950","Mycobiota of North America, 1-450, W.B. Cooke, exs #: 365","","Common on seedlings, on Pseudotsuga taxifolia var. glauca","",NA,"",NA,NA,NA,"",NA,NA,NA,"",NA,NA,NA,"United States","Washington","Pend Oreille","Sullivan Lake","two miles east of Sullivan Lake, Kaniksu National Park",NA,NA,NA,48.814962,-117.289962,"WGS84",873,"","harmona4","","GeoLocate","","",NA,NA,NA,NA,NA,"",NA,NA,"harmona4","2020-05-08 08:53:22",NA,70,"urn:uuid:04f14e68-7d8c-480f-a9b0-ad46baeb7e0a","https://www.mycoportal.org/portal/collections/individual/index.php?occid=4402291"
"7",4783817,"CINC",NA,NA,"PreservedSpecimen","575a59c5-c13a-4e8c-8a72-94961b3a889c","CINC-F-0002072","","Fungi|Ascomycota|Pezizomycotina|Pezizomycetes|Pezizomycetidae|Pezizales|Pezizaceae|Aleuria","Fungi","Ascomycota","Pezizomycetes","Pezizales","Pyronemataceae","Aleuria aurantia",93179,"(Pers.) Fuckel","Aleuria",NA,"aurantia","","","Species","","",NA,NA,NA,"","","Cooke, William Bridge","Cooke, V.G.","27132","1950-10-15","1950","10","15",288,NA,"October 15, 1950","Mycobiota of North America, 1-450, W.B. Cooke, exs #: 434","In clearing near virgin forest of Pseudotsuga taxifolia, Tsuga heterophylla, and Thuja plicata","ground","",NA,"",NA,NA,NA,"",NA,NA,NA,"",NA,NA,NA,"United States","Washington","Cowlitz","","Barnes State Park",NA,NA,NA,46.362331,-122.921228,"WGS84",2289,"","harmona4","","GeoLocate","","",NA,NA,NA,NA,NA,"",NA,NA,"harmona4","2020-05-08 08:53:22",NA,70,"urn:uuid:575a59c5-c13a-4e8c-8a72-94961b3a889c","https://www.mycoportal.org/portal/collections/individual/index.php?occid=4783817"
"8",4783836,"CINC",NA,NA,"PreservedSpecimen","a1f1de8e-6e61-4a71-8475-bb0e0687ae86","CINC-F-0002080","","Fungi|Ascomycota|Pezizomycotina|Pezizomycetes|Pezizomycetidae|Pezizales|Pyronemataceae|Humarina","Fungi","Ascomycota","Pezizomycetes","Pezizales","Pyronemataceae","Humarina rubens",242242,"Seaver","Humarina",NA,"rubens","","","Species","","",NA,NA,NA,"","","Cooke, William Bridge","Cooke, V.G.","27660","1950-10-28","1950","10","28",301,NA,"October 28, 1950","Mycobiota of North America, 1-450, W.B. Cooke, exs #: 435","","on soil among mosses under Artemisia tridentata","",NA,"",NA,NA,NA,"",NA,NA,NA,"",NA,NA,NA,"United States","Washington","Adams","","along U.S. Highway 10, 22.8 miles west of Ritzville",NA,NA,NA,47.126348,-118.86508,"WGS84",7605,"","harmona4","","GeoLocate","","",NA,NA,NA,NA,NA,"",NA,NA,"harmona4","2020-05-08 08:53:22",NA,70,"urn:uuid:a1f1de8e-6e61-4a71-8475-bb0e0687ae86","https://www.mycoportal.org/portal/collections/individual/index.php?occid=4783836"
"9",4788481,"CINC",NA,NA,"PreservedSpecimen","1eaa77f5-aae6-412d-aa41-9ff2a64605d3","CINC-F-0002176","","Fungi|Basidiomycota|Pucciniomycotina|Pucciniomycetes|Pucciniales|Pucciniaceae|Puccinia","Fungi","Basidiomycota","Pucciniomycetes","Pucciniales","Pucciniaceae","Puccinia mesomajalis",312658,"Berk. & M.A. Curtis","Puccinia",NA,"mesomajalis","","","Species","","",NA,NA,NA,"","","Cooke, William Bridge","Cooke, V.G.","26565","1950-06-06","1950","6","6",157,NA,"June 6, 1950","Mycobiota of North America, 1-450, W.B. Cooke, exs #: 369","","on Clintonia uniflora","",NA,"",NA,NA,NA,"",NA,NA,NA,"",NA,NA,NA,"United States","Washington","Pend Oreille","","Sullivan Lake Public Camp, Kaniksu National Forest",NA,NA,NA,48.8333,-117.2833,"WGS84",873,"","harmona4","","GeoLocate","","",NA,NA,NA,NA,NA,"",NA,NA,"harmona4","2020-05-08 08:53:22",NA,70,"urn:uuid:1eaa77f5-aae6-412d-aa41-9ff2a64605d3","https://www.mycoportal.org/portal/collections/individual/index.php?occid=4788481"
"10",4830984,"CINC",NA,NA,"PreservedSpecimen","4cd27ce7-a3c7-44d2-9e93-3dd6b180591a","CINC-F-0002961","","Fungi|Basidiomycota|Agaricomycotina|Agaricomycetes|Russulales|Stereaceae|Stereum","Fungi","Basidiomycota","Agaricomycetes","Russulales","Stereaceae","Stereum purpureum",435011,"Pers.","Stereum",NA,"purpureum","","","Species","","",NA,NA,NA,"","","Cooke, William Bridge","Cooke, V.G.","27188","1950-10-21","1950","10","21",294,NA,"October 21, 1950","Mycobiota of North America, 1-450, W.B. Cooke, exs #: 443","slash and stumps","on Acer macrophyllum","",NA,"",NA,NA,NA,"",NA,NA,NA,"",NA,NA,NA,"United States","Washington","King","North Bend","Maloney's Grove, North Bend",NA,NA,NA,47.495658,-121.786778,"WGS84",2914,"","harmona4","","GeoLocate","","",NA,NA,NA,NA,NA,"",NA,NA,"harmona4","2020-05-08 08:53:22",NA,70,"urn:uuid:4cd27ce7-a3c7-44d2-9e93-3dd6b180591a","https://www.mycoportal.org/portal/collections/individual/index.php?occid=4830984"
"11",4922557,"CINC",NA,NA,"PreservedSpecimen","48b1ba9d-3490-49fd-a209-3e01ac842a51","CINC-F-0003418","","Fungi|Basidiomycota|Pucciniomycotina|Pucciniomycetes|Pucciniales|Coleosporiaceae|Coleosporium","Fungi","Basidiomycota","Pucciniomycetes","Pucciniales","Coleosporiaceae","Coleosporium vernoniae",146196,"Berk. & M.A. Curtis","Coleosporium",NA,"vernoniae","","","Species","","",NA,NA,NA,"","","Cooke, William Bridge","Cooke, V.G.","26965","1950-09-06","1950","9","6",249,NA,"September 6, 1950","Mycobiota of North America, 1-450, W.B. Cooke, exs #: 363","in a field","on Vernonia altissima","",NA,"",NA,NA,NA,"",NA,NA,NA,"",NA,NA,NA,"United States","Ohio","Hamilton","Cincinnati","Koester's Place, Price Hill",NA,NA,NA,39.110059,-84.575778,"WGS84",1459,"","harmona4","","GeoLocate","","",NA,NA,NA,NA,NA,"",NA,NA,"harmona4","2020-05-08 08:53:22",NA,70,"urn:uuid:48b1ba9d-3490-49fd-a209-3e01ac842a51","https://www.mycoportal.org/portal/collections/individual/index.php?occid=4922557"
"12",4922568,"CINC",NA,NA,"PreservedSpecimen","8397d7ea-0ef5-48f2-9b15-67b85731912e","CINC-F-0003427","","Fungi|Basidiomycota|Pucciniomycotina|Pucciniomycetes|Pucciniales|Cronartiaceae|Cronartium","Fungi","Basidiomycota","Pucciniomycetes","Pucciniales","Cronartiaceae","Cronartium coleosporioides",158538,"Arthur","Cronartium",NA,"coleosporioides","","","Species","","",NA,NA,NA,"","","Cooke, William Bridge","Cooke, V.G.","26564","1950-06-06","1950","6","6",157,NA,"June 6, 1950","Mycobiota of North America, 1-450, W.B. Cooke, exs #: 364","","on Pinus contorta var. latifolia","",NA,"",NA,NA,NA,"",NA,NA,NA,"",NA,NA,NA,"United States","Washington","Pend Oreille","Kaniksu National Forest","Sullivan Lake Campground, Kaniksu National Forest",NA,NA,NA,48.839922,-117.281075,"WGS84",3036,"","harmona4","","GeoLocate","","",NA,NA,NA,NA,NA,"",NA,NA,"harmona4","2020-05-08 08:53:22",NA,70,"urn:uuid:8397d7ea-0ef5-48f2-9b15-67b85731912e","https://www.mycoportal.org/portal/collections/individual/index.php?occid=4922568"
"13",4958494,"CINC",NA,NA,"PreservedSpecimen","6f59cbdf-dcb8-4092-a14d-5cb6de414411","CINC-F-0003664","","Fungi|Basidiomycota|Agaricomycotina|Agaricomycetes|Hymenochaetales|Hymenochaetaceae|Hymenochaete","Fungi","Basidiomycota","Agaricomycetes","Hymenochaetales","Hymenochaetaceae","Hymenochaete tabacina",245492,"(Sowerby) L�v.","Hymenochaete",NA,"tabacina","","","Species","","",NA,NA,NA,"","","Cooke, William Bridge","Cooke, V.G.","27328","1950-10-23","1950","10","23",296,NA,"October 23, 1950","Mycobiota of North America, 1-450, W.B. Cooke, exs #: 442","","on Vaccinium parvifolium","",NA,"",NA,NA,NA,"",NA,NA,NA,"",NA,NA,NA,"United States","Washington","Clallam","Olympic National Park","Mt. Angeles Trail, Heart o' the Hills, Olympic National Park",NA,NA,NA,47.995362,-123.467118,"WGS84",1807,"","harmona4","","GeoLocate","","",NA,NA,NA,NA,NA,"",NA,NA,"harmona4","2020-05-08 08:53:22",NA,70,"urn:uuid:6f59cbdf-dcb8-4092-a14d-5cb6de414411","https://www.mycoportal.org/portal/collections/individual/index.php?occid=4958494"
"14",4992558,"CINC",NA,NA,"PreservedSpecimen","fec21ae8-235f-464e-af54-a711fba0fd0a","CINC-F-0003782","","Fungi|Basidiomycota|Pucciniomycotina|Pucciniomycetes|Pucciniales|Pucciniaceae|Uromyces","Fungi","Basidiomycota","Pucciniomycetes","Pucciniales","Pucciniaceae","Uromyces heterodermus",441350,"Syd. & P. Syd.","Uromyces",NA,"heterodermus","","","Species","","",NA,NA,NA,"","","Cooke, William Bridge","Cooke, V.G.","26563","1950-06-06","1950","6","6",157,NA,"June 6, 1950","Mycobiota of North America, 1-450, W.B. Cooke, exs #: 368","","on Erythronium grandiflorum","",NA,"",NA,NA,NA,"",NA,NA,NA,"",NA,NA,NA,"United States","Washington","Pend Oreille","Kaniksu National Forest","Sullivan Lake Public Camp, Kaniksu National Forest",NA,NA,NA,48.814811,-117.289974,"WGS84",873,"","harmona4","","GeoLocate","","",NA,NA,NA,NA,NA,"",NA,NA,"harmona4","2020-05-08 08:53:22",NA,70,"urn:uuid:fec21ae8-235f-464e-af54-a711fba0fd0a","https://www.mycoportal.org/portal/collections/individual/index.php?occid=4992558"
"15",4994159,"CINC",NA,NA,"PreservedSpecimen","8f65f442-c459-437d-99ae-14b38e6cb936","CINC-F-0003831","","Fungi|Basidiomycota|Pucciniomycotina|Pucciniomycetes|Pucciniales|Pucciniaceae|Uromyces","Fungi","Basidiomycota","Pucciniomycetes","Pucciniales","Pucciniaceae","Uromyces muirae",698976,"Syd.","Uromyces",NA,"muirae","","","Species","","",NA,NA,NA,"","","Cooke, William Bridge","Cooke, V.G.","26562","1950-06-06","1950","6","6",157,NA,"June 6, 1950","Mycobiota of North America, 1-450, W.B. Cooke, exs #: 367","","on Fritillaria lanceolata (syn. Fritillaria affinis)","",NA,"",NA,NA,NA,"",NA,NA,NA,"",NA,NA,NA,"United States","Washington","Pend Oreille","Kaniksu National Forest","Sullivan Lake Public Camp, Kaniksu National Forest",NA,NA,NA,48.8333,-117.2833,"WGS84",873,"","harmona4","","GeoLocate","","",NA,NA,NA,NA,NA,"",NA,NA,"harmona4","2020-05-08 08:53:22",NA,70,"urn:uuid:8f65f442-c459-437d-99ae-14b38e6cb936","https://www.mycoportal.org/portal/collections/individual/index.php?occid=4994159"
"16",5037808,"CINC",NA,NA,"PreservedSpecimen","320cd45d-a69b-4ddb-bbc0-434d06c58d44","CINC-F-0004113","","Fungi|Basidiomycota|Ustilaginomycotina|Ustilaginomycetes|Ustilaginomycetidae|Ustilaginales|Ustilaginaceae|Ustilago|Ustilago spegazzinii","Fungi","Basidiomycota","Ustilaginomycetes","Ustilaginales","Ustilaginaceae","Ustilago spegazzinii var. agrestis",615121,"(Syd. & P. Syd.) G.W. Fisch. & Hirschh.","Ustilago",NA,"spegazzinii","var.","agrestis","Variety","","",NA,NA,NA,"","","Cooke, William Bridge","","s.n.","1950-06-10","1950","6","10",161,NA,"June 10, 1950","Mycobiota of North America, 1-450, W.B. Cooke, exs #: 375","","on Agropyron repens","",NA,"",NA,NA,NA,"",NA,NA,NA,"",NA,NA,NA,"United States","Washington","Whitman","Pullman","Pullman",NA,NA,NA,46.73139,-117.17861,"",NA,"","","","","","",NA,NA,NA,NA,NA,"",NA,NA,"harmona4","2020-03-31 15:26:32",NA,70,"urn:uuid:320cd45d-a69b-4ddb-bbc0-434d06c58d44","https://www.mycoportal.org/portal/collections/individual/index.php?occid=5037808"
"17",5042093,"CINC",NA,NA,"PreservedSpecimen","3324060b-165c-4287-a669-d14441083cb0","CINC-F-0004156","","Fungi|Basidiomycota|Agaricomycotina|Agaricomycetes|Agaricomycetidae|Polyporales|Corticiales|Phanerochaetaceae|Corticiaceae|Corticium","Fungi","Basidiomycota","Agaricomycetes","Corticiales","Physalacriaceae","Corticium corruge",152951,"(Burt) Burt ex D.P. Rogers & H.S. Jacks.","Corticium",NA,"corruge","","","Species","","",NA,NA,NA,"","","Cooke, William Bridge","Cooke, V.G., Binegar, R.","26917","1950-08-08","1950","8","8",220,NA,"August 8, 1950","Mycobiota of North America, 1-450, W.B. Cooke, exs #: 379","Covering living and dead bark and miscellaneous substata such as stones and becoming evident after melting snow","on Picea engelmannii","",NA,"",NA,NA,NA,"",NA,NA,NA,"",NA,NA,NA,"United States","Wyoming","Albany","","University of Wyoming summer science camp, Medicine Bow Mountains (Long Canyon)",NA,NA,NA,41.650257,-105.499657,"WGS84",1506,"","harmona4","","GeoLocate","","http://wyomingsteakhouse.com/science-camp/",2896,NA,NA,NA,NA,"9500ft.",NA,NA,"harmona4","2020-05-08 08:53:22",NA,70,"urn:uuid:3324060b-165c-4287-a669-d14441083cb0","https://www.mycoportal.org/portal/collections/individual/index.php?occid=5042093"
"18",5074008,"CINC",NA,NA,"PreservedSpecimen","a964297c-3da7-4228-aea7-e5a6577bb7d7","CINC-F-0004431","","Fungi|Basidiomycota|Agaricomycotina|Agaricomycetes|Cantharellales|Hydnaceae|Hydnum","Fungi","Basidiomycota","Agaricomycetes","Cantharellales","Phanerochaetaceae","Hydnum septentrionale",243543,"Fr.","Hydnum",NA,"septentrionale","","","Species","","",NA,NA,NA,"","","Rapp, L.","","s.n.","1950-10-00","1950","10","00",NA,NA,"October, 1950","","","","",NA,"",NA,NA,NA,"Polyporus biformis",NA,NA,NA,"",NA,NA,NA,"United States","Ohio","Hamilton","Cincinnati","on Oak Street, opposite rear entrance to Mayflower Donuts Shop",NA,NA,NA,39.130127,-84.497721,"WGS84",865,"","","","GeoLocate","","",NA,NA,NA,NA,NA,"",NA,NA,"harmona4","2020-05-08 08:53:22",NA,70,"urn:uuid:a964297c-3da7-4228-aea7-e5a6577bb7d7","https://www.mycoportal.org/portal/collections/individual/index.php?occid=5074008"
"19",5074532,"CINC",NA,NA,"PreservedSpecimen","25c9a191-97e6-4fca-b72c-efd991d474f2","CINC-F-0004543","","Fungi|Basidiomycota|Agaricomycotina|Agaricomycetes|Thelephorales","Fungi","Basidiomycota","Agaricomycetes","Thelephorales","Thelephoraceae","Thelephoraceae",7345,"","",NA,"","","","Family","","",NA,NA,NA,"","","Culberson, W.","","s.n.","1950-08-29","1950","8","29",241,NA,"August 29, 1950","","sunny hill","on dead oak branch","",NA,"",NA,NA,NA,"",NA,NA,NA,"",NA,NA,NA,"United States","Kentucky","Morgan","White Oak","0.5 mile south of White Oak on Rt. 7",NA,NA,NA,37.851172,-83.20212,"WGS84",900,"","","","GeoLocate","","",NA,NA,NA,NA,NA,"",NA,NA,"harmona4","2020-05-08 08:53:22",NA,70,"urn:uuid:25c9a191-97e6-4fca-b72c-efd991d474f2","https://www.mycoportal.org/portal/collections/individual/index.php?occid=5074532"
"20",5086251,"CINC",NA,NA,"PreservedSpecimen","6c4ac749-0e37-42f9-ad93-55a0c03399e5","CINC-F-0004633","","Fungi|Basidiomycota|Agaricomycotina|Agaricomycetes|Hymenochaetales|Hymenochaetaceae|Phellinus","Fungi","Basidiomycota","Agaricomycetes","Hymenochaetales","Hymenochaetaceae","Phellinus kamahi",312153,"(G. Cunn.) P.K. Buchanan & Ryvarden","Phellinus",NA,"kamahi","","","Species","","",NA,NA,NA,"","","Cooke, William Bridge","Cooke, V.G.","26952","1950-08-09","1950","8","9",221,NA,"August 9, 1950","Mycobiota of North America, 1-450, W.B. Cooke, exs #: 384","on fallen trunks just below timberline","on Picea engelmannii","",NA,"",NA,NA,NA,"",NA,NA,NA,"",NA,NA,NA,"United States","Wyoming","Carbon","Silver Lake","near Silver Lake, Medicine Bow Mountains",NA,NA,NA,41.309137,-106.356964,"WGS84",229,"","harmona4","","GeoLocate","","",3109,NA,NA,NA,NA,"10200ft.",NA,NA,"harmona4","2020-05-08 08:53:22",NA,70,"urn:uuid:6c4ac749-0e37-42f9-ad93-55a0c03399e5","https://www.mycoportal.org/portal/collections/individual/index.php?occid=5086251"
"21",5109690,"CINC",NA,NA,"PreservedSpecimen","a52ac10e-163a-47c1-a389-4d25e34e40f3","CINC-F-0004944","","Fungi|Basidiomycota|Agaricomycotina|Agaricomycetes|Agaricomycetidae|Polyporales|Polyporaceae|Fuscocerrena","Fungi","Basidiomycota","Agaricomycetes","Polyporales","Fomitopsidaceae","Fuscocerrena portoricensis",183517,"(Fr.) Ryvarden","Fuscocerrena",NA,"portoricensis","","","Species","","",NA,NA,NA,"","","Cooke, William Bridge","Cooke, V.G.","26968","1950-09-06","1950","9","6",249,NA,"September 6, 1950","Mycobiota of North America, 1-450, W.B. Cooke, exs #: 386","woods","on fallen branches of Celtis occidentalis","",NA,"",NA,NA,NA,"",NA,NA,NA,"",NA,NA,NA,"United States","Ohio","Hamilton","Cincinnati","Koester's Woods, Price Hill",NA,NA,NA,39.110059,-84.575778,"WGS84",750,"","harmona4","","GeoLocate","","",NA,NA,NA,NA,NA,"",NA,NA,"reynolwd","2020-05-08 08:53:22",NA,70,"urn:uuid:a52ac10e-163a-47c1-a389-4d25e34e40f3","https://www.mycoportal.org/portal/collections/individual/index.php?occid=5109690"
"22",7417652,"CINC",NA,NA,"PreservedSpecimen","9258fca3-5664-4c42-9705-2f55620f54dd","CINC-F-0007793","20591","Fungi|Ascomycota|Pezizomycotina|Dothideomycetes|Dothideomycetidae|Capnodiales|Mycosphaerellaceae|Septoria","Fungi","Ascomycota","Dothideomycetes","Capnodiales","Mycosphaerellaceae","Septoria avenae",419412,"A.B. Frank","Septoria",NA,"avenae","","","Species","","",NA,NA,NA,"Septoria avena","","Sprague, R.","","s.n.","1950-09-09","1950","9","9",252,NA,"September 9, 1940","Mycobiota of North America, 1-450, W.B. Cooke, exs #: 444","","on Glyceria elata","",NA,"",NA,NA,NA,"",NA,NA,NA,"",NA,NA,NA,"United States","Washington","Kittitas","Liberty","Swank Creek, near Liberty",NA,0,NA,47.25389,-120.66417,"",NA,"","","","","","",NA,NA,NA,NA,NA,"",NA,NA,"harmona4","2020-04-25 10:39:35",NA,70,"urn:uuid:9258fca3-5664-4c42-9705-2f55620f54dd","https://www.mycoportal.org/portal/collections/individual/index.php?occid=7417652"
"23",7417653,"CINC",NA,NA,"PreservedSpecimen","989aea36-d256-44f5-8b53-badd0c8e8ea0","CINC-F-0007792","20591","Fungi|Ascomycota|Pezizomycotina|Dothideomycetes|Dothideomycetidae|Capnodiales|Mycosphaerellaceae|Septoria","Fungi","Ascomycota","Dothideomycetes","Capnodiales","Mycosphaerellaceae","Septoria avenae",419412,"A.B. Frank","Septoria",NA,"avenae","","","Species","","",NA,NA,NA,"Septoria avena","","Sprague, R.","","s.n.","1950-09-09","1950","09","09",NA,NA,"September 9, 1940","","","on Glyceria elata","",NA,"",NA,NA,NA,"",NA,NA,NA,"",NA,NA,NA,"United States","Washington","Kittitas","","Swank Creek, near Liberty",NA,0,NA,47.25389,-120.66417,"",NA,"","","","","","",NA,NA,NA,NA,NA,"",NA,NA,"harmona4","2020-04-25 10:39:35",NA,70,"urn:uuid:989aea36-d256-44f5-8b53-badd0c8e8ea0","https://www.mycoportal.org/portal/collections/individual/index.php?occid=7417653"
"24",9631184,"CINC",NA,NA,"PreservedSpecimen","f9446eec-4a6c-44fb-ad1d-68b17056a530","CINC-F-0008023","","Fungi|Ascomycota|Pezizomycotina|Septogloeum","Fungi","Ascomycota","","","Nectriaceae","Septogloeum oxysporum",418943,"Sacc., E. Bommer & M. Rousseau","Septogloeum",NA,"oxysporum","","","Species","","",NA,NA,NA,"","","Sprague, R.","G. W. Fischer","s.n.","1950-08-10","1950","8","10",222,NA,"August 10, 1950","Mycobiota of North America, 1-450, W.B. Cooke, exs #: 445","","on Alopecurus alpinus","",NA,"",NA,NA,NA,"Scolecotrichum graminis",NA,NA,NA,"",NA,NA,NA,"United States","Idaho","Fremont","","Targhee Forest Camp",NA,NA,NA,44.67472,-111.275,"",NA,"","","","","","",NA,NA,NA,NA,NA,"",NA,NA,"harmona4","2020-04-25 10:39:35",NA,70,"urn:uuid:f9446eec-4a6c-44fb-ad1d-68b17056a530","https://www.mycoportal.org/portal/collections/individual/index.php?occid=9631184"
"25",9632330,"CINC",NA,NA,"PreservedSpecimen","975d25bf-4854-4b26-8567-a0f4e2e031b0","CINC-F-0008085","","Fungi|Ascomycota|Pezizomycotina|Sordariomycetes|Hypocreomycetidae|Plectosphaerellaceae|Verticillium","Fungi","Ascomycota","Sordariomycetes","","Plectosphaerellaceae","Verticillium lateritium",560892,"Berk.","Verticillium",NA,"lateritium","","","Species","","",NA,NA,NA,"","","Cooke, William Bridge","Cooke, V.G.","27204","1950-10-22","1950","10","22",295,NA,"October 22, 1950","Mycobiota of North America, 1-450, W.B. Cooke, exs #: 448","","on Sambucus glauca","",NA,"",NA,NA,NA,"",NA,NA,NA,"",NA,NA,NA,"United States","Washington","Mason","Twanoh State Park","Hoods Canal, Twanoh State Park",NA,NA,NA,47.372872,-122.974039,"WGS84",931,"","","","GeoLocate","","",NA,NA,NA,NA,NA,"",NA,NA,"harmona4","2020-04-15 09:47:03",NA,70,"urn:uuid:975d25bf-4854-4b26-8567-a0f4e2e031b0","https://www.mycoportal.org/portal/collections/individual/index.php?occid=9632330"
