"","id","institutionCode","collectionCode","ownerInstitutionCode","basisOfRecord","occurrenceID","catalogNumber","otherCatalogNumbers","higherClassification","kingdom","phylum","class","order","family","scientificName","taxonID","scientificNameAuthorship","genus","subgenus","specificEpithet","verbatimTaxonRank","infraspecificEpithet","taxonRank","identifiedBy","dateIdentified","identificationReferences","identificationRemarks","taxonRemarks","identificationQualifier","typeStatus","recordedBy","associatedCollectors","recordNumber","eventDate","year","month","day","startDayOfYear","endDayOfYear","verbatimEventDate","occurrenceRemarks","habitat","substrate","verbatimAttributes","fieldNumber","informationWithheld","dataGeneralizations","dynamicProperties","associatedOccurrences","associatedTaxa","reproductiveCondition","establishmentMeans","cultivationStatus","lifeStage","sex","individualCount","preparations","country","stateProvince","county","municipality","locality","locationRemarks","localitySecurity","localitySecurityReason","decimalLatitude","decimalLongitude","geodeticDatum","coordinateUncertaintyInMeters","verbatimCoordinates","georeferencedBy","georeferenceProtocol","georeferenceSources","georeferenceVerificationStatus","georeferenceRemarks","minimumElevationInMeters","maximumElevationInMeters","minimumDepthInMeters","maximumDepthInMeters","verbatimDepth","verbatimElevation","disposition","language","recordEnteredBy","modified","sourcePrimaryKey.dbpk","collId","recordId","references"
"1",4413090,"CINC",NA,NA,"PreservedSpecimen","2e4edf66-1990-4c2b-8f88-bb2dbbbdce93","CINC-F-0001495","","Fungi|Ascomycota|Pezizomycotina|Leotiomycetes|Leotiomycetidae|Rhytismatales|Rhytismataceae|Bifusella","Fungi","Ascomycota","Leotiomycetes","Rhytismatales","Rhytismataceae","Bifusella crepidiformis",114108,"Darker","Bifusella",NA,"crepidiformis","","","Species","","",NA,NA,NA,"","","Darker, G.D.","","1569","1925-08-21","1925","8","21",233,NA,"August 21, 1925","Type Collection; Reliquiae Farlowianae, 1 - 1000, R. Thaxter ; D. Linder, exs #: 701","","on Picea glauca","",NA,"",NA,NA,NA,"",NA,NA,NA,"",NA,NA,NA,"Canada","Ontario","Nipissing District","Lake Timagami","Lake Timagami",NA,NA,NA,46.95,-80.083333,"WGS84",1189,"","harmona4","","GeoLocate","","",NA,NA,NA,NA,NA,"",NA,NA,"harmona4","2020-05-08 08:53:22",NA,70,"urn:uuid:2e4edf66-1990-4c2b-8f88-bb2dbbbdce93","https://www.mycoportal.org/portal/collections/individual/index.php?occid=4413090"
"2",4632388,"CINC",NA,NA,"PreservedSpecimen","491015cf-5253-48c3-8ae4-6e3fb51c90a4","CINC-F-0001867","","Fungi|Ascomycota|Taphrinomycotina|Taphrinomycetes|Taphrinomycetidae|Taphrinales|Taphrinaceae|Exoascus","Fungi","Ascomycota","Taphrinomycetes","Taphrinales","Taphrinaceae","Exoascus pruni",218561,"Fuckel","Exoascus",NA,"pruni","","","Species","","",NA,NA,NA,"","","Dean, M.","","s.n.","1925-00-00","1925","00","00",NA,NA,"Summer, 1925","","","on Prunus domestica","",NA,"",NA,NA,NA,"Taphrina pruni",NA,NA,NA,"",NA,NA,NA,"United States","Nebraska","Adams","Hastings","Hastings",NA,NA,NA,40.583069,-98.404505,"WGS84",5135,"","","","GeoLocate","","",NA,NA,NA,NA,NA,"",NA,NA,"harmona4","2020-05-08 08:53:22",NA,70,"urn:uuid:491015cf-5253-48c3-8ae4-6e3fb51c90a4","https://www.mycoportal.org/portal/collections/individual/index.php?occid=4632388"
"3",4788572,"CINC",NA,NA,"PreservedSpecimen","5600522e-ec96-4658-be7c-acbe76bb216e","CINC-F-0002211","","Fungi|Basidiomycota|Pucciniomycotina|Pucciniomycetes|Pucciniales|Pucciniaceae|Puccinia","Fungi","Basidiomycota","Pucciniomycetes","Pucciniales","Pucciniaceae","Puccinia obtecta",399470,"Peck","Puccinia",NA,"obtecta","","","Species","","",NA,NA,NA,"","","Parks, H.E.","","s.n.","1925-12-00","1925","12","00",NA,NA,"December, 1925","California Fungi. Berkeley, CA [Anonymous, Calif. Fungi], 1- ? 1425, Herbarium of the University of California., exs #: 80","","on Scirpus olneyi","An extremely heavy infection.",NA,"",NA,NA,NA,"",NA,NA,NA,"",NA,NA,NA,"United States","California","San Francisco","Lake Merced","Lake Merced",NA,NA,NA,37.719608,-122.492317,"WGS84",1495,"","harmona4","","GeoLocate","","",NA,NA,NA,NA,NA,"",NA,NA,"harmona4","2020-05-08 08:53:22",NA,70,"urn:uuid:5600522e-ec96-4658-be7c-acbe76bb216e","https://www.mycoportal.org/portal/collections/individual/index.php?occid=4788572"
"4",4798195,"CINC",NA,NA,"PreservedSpecimen","8d31c262-c776-4bda-99bb-8d84ba349cb4","CINC-F-0002442","","Fungi|Basidiomycota|Pucciniomycotina|Pucciniomycetes|Pucciniales|Pucciniaceae|Puccinia","Fungi","Basidiomycota","Pucciniomycetes","Pucciniales","Pucciniaceae","Puccinia caricis",528806,"Rebent.","Puccinia",NA,"caricis","","","Species","","",NA,NA,NA,"","","Fields, W.S.","Parks, H.E.","s.n.","1925-06-16","1925","6","16",167,NA,"June 16, 1925","California Fungi. Berkeley, CA [Anonymous, Calif. Fungi], 1- ? 1425, Herbarium of the University of California., exs #: 50","","on Carex sp.","",NA,"",NA,NA,NA,"",NA,NA,NA,"",NA,NA,NA,"United States","California","El Dorado","Strawberry","Strawberry",NA,NA,NA,38.796852,-120.145187,"WGS84",3036,"","","","GeoLocate","","",NA,NA,NA,NA,NA,"",NA,NA,"harmona4","2020-05-08 08:53:22",NA,70,"urn:uuid:8d31c262-c776-4bda-99bb-8d84ba349cb4","https://www.mycoportal.org/portal/collections/individual/index.php?occid=4798195"
"5",4800520,"CINC",NA,NA,"PreservedSpecimen","60a1da73-2136-4912-9676-4681c707c1c6","CINC-F-0002533","","Fungi|Basidiomycota|Pucciniomycotina|Pucciniomycetes|Pucciniales|Pucciniaceae|Puccinia","Fungi","Basidiomycota","Pucciniomycetes","Pucciniales","Pucciniaceae","Puccinia coronata",188276,"Corda","Puccinia",NA,"coronata","","","Species","","",NA,NA,NA,"","","Lawrence, E.","","s.n.","1925-07-10","1925","7","10",191,NA,"July 10, 1925","","","on Avena sativa","",NA,"",NA,NA,NA,"",NA,NA,NA,"",NA,NA,NA,"United States","Oregon","Curry","Gold Beach","Gold Beach",NA,NA,NA,42.407333,-124.421774,"WGS84",4028,"","","","GeoLocate","","",NA,NA,NA,NA,NA,"",NA,NA,"harmona4","2020-04-25 09:56:45",NA,70,"urn:uuid:60a1da73-2136-4912-9676-4681c707c1c6","https://www.mycoportal.org/portal/collections/individual/index.php?occid=4800520"
"6",4800537,"CINC",NA,NA,"PreservedSpecimen","e1a22e60-307b-4a99-aad1-d2c00ab71d75","CINC-F-0002538","","Fungi|Basidiomycota|Pucciniomycotina|Pucciniomycetes|Pucciniales|Pucciniaceae|Puccinia","Fungi","Basidiomycota","Pucciniomycetes","Pucciniales","Pucciniaceae","Puccinia coronata",188276,"Corda","Puccinia",NA,"coronata","","","Species","","",NA,NA,NA,"","","Parks, H.E.","Tracy, J.P.","s.n.","1925-06-00","1925","6","00",NA,NA,"June, 1925","California Fungi. Berkeley, CA [Anonymous, Calif. Fungi], 1- ? 1425, Herbarium of the University of California., exs #: 103","","on Calamagrostis aleutica","",NA,"",NA,NA,NA,"",NA,NA,NA,"",NA,NA,NA,"United States","California","Humboldt","","Vicinity of Big Lagoon",NA,NA,NA,41.159096,-124.132626,"WGS84",2840,"","harmona4","","GeoLocate","","",NA,NA,NA,NA,NA,"",NA,NA,"harmona4","2020-05-08 08:53:22",NA,70,"urn:uuid:e1a22e60-307b-4a99-aad1-d2c00ab71d75","https://www.mycoportal.org/portal/collections/individual/index.php?occid=4800537"
"7",4800613,"CINC",NA,NA,"PreservedSpecimen","a79ba7dc-33c6-4109-862d-7b69743c9449","CINC-F-0002564","","Fungi|Basidiomycota|Pucciniomycotina|Pucciniomycetes|Pucciniales|Pucciniaceae|Puccinia","Fungi","Basidiomycota","Pucciniomycetes","Pucciniales","Pucciniaceae","Puccinia gentianae",188295,"(F. Strauss) Link","Puccinia",NA,"gentianae","","","Species","","",NA,NA,NA,"","","Tracy, J.P.","","s.n.","1925-07-05","1925","7","5",186,NA,"July 5, 1925","California Fungi. Berkeley, CA [Anonymous, Calif. Fungi], 1- ? 1425, Herbarium of the University of California., exs #: 41","","on Gentiana sceptrum","",NA,"",NA,NA,NA,"",NA,NA,NA,"",NA,NA,NA,"United States","California","Humboldt","","In bog, High Prairie, Bald Hills",NA,NA,NA,40.818467,-123.803388,"WGS84",5145,"","harmona4","","GeoLocate","","",NA,NA,NA,NA,NA,"",NA,NA,"harmona4","2020-05-08 08:53:22",NA,70,"urn:uuid:a79ba7dc-33c6-4109-862d-7b69743c9449","https://www.mycoportal.org/portal/collections/individual/index.php?occid=4800613"
"8",4800639,"CINC",NA,NA,"PreservedSpecimen","963e320c-b701-4da2-8695-0642df8f75bf","CINC-F-0002590","","Fungi|Basidiomycota|Pucciniomycotina|Pucciniomycetes|Pucciniales|Pucciniaceae|Puccinia","Fungi","Basidiomycota","Pucciniomycetes","Pucciniales","Pucciniaceae","Puccinia graminis",188300,"Pers.","Puccinia",NA,"graminis","","","Species","","",NA,NA,NA,"","","Parks, H.E.","","95","1925-01-00","1925","1","00",NA,NA,"","California Fungi. Berkeley, CA [Anonymous, Calif. Fungi], 1- ? 1425, Herbarium of the University of California., exs #: 95","","on Hierochloe macrophylla","",NA,"",NA,NA,NA,"",NA,NA,NA,"",NA,NA,NA,"United States","California","Marin","Mt. Tamalpais","Mt. Tamalpais",NA,NA,NA,37.927425,-122.591924,"WGS84",5364,"","titurri (2017-04-18 14:21:00)","","georef batch tool 2017-04-18; GeoLocate","reviewed - high confidence","",NA,NA,NA,NA,NA,"",NA,NA,"harmona4","2020-04-06 14:48:52",NA,70,"urn:uuid:963e320c-b701-4da2-8695-0642df8f75bf","https://www.mycoportal.org/portal/collections/individual/index.php?occid=4800639"
"9",4800640,"CINC",NA,NA,"PreservedSpecimen","75441e04-2c60-4be3-b89d-a9dc20e35770","CINC-F-0002591","","Fungi|Basidiomycota|Pucciniomycotina|Pucciniomycetes|Pucciniales|Pucciniaceae|Puccinia","Fungi","Basidiomycota","Pucciniomycetes","Pucciniales","Pucciniaceae","Puccinia graminis",188300,"Pers.","Puccinia",NA,"graminis","","","Species","","",NA,NA,NA,"","","Parks, H.E.","Tracy, J.P.","s.n.","1925-06-16","1925","6","16",167,NA,"June 16, 1925","California Fungi. Berkeley, CA [Anonymous, Calif. Fungi], 1- ? 1425, Herbarium of the University of California., exs #: 96","","on Panicularia elata","",NA,"",NA,NA,NA,"",NA,NA,NA,"",NA,NA,NA,"United States","California","Humboldt","Eureka","Eureka",NA,NA,NA,40.802071,-124.163673,"WGS84",7473,"","harmona4","","GeoLocate","","",NA,NA,NA,NA,NA,"",NA,NA,"harmona4","2020-05-08 08:53:22",NA,70,"urn:uuid:75441e04-2c60-4be3-b89d-a9dc20e35770","https://www.mycoportal.org/portal/collections/individual/index.php?occid=4800640"
"10",4800641,"CINC",NA,NA,"PreservedSpecimen","194595f9-7381-4158-8584-5151b1b2646c","CINC-F-0002592","","Fungi|Basidiomycota|Pucciniomycotina|Pucciniomycetes|Pucciniales|Pucciniaceae|Puccinia","Fungi","Basidiomycota","Pucciniomycetes","Pucciniales","Pucciniaceae","Puccinia graminis",188300,"Pers.","Puccinia",NA,"graminis","","","Species","","",NA,NA,NA,"","","Parks, H.E.","Tracy, J.P.","s.n.","1925-06-16","1925","6","16",167,NA,"June 16, 1925","California Fungi. Berkeley, CA [Anonymous, Calif. Fungi], 1- ? 1425, Herbarium of the University of California., exs #: 90","","on Agrostis palustris","",NA,"",NA,NA,NA,"",NA,NA,NA,"",NA,NA,NA,"United States","California","Humboldt","Eureka","Eureka",NA,NA,NA,40.802071,-124.163673,"WGS84",7473,"","harmona4","","GeoLocate","","",NA,NA,NA,NA,NA,"",NA,NA,"harmona4","2020-05-08 08:53:22",NA,70,"urn:uuid:194595f9-7381-4158-8584-5151b1b2646c","https://www.mycoportal.org/portal/collections/individual/index.php?occid=4800641"
"11",4800642,"CINC",NA,NA,"PreservedSpecimen","e17d603b-9431-47c9-b6a7-a2936d3368cb","CINC-F-0002593","","Fungi|Basidiomycota|Pucciniomycotina|Pucciniomycetes|Pucciniales|Pucciniaceae|Puccinia","Fungi","Basidiomycota","Pucciniomycetes","Pucciniales","Pucciniaceae","Puccinia graminis",188300,"Pers.","Puccinia",NA,"graminis","","","Species","","",NA,NA,NA,"","","Parks, H.E.","","s.n.","1925-12-00","1925","12","00",NA,NA,"December, 1925","California Fungi. Berkeley, CA [Anonymous, Calif. Fungi], 1- ? 1425, Herbarium of the University of California., exs #: 92","","on Avena barbata","",NA,"",NA,NA,NA,"",NA,NA,NA,"",NA,NA,NA,"United States","California","Marin","Mt. Tamalpais","Mt. Tamalpais",NA,NA,NA,37.924035,-122.596888,"WGS84",1807,"","harmona4","","GeoLocate","reviewed - high confidence","",NA,NA,NA,NA,NA,"",NA,NA,"harmona4","2020-05-08 10:15:23",NA,70,"urn:uuid:e17d603b-9431-47c9-b6a7-a2936d3368cb","https://www.mycoportal.org/portal/collections/individual/index.php?occid=4800642"
"12",4800644,"CINC",NA,NA,"PreservedSpecimen","5cdc7f9e-9643-4651-9f0f-23ada7a4c656","CINC-F-0002595","","Fungi|Basidiomycota|Pucciniomycotina|Pucciniomycetes|Pucciniales|Pucciniaceae|Puccinia","Fungi","Basidiomycota","Pucciniomycetes","Pucciniales","Pucciniaceae","Puccinia graminis",188300,"Pers.","Puccinia",NA,"graminis","","","Species","","",NA,NA,NA,"","","Parks, H.E.","J. P. Tracy","91","1925-06-24","1925","6","24",175,NA,"June 24, 1925","California Fungi. Berkeley, CA [Anonymous, Calif. Fungi], 1- ? 1425, Herbarium of the University of California., exs #: 91","","on Alopecurus aequalis","",NA,"",NA,NA,NA,"",NA,NA,NA,"",NA,NA,NA,"United States","California","Humboldt","","Vicinity of Alton",NA,NA,NA,40.547355,-124.140884,"WGS84",4979,"","bholubets (2017-04-08 17:15:53)","","georef batch tool 2017-04-08; GeoLocate","reviewed - high confidence","",NA,NA,NA,NA,NA,"",NA,NA,"harmona4","2020-04-06 14:48:52",NA,70,"urn:uuid:5cdc7f9e-9643-4651-9f0f-23ada7a4c656","https://www.mycoportal.org/portal/collections/individual/index.php?occid=4800644"
"13",4825125,"CINC",NA,NA,"PreservedSpecimen","95f5d0b1-341f-400d-8775-e5e690cfc9f5","CINC-F-0002623","","Fungi|Basidiomycota|Pucciniomycotina|Pucciniomycetes|Pucciniales|Pucciniaceae|Puccinia","Fungi","Basidiomycota","Pucciniomycetes","Pucciniales","Pucciniaceae","Puccinia ellisii",398227,"De Toni","Puccinia",NA,"ellisii","","","Species","","",NA,NA,NA,"","","Parks, H.E.","","s.n.","1925-07-00","1925","7","00",NA,NA,"July, 1925","California Fungi. Berkeley, CA [Anonymous, Calif. Fungi], 1- ? 1425, Herbarium of the University of California., exs #: 38","","on Angelica tomentosa","",NA,"",NA,NA,NA,"",NA,NA,NA,"",NA,NA,NA,"United States","California","San Francisco","Lands End","Lands End",NA,NA,NA,37.787707,-122.505528,"WGS84",602,"","harmona4","","GeoLocate","","",NA,NA,NA,NA,NA,"",NA,NA,"harmona4","2020-05-08 08:53:22",NA,70,"urn:uuid:95f5d0b1-341f-400d-8775-e5e690cfc9f5","https://www.mycoportal.org/portal/collections/individual/index.php?occid=4825125"
"14",4825275,"CINC",NA,NA,"PreservedSpecimen","0578cf53-0a4c-4a25-acee-a5416d3a2553","CINC-F-0002700","","Fungi|Basidiomycota|Pucciniomycotina|Pucciniomycetes|Pucciniales|Pucciniaceae|Puccinia","Fungi","Basidiomycota","Pucciniomycetes","Pucciniales","Pucciniaceae","Puccinia hieracii",188306,"(R�hl.) H. Mart.","Puccinia",NA,"hieracii","","","Species","","",NA,NA,NA,"","","Parks, H.E.","","s.n.","1925-07-06","1925","7","6",187,NA,"July 6, 1925","California Fungi. Berkeley, CA [Anonymous, Calif. Fungi], 1- ? 1425, Herbarium of the University of California., exs #: 117","","on Scorzonella procera","",NA,"",NA,NA,NA,"",NA,NA,NA,"",NA,NA,NA,"United States","California","Alameda","Berkeley","University of California Gardens, Berkeley",NA,NA,NA,37.871593,-122.272747,"WGS84",5007,"","harmona4","","GeoLocate","reviewed - high confidence","",NA,NA,NA,NA,NA,"",NA,NA,"harmona4","2020-05-08 10:36:41",NA,70,"urn:uuid:0578cf53-0a4c-4a25-acee-a5416d3a2553","https://www.mycoportal.org/portal/collections/individual/index.php?occid=4825275"
"15",4826105,"CINC",NA,NA,"PreservedSpecimen","ca263fd2-a19d-42e1-8aa4-6eefe279776f","CINC-F-0002726","","Fungi|Basidiomycota|Pucciniomycotina|Pucciniomycetes|Pucciniales|Pucciniaceae|Puccinia","Fungi","Basidiomycota","Pucciniomycetes","Pucciniales","Pucciniaceae","Puccinia iridis",188311,"Wallr.","Puccinia",NA,"iridis","","","Species","","",NA,NA,NA,"","","Parks, H.E.","","s.n.","1925-00-00","1925","00","00",NA,NA,"January and June, 1925","California Fungi. Berkeley, CA [Anonymous, Calif. Fungi], 1- ? 1425, Herbarium of the University of California., exs #: 62","","on Iris macrosiphon","",NA,"",NA,NA,NA,"",NA,NA,NA,"",NA,NA,NA,"United States","California","Marin","San Rafael","San Rafael Hills",NA,NA,NA,37.973535,-122.531087,"WGS84",8201,"","harmona4","","GeoLocate","","",NA,NA,NA,NA,NA,"",NA,NA,"harmona4","2020-05-08 08:53:22",NA,70,"urn:uuid:ca263fd2-a19d-42e1-8aa4-6eefe279776f","https://www.mycoportal.org/portal/collections/individual/index.php?occid=4826105"
"16",4826564,"CINC",NA,NA,"PreservedSpecimen","cff74147-b3ad-4255-8e2b-2f535c935c23","CINC-F-0002845","","Fungi|Basidiomycota|Pucciniomycotina|Pucciniomycetes|Septobasidiales|Septobasidiaceae|Septobasidium","Fungi","Basidiomycota","Pucciniomycetes","Septobasidiales","Septobasidiaceae","Septobasidium frustulosum",418624,"(Berk. & M.A. Curtis) Pat.","Septobasidium",NA,"frustulosum","","","Species","","",NA,NA,NA,"","","Dodge, C.W.","","3942","1925-07-10","1925","7","10",191,NA,"","Reliquiae Farlowianae, 1 - 1000, R. Thaxter ; D. Linder, exs #: 785","","on scale insects","",NA,"",NA,NA,NA,"",NA,NA,NA,"",NA,NA,NA,"Panama","Panama Canal Zone","","","Barro Colorado Island",NA,NA,NA,9.166667,-79.833333,"",462711,"","zhou628 (2017-01-10 08:56:46)","","georef batch tool 2017-01-10; GeoLocate","reviewed - high confidence","",NA,NA,NA,NA,NA,"",NA,NA,"harmona4","2020-04-25 09:10:39",NA,70,"urn:uuid:cff74147-b3ad-4255-8e2b-2f535c935c23","https://www.mycoportal.org/portal/collections/individual/index.php?occid=4826564"
"17",4924103,"CINC",NA,NA,"PreservedSpecimen","cfb4a74e-ea28-4ecc-85d0-f3941506d9b4","CINC-F-0003507","","Fungi|Basidiomycota|Pucciniomycotina|Pucciniomycetes|Pucciniales|Pucciniastraceae|Milesia","Fungi","Basidiomycota","Pucciniomycetes","Pucciniales","Pucciniastraceae","Milesia polypodophila",293976,"(H.P. Bell) Faull","Milesia",NA,"polypodophila","","","Species","","",NA,NA,NA,"","","Darker, G.D.","","1489","1925-07-08","1925","7","8",189,NA,"July 8, 1925","Reliquiae Farlowianae, 1 - 1000, R. Thaxter ; D. Linder, exs #: 733","","on Polypodium virginianum","",NA,"",NA,NA,NA,"",NA,NA,NA,"",NA,NA,NA,"Canada","Ontario","","","North of Long Portage to Gull Lake, Lake Temagami, Nipissing District",NA,NA,NA,50.999998,-89.977013,"",2639,"","lara2 (2016-09-27 11:33:24)","","georef batch tool 2016-09-27; GeoLocate","reviewed - high confidence","",NA,NA,NA,NA,NA,"",NA,NA,"harmona4","2020-04-25 10:08:22",NA,70,"urn:uuid:cfb4a74e-ea28-4ecc-85d0-f3941506d9b4","https://www.mycoportal.org/portal/collections/individual/index.php?occid=4924103"
"18",4924104,"CINC",NA,NA,"PreservedSpecimen","9bf29df4-4d24-4261-93f6-8bdae34f7054","CINC-F-0003508","","Fungi|Basidiomycota|Pucciniomycotina|Pucciniomycetes|Pucciniales|Pucciniastraceae|Milesia","Fungi","Basidiomycota","Pucciniomycetes","Pucciniales","Pucciniastraceae","Milesia polypodophila",293976,"(H.P. Bell) Faull","Milesia",NA,"polypodophila","","","Species","","",NA,NA,NA,"","","Darker, G.D.","","1540","1925-07-27","1925","7","27",208,NA,"July 27, 1925","Reliquiae Farlowianae, 1 - 1000, R. Thaxter ; D. Linder, exs #: 732","","on Abies balsamea","",NA,"",NA,NA,NA,"",NA,NA,NA,"",NA,NA,NA,"Canada","Ontario","","","Long Portage to Gull Lake, Lake Temagami, Nipissing District",NA,NA,NA,50.999998,-89.977013,"",2639,"","lara2 (2016-09-27 11:33:24)","","georef batch tool 2016-09-27; GeoLocate","reviewed - high confidence","",NA,NA,NA,NA,NA,"",NA,NA,"harmona4","2020-04-25 10:08:22",NA,70,"urn:uuid:9bf29df4-4d24-4261-93f6-8bdae34f7054","https://www.mycoportal.org/portal/collections/individual/index.php?occid=4924104"
"19",5023691,"CINC",NA,NA,"PreservedSpecimen","0e3f3f8a-de78-414a-bc1e-7e179c2270ab","CINC-F-0003968","","Fungi|Basidiomycota|Pucciniomycotina|Pucciniomycetes|Pucciniales|Raveneliaceae|Nyssopsora","Fungi","Basidiomycota","Pucciniomycetes","Pucciniales","Raveneliaceae","Nyssopsora clavellosa",307618,"(Berk.) Arthur","Nyssopsora",NA,"clavellosa","","","Species","","",NA,NA,NA,"","","Darker, G.D.","","1558","1925-08-14","1925","8","14",226,NA,"August 14, 1925","Reliquiae Farlowianae, 1 - 1000, R. Thaxter ; D. Linder, exs #: 736","","on Aralia nudicaulis","",NA,"",NA,NA,NA,"",NA,NA,NA,"",NA,NA,NA,"Canada","Ontario","Nipissing District","Lake Timagami","Bear Island, Lake Timagami, Nipissing District",NA,NA,NA,46.98288,-80.06794,"WGS84",1805,"","harmona4","","GeoLocate","reviewed - high confidence","",NA,NA,NA,NA,NA,"",NA,NA,"harmona4","2020-05-08 08:53:22",NA,70,"urn:uuid:0e3f3f8a-de78-414a-bc1e-7e179c2270ab","https://www.mycoportal.org/portal/collections/individual/index.php?occid=5023691"
"20",5105485,"CINC",NA,NA,"PreservedSpecimen","510bfd82-7fcd-412d-9bb4-6d19a68c995b","CINC-F-0004820","","Fungi|Basidiomycota|Agaricomycotina|Agaricomycetes|Agaricomycetidae|Polyporales|Meruliaceae|Steccherinum","Fungi","Basidiomycota","Agaricomycetes","Polyporales","Meruliaceae","Steccherinum fimbriatum",313276,"(Pers.) J. Erikss.","Steccherinum",NA,"fimbriatum","","","Species","","",NA,NA,NA,"","","Parks, H.E.","","2707","1925-04-07","1925","4","7",97,NA,"April 7, 1925","","","on Lithocarpus densiflorus","",NA,"",NA,NA,NA,"",NA,NA,NA,"",NA,NA,NA,"United States","California","Marin","Mill Valley","Mill Valley",NA,NA,NA,37.906037,-122.544976,"WGS84",3748,"","harmona4","","GeoLocate","reviewed - high confidence","",NA,NA,NA,NA,NA,"",NA,NA,"harmona4","2020-05-08 08:53:22",NA,70,"urn:uuid:510bfd82-7fcd-412d-9bb4-6d19a68c995b","https://www.mycoportal.org/portal/collections/individual/index.php?occid=5105485"
"21",5124625,"CINC",NA,NA,"PreservedSpecimen","f920cd58-680f-42b2-858c-932b3150bad0","CINC-F-0005290","","Fungi|Basidiomycota|Agaricomycotina|Agaricomycetes|Hymenochaetales|Hymenochaetaceae|Phellinus","Fungi","Basidiomycota","Agaricomycetes","Hymenochaetales","Hymenochaetaceae","Phellinus betulinus",312141,"(Murrill) Parmasto","Phellinus",NA,"betulinus","","","Species","","",NA,NA,NA,"","","Overholts, L.O.","","s.n.","1925-09-04","1925","9","4",247,NA,"September 4, 1925","","","on dead Betula sp.","",NA,"",NA,NA,NA,"",NA,NA,NA,"",NA,NA,NA,"United States","Pennsylvania","Potter","Summit Township","Summit Township, Potter County, Pennsylvania",NA,NA,NA,41.744921,-77.895814,"WGS84",46292,"","","","GeoLocate","","",NA,NA,NA,NA,NA,"",NA,NA,"reynolwd","2020-05-08 08:53:22",NA,70,"urn:uuid:f920cd58-680f-42b2-858c-932b3150bad0","https://www.mycoportal.org/portal/collections/individual/index.php?occid=5124625"
"22",5125020,"CINC",NA,NA,"PreservedSpecimen","4fb2d58a-2787-4a35-ba64-8a0299074cce","CINC-F-0005347","","Fungi|Basidiomycota|Agaricomycotina|Agaricomycetes|Agaricomycetidae|Polyporales|Polyporaceae|Trichaptum","Fungi","Basidiomycota","Agaricomycetes","Polyporales","Polyporaceae","Trichaptum biforme",190013,"(Fr.) Ryvarden","Trichaptum",NA,"biforme","","","Species","","",NA,NA,NA,"","","Weir, J.R.","","61102","1925-12-13","1925","12","13",347,NA,"December 13, 1925","Mycological Exchange of 1921, 1-947, F.W. Patterson, W.W. Diehl, and E.K. Cash, exs #: 61102","","on Platanus occidentalis","",NA,"",NA,NA,NA,"",NA,NA,NA,"",NA,NA,NA,"United States","Virginia","Arlington","Clarendon","Clarendon",NA,NA,NA,38.885945,-77.096923,"",441,"","","","","","",82,NA,NA,NA,NA,"",NA,NA,"harmona4","2020-04-25 10:24:51",NA,70,"urn:uuid:4fb2d58a-2787-4a35-ba64-8a0299074cce","https://www.mycoportal.org/portal/collections/individual/index.php?occid=5125020"
"23",5125206,"CINC",NA,NA,"PreservedSpecimen","3c473469-f0f0-4c0b-b99d-3071fddd3fb3","CINC-F-0005413","","Fungi|Basidiomycota|Agaricomycotina|Agaricomycetes|Agaricomycetidae|Polyporales|Phanerochaetaceae|Ceriporiopsis","Fungi","Basidiomycota","Agaricomycetes","Polyporales","Phanerochaetaceae","Ceriporiopsis mucida",134692,"(Pers.) Gilb. & Ryvarden","Ceriporiopsis",NA,"mucida","","","Species","","",NA,NA,NA,"","","Parks, H.E.","","s.n.","1925-05-17","1925","5","17",137,NA,"May 17, 1925","California Fungi. Berkeley, CA [Anonymous, Calif. Fungi], 1- ? 1425, Herbarium of the University of California., exs #: 239","","on decorticated Alnus rubra","",NA,"",NA,NA,NA,"",NA,NA,NA,"",NA,NA,NA,"United States","California","Alameda","Berkeley Hills","Berkeley Hills",NA,NA,NA,37.877728,-122.223842,"WGS84",1836,"","","","GeoLocate","","",NA,NA,NA,NA,NA,"",NA,NA,"reynolwd","2020-05-08 08:53:22",NA,70,"urn:uuid:3c473469-f0f0-4c0b-b99d-3071fddd3fb3","https://www.mycoportal.org/portal/collections/individual/index.php?occid=5125206"
"24",5140575,"CINC",NA,NA,"PreservedSpecimen","2074af38-bb00-471b-9392-64427b1beb89","CINC-F-0005731","","Fungi|Basidiomycota|Agaricomycotina|Agaricomycetes|Agaricomycetidae|Polyporales|Polyporaceae|Trichaptum","Fungi","Basidiomycota","Agaricomycetes","Polyporales","Polyporaceae","Trichaptum abietinum",190012,"(Dicks.) Ryvarden","Trichaptum",NA,"abietinum","","","Species","","",NA,NA,NA,"","","Parks, H.E.","","s.n.","1925-05-10","1925","5","10",130,NA,"May 10, 1925","California Fungi. Berkeley, CA [Anonymous, Calif. Fungi], 1- ? 1425, Herbarium of the University of California., exs #: 247","","on Douglas Fir","",NA,"",NA,NA,NA,"",NA,NA,NA,"",NA,NA,NA,"United States","California","Humboldt","Bull Creek Flat","Bull Creek Flat",NA,NA,NA,40.348973,-124.001153,"WGS84",4216,"","harmona4","","GeoLocate","reviewed - high confidence","",NA,NA,NA,NA,NA,"",NA,NA,"harmona4","2020-05-08 08:53:22",NA,70,"urn:uuid:2074af38-bb00-471b-9392-64427b1beb89","https://www.mycoportal.org/portal/collections/individual/index.php?occid=5140575"
"25",5167590,"CINC",NA,NA,"PreservedSpecimen","98d18fb3-a539-46f2-9e17-c799fc0c9286","CINC-F-0006330","","Fungi|Basidiomycota|Agaricomycotina|Agaricomycetes|Agaricomycetidae|Boletales|Boletaceae|Xerocomellus","Fungi","Basidiomycota","Agaricomycetes","Boletales","Boletaceae","Xerocomellus chrysenteron",563355,"(Bull.) ?utara","Xerocomellus",NA,"chrysenteron","","","Species","","",NA,NA,NA,"","","Parks, H.E.","","s.n.","1925-12-00","1925","12","00",NA,NA,"December, 1925","California Fungi. Berkeley, CA [Anonymous, Calif. Fungi], 1- ? 1425, Herbarium of the University of California., exs #: 251","","under Quercus agrifolia","Forming communities often in large numbers under oaks after the early rains. Variable, many distinct forms.",NA,"",NA,NA,NA,"",NA,NA,NA,"",NA,NA,NA,"United States","California","Alameda","Berkeley","Berkeley",NA,NA,NA,37.871593,-122.272747,"WGS84",5007,"","","","GeoLocate","","",NA,NA,NA,NA,NA,"",NA,NA,"harmona4","2020-05-08 08:53:22",NA,70,"urn:uuid:98d18fb3-a539-46f2-9e17-c799fc0c9286","https://www.mycoportal.org/portal/collections/individual/index.php?occid=5167590"
"26",7220470,"CINC",NA,NA,"PreservedSpecimen","d47f533a-a7ce-41ad-8f88-27adb4019a7b","CINC-F-0007654","","Fungi|Algae|Basidiomycota|Agaricomycotina|Agaricomycetes|Agaricomycetidae|Agaricales|Tubiferaceae|Agaricaceae|Lycoperdon","Algae","Basidiomycota","Agaricomycetes","Agaricales","Agaricaceae","Lycoperdon gemmatum",279007,"Batsch","Lycoperdon",NA,"gemmatum","","","Species","","",NA,NA,NA,"Lycoperdon gemmatum","","Parks, H.E.","","s.n.","1925-05-00","1925","5","00",NA,NA,"May, 1925","California Fungi. Berkeley, CA [Anonymous, Calif. Fungi], 1- ? 1425, Herbarium of the University of California., exs #: 253","","under redwood trees","",NA,"",NA,NA,NA,"",NA,NA,NA,"",NA,NA,NA,"United States","California","San Mateo","Kings Mountain","Kings Mountain",NA,0,NA,37.440773,-122.324414,"WGS84",1807,"","mfaszczewski (2017-11-25 10:21:54)","","georef batch tool 2017-11-25; GeoLocate","reviewed - high confidence","",NA,NA,NA,NA,NA,"",NA,NA,"harmona4","2020-04-06 14:48:52",NA,70,"urn:uuid:d47f533a-a7ce-41ad-8f88-27adb4019a7b","https://www.mycoportal.org/portal/collections/individual/index.php?occid=7220470"
