"","id","institutionCode","collectionCode","ownerInstitutionCode","basisOfRecord","occurrenceID","catalogNumber","otherCatalogNumbers","higherClassification","kingdom","phylum","class","order","family","scientificName","taxonID","scientificNameAuthorship","genus","subgenus","specificEpithet","verbatimTaxonRank","infraspecificEpithet","taxonRank","identifiedBy","dateIdentified","identificationReferences","identificationRemarks","taxonRemarks","identificationQualifier","typeStatus","recordedBy","associatedCollectors","recordNumber","eventDate","year","month","day","startDayOfYear","endDayOfYear","verbatimEventDate","occurrenceRemarks","habitat","substrate","verbatimAttributes","fieldNumber","informationWithheld","dataGeneralizations","dynamicProperties","associatedOccurrences","associatedTaxa","reproductiveCondition","establishmentMeans","cultivationStatus","lifeStage","sex","individualCount","preparations","country","stateProvince","county","municipality","locality","locationRemarks","localitySecurity","localitySecurityReason","decimalLatitude","decimalLongitude","geodeticDatum","coordinateUncertaintyInMeters","verbatimCoordinates","georeferencedBy","georeferenceProtocol","georeferenceSources","georeferenceVerificationStatus","georeferenceRemarks","minimumElevationInMeters","maximumElevationInMeters","minimumDepthInMeters","maximumDepthInMeters","verbatimDepth","verbatimElevation","disposition","language","recordEnteredBy","modified","sourcePrimaryKey.dbpk","collId","recordId","references"
"1",4389466,"CINC",NA,NA,"PreservedSpecimen","3c222552-0fc5-4f31-8da5-37e0355aa27e","CINC-F-0000825","","Fungi|Ascomycota|Pezizomycotina|Sordariomycetes|Xylariomycetidae|Xylariales|Xylariaceae|Hypoxylon","Fungi","Ascomycota","Sordariomycetes","Xylariales","Xylariaceae","Hypoxylon nummularium",249438,"Bull.","Hypoxylon",NA,"nummularium","","","Species","","",NA,NA,NA,"","","Sanders, P.J.","","161","1965-10-25","1965","10","25",298,NA,"October 25, 1965","","wooded hillside","dead maple","",NA,"",NA,NA,NA,"",NA,NA,NA,"",NA,NA,NA,"United States","Ohio","Hamilton","Cincinnati","Center Hill Life Science Field Station",NA,NA,NA,39.196066,-84.508607,"WGS84",325,"","harmona4 (2020-04-10 08:32:33)","","georef batch tool 2020-04-10","reviewed - high confidence","",NA,NA,NA,NA,NA,"",NA,NA,"harmona4","2020-05-08 08:53:22",NA,70,"urn:uuid:3c222552-0fc5-4f31-8da5-37e0355aa27e","https://www.mycoportal.org/portal/collections/individual/index.php?occid=4389466"
"2",4413282,"CINC",NA,NA,"PreservedSpecimen","e752e5f2-bcc3-406d-b143-77c1a99d31af","CINC-F-0001600","","Fungi|Ascomycota|Pezizomycotina|Pezizomycetes|Pezizomycetidae|Pezizales|Discinaceae","Fungi","Ascomycota","Pezizomycetes","Pezizales","Discinaceae","Gyromitra",14759,"Fr.","Gyromitra",NA,"","","","Genus","","",NA,NA,NA,"","","Sanders, P.J.","","208","1965-04-06","1965","4","6",96,NA,"April 6, 1965","","woods, near creek","log","",NA,"",NA,NA,NA,"",NA,NA,NA,"",NA,NA,NA,"United States","Ohio","Hamilton","Cincinnati","Center Hill Life Science Field Station",NA,NA,NA,39.196066,-84.508607,"WGS84",325,"","harmona4 (2020-04-10 08:32:33)","","georef batch tool 2020-04-10","reviewed - high confidence","",NA,NA,NA,NA,NA,"",NA,NA,"harmona4","2020-05-08 08:53:22",NA,70,"urn:uuid:e752e5f2-bcc3-406d-b143-77c1a99d31af","https://www.mycoportal.org/portal/collections/individual/index.php?occid=4413282"
"3",4453890,"CINC",NA,NA,"PreservedSpecimen","f5c27695-5e95-4bce-a5ff-647372be25eb","CINC-F-0001789","","Fungi|Ascomycota|Pezizomycotina|Pezizomycetes|Pezizomycetidae|Pezizales|Pezizaceae","Fungi","Ascomycota","Pezizomycetes","Pezizales","Pezizaceae","Peziza",16982,"Dill. ex Fr.","Peziza",NA,"","","","Genus","","",NA,NA,NA,"","","Heisel, N.","","207","1965-04-06","1965","4","6",96,NA,"April 6, 1965","","in woods near creek","on log","",NA,"",NA,NA,NA,"",NA,NA,NA,"",NA,NA,NA,"United States","Ohio","Hamilton","Cincinnati","Center Hill Life Science Field Station",NA,NA,NA,39.196066,-84.508607,"WGS84",325,"","harmona4 (2020-04-10 08:32:33)","","georef batch tool 2020-04-10","reviewed - high confidence","",NA,NA,NA,NA,NA,"",NA,NA,"harmona4","2020-05-08 08:53:22",NA,70,"urn:uuid:f5c27695-5e95-4bce-a5ff-647372be25eb","https://www.mycoportal.org/portal/collections/individual/index.php?occid=4453890"
"4",4453904,"CINC",NA,NA,"PreservedSpecimen","665f7e2b-a301-458c-a0c0-398d4a33ece9","CINC-F-0001793","","Fungi|Basidiomycota|Ascomycota|Pezizomycotina|Agaricomycotina|Pezizomycetes|Agaricomycetes|Pezizomycetidae|Agaricomycetidae|Pezizales|Agaricales|Pezizaceae|Agaricaceae|Peziza","Fungi","Ascomycota","Agaricomycetes","Agaricales","Pezizaceae","Peziza acetabulum",360104,"L.","Peziza",NA,"acetabulum","","","Species","","",NA,NA,NA,"","","Sanders, P.J.","","195","1965-02-27","1965","2","27",58,NA,"February 27, 1965","","wooded hillside","maple log","",NA,"",NA,NA,NA,"",NA,NA,NA,"",NA,NA,NA,"United States","Ohio","Hamilton","Cincinnati","Center Hill Life Science Field Station",NA,NA,NA,39.196066,-84.508607,"WGS84",325,"","harmona4 (2020-04-10 08:32:33)","","georef batch tool 2020-04-10","reviewed - high confidence","",NA,NA,NA,NA,NA,"",NA,NA,"harmona4","2020-05-08 08:53:22",NA,70,"urn:uuid:665f7e2b-a301-458c-a0c0-398d4a33ece9","https://www.mycoportal.org/portal/collections/individual/index.php?occid=4453904"
"5",5105525,"CINC",NA,NA,"PreservedSpecimen","e67f82bb-7e66-4f95-a67d-e777eb378403","CINC-F-0004847","","","","","","","Polyporaceae","Neofavolus alveolaris",644593,"(DC.) Sotome & T. Hatt.","Neofavolus",NA,"alveolaris","","","Species","","",NA,NA,NA,"","","Heisel, N.","","206","1965-04-13","1965","4","13",103,NA,"April 13, 1965","","near creek","on Elm log","",NA,"",NA,NA,NA,"",NA,NA,NA,"",NA,NA,NA,"United States","Ohio","Hamilton","Cincinnati","Center Hill Life Science Field Station",NA,NA,NA,39.196066,-84.508607,"WGS84",325,"","harmona4 (2020-04-10 08:32:33)","","georef batch tool 2020-04-10","reviewed - high confidence","",NA,NA,NA,NA,NA,"",NA,NA,"harmona4","2020-05-08 08:53:22",NA,70,"urn:uuid:e67f82bb-7e66-4f95-a67d-e777eb378403","https://www.mycoportal.org/portal/collections/individual/index.php?occid=5105525"
"6",5110078,"CINC",NA,NA,"PreservedSpecimen","33171e68-090e-42b1-9da4-a100274f08e1","CINC-F-0005084","","Fungi|Basidiomycota|Agaricomycotina|Agaricomycetes|Agaricomycetidae|Boletales|Suillaceae|Gyroporaceae|Suillus","Fungi","Basidiomycota","Agaricomycetes","Boletales","Suillaceae","Suillus cavipes",189620,"(Klotzsch) A.H. Sm. & Thiers","Suillus",NA,"cavipes","","","Species","","",NA,NA,NA,"","","Neiheisel, T.","","212","1965-04-24","1965","4","24",114,NA,"April 24, 1965","","wooded hillside","on small rotten log","",NA,"",NA,NA,NA,"",NA,NA,NA,"",NA,NA,NA,"United States","Ohio","Hamilton","Cincinnati","Center Hill Life Science Field Station",NA,NA,NA,39.196066,-84.508607,"WGS84",325,"","harmona4 (2020-04-10 08:32:33)","","georef batch tool 2020-04-10","reviewed - high confidence","",NA,NA,NA,NA,NA,"",NA,NA,"harmona4","2020-05-08 08:53:22",NA,70,"urn:uuid:33171e68-090e-42b1-9da4-a100274f08e1","https://www.mycoportal.org/portal/collections/individual/index.php?occid=5110078"
"7",5132896,"CINC",NA,NA,"PreservedSpecimen","8a4bb64d-5cc6-4d87-a66e-d05927a4b15f","CINC-F-0005509","","","","","","","Polyporaceae","Trametes coccinea",656550,"(Fr.) Hai J. Li & S.H. He","Trametes",NA,"coccinea","","","Species","","",NA,NA,NA,"","","Sanders, P.J.","","201","1965-04-07","1965","4","7",97,NA,"April 7, 1965","","near top of hill on eastern slope","on small maple log","",NA,"",NA,NA,NA,"",NA,NA,NA,"",NA,NA,NA,"United States","Ohio","Hamilton","Cincinnati","Center Hill Life Science Field Station",NA,NA,NA,39.196066,-84.508607,"WGS84",325,"","harmona4 (2020-04-10 08:32:33)","","georef batch tool 2020-04-10","reviewed - high confidence","",NA,NA,NA,NA,NA,"",NA,NA,"harmona4","2020-05-08 08:53:22",NA,70,"urn:uuid:8a4bb64d-5cc6-4d87-a66e-d05927a4b15f","https://www.mycoportal.org/portal/collections/individual/index.php?occid=5132896"
"8",5180062,"CINC",NA,NA,"PreservedSpecimen","ab114d8b-e1a7-4fc5-ba71-fd60e165ed6a","CINC-F-0006604","","Fungi|Basidiomycota|Agaricomycotina|Agaricomycetes|Agaricomycetidae|Agaricales|Physalacriaceae|Flammulina","Fungi","Basidiomycota","Agaricomycetes","Agaricales","Physalacriaceae","Flammulina velutipes",183451,"(Curtis) Singer","Flammulina",NA,"velutipes","","","Species","","",NA,NA,NA,"","","Sanders, P.J.","","202","1965-04-07","1965","4","7",97,NA,"April 7, 1965","","near bottom of small ravine","in cluster on small stump","",NA,"",NA,NA,NA,"",NA,NA,NA,"",NA,NA,NA,"United States","Ohio","Hamilton","Cincinnati","Center Hill Life Science Field Station",NA,NA,NA,39.196066,-84.508607,"WGS84",325,"","harmona4 (2020-04-10 08:32:33)","","georef batch tool 2020-04-10","reviewed - high confidence","",NA,NA,NA,NA,NA,"",NA,NA,"harmona4","2020-05-08 08:53:22",NA,70,"urn:uuid:ab114d8b-e1a7-4fc5-ba71-fd60e165ed6a","https://www.mycoportal.org/portal/collections/individual/index.php?occid=5180062"
"9",5624104,"CINC",NA,NA,"PreservedSpecimen","49220abf-6e60-4552-80d8-bd706ec2d369","CINC-F-0007126","","Fungi|Basidiomycota|Agaricomycotina|Agaricomycetes|Agaricomycetidae|Agaricales|Pleurotaceae|Pleurotus","Fungi","Basidiomycota","Agaricomycetes","Agaricales","Pleurotaceae","Pleurotus ostreatus",187655,"(Jacq.) P. Kumm.","Pleurotus",NA,"ostreatus","","","Species","","",NA,NA,NA,"","","Sanders, P.J.","","188","1965-01-03","1965","1","3",3,NA,"January 3, 1965","","in woods, at bottom of ravine","on beech log","",NA,"",NA,NA,NA,"",NA,NA,NA,"",NA,NA,NA,"United States","Ohio","Hamilton","Cincinnati","Center Hill Life Science Field Station",NA,NA,NA,39.196066,-84.508607,"WGS84",325,"","harmona4 (2020-04-10 08:32:33)","","georef batch tool 2020-04-10","reviewed - high confidence","",NA,NA,NA,NA,NA,"",NA,NA,"harmona4","2020-05-08 08:53:22",NA,70,"urn:uuid:49220abf-6e60-4552-80d8-bd706ec2d369","https://www.mycoportal.org/portal/collections/individual/index.php?occid=5624104"
