"","id","institutionCode","collectionCode","ownerInstitutionCode","basisOfRecord","occurrenceID","catalogNumber","otherCatalogNumbers","higherClassification","kingdom","phylum","class","order","family","scientificName","taxonID","scientificNameAuthorship","genus","subgenus","specificEpithet","verbatimTaxonRank","infraspecificEpithet","taxonRank","identifiedBy","dateIdentified","identificationReferences","identificationRemarks","taxonRemarks","identificationQualifier","typeStatus","recordedBy","associatedCollectors","recordNumber","eventDate","year","month","day","startDayOfYear","endDayOfYear","verbatimEventDate","occurrenceRemarks","habitat","substrate","verbatimAttributes","fieldNumber","informationWithheld","dataGeneralizations","dynamicProperties","associatedOccurrences","associatedTaxa","reproductiveCondition","establishmentMeans","cultivationStatus","lifeStage","sex","individualCount","preparations","country","stateProvince","county","municipality","locality","locationRemarks","localitySecurity","localitySecurityReason","decimalLatitude","decimalLongitude","geodeticDatum","coordinateUncertaintyInMeters","verbatimCoordinates","georeferencedBy","georeferenceProtocol","georeferenceSources","georeferenceVerificationStatus","georeferenceRemarks","minimumElevationInMeters","maximumElevationInMeters","minimumDepthInMeters","maximumDepthInMeters","verbatimDepth","verbatimElevation","disposition","language","recordEnteredBy","modified","sourcePrimaryKey.dbpk","collId","recordId","references"
"1",4906550,"CINC",NA,NA,"PreservedSpecimen","b2586a43-7a4e-4a9d-92fc-b0d96884b8d3","CINC-F-0003138","","Fungi|Basidiomycota|Agaricomycotina|Agaricomycetes|Russulales|Stereaceae|Stereum","Fungi","Basidiomycota","Agaricomycetes","Russulales","Stereaceae","Stereum fuscum",434813,"(Schrad.) P. Karst.","Stereum",NA,"fuscum","","","Species","","",NA,NA,NA,"","","s.n.","","s.n.","1961-11-00","1961","11","00",NA,NA,"November, 1961","","","log","",NA,"",NA,NA,NA,"",NA,NA,NA,"",NA,NA,NA,"United States","Ohio","Butler","","Hueston Woods State Park",NA,NA,NA,39.575698,-84.744973,"WGS84",3385,"","harmona4","","GeoLocate","","",NA,NA,NA,NA,NA,"",NA,NA,"harmona4","2020-05-08 08:53:22",NA,70,"urn:uuid:b2586a43-7a4e-4a9d-92fc-b0d96884b8d3","https://www.mycoportal.org/portal/collections/individual/index.php?occid=4906550"
"2",5109793,"CINC",NA,NA,"PreservedSpecimen","7df5fc47-154b-4c23-840f-9c251687c8fb","CINC-F-0004971","","Fungi|Basidiomycota|Agaricomycotina|Agaricomycetes|Cantharellales|Hydnaceae|Hydnum","Fungi","Basidiomycota","Agaricomycetes","Cantharellales","Hydnaceae","Hydnum repandum",184213,"L.","Hydnum",NA,"repandum","","","Species","","",NA,NA,NA,"","","s.n.","","s.n.","1961-10-00","1961","10","00",NA,NA,"October, 1961","","","","",NA,"",NA,NA,NA,"",NA,NA,NA,"",NA,NA,NA,"United States","Kentucky","Powell","Natural Bridge","Natural Bridge",NA,NA,NA,37.772584,-83.684358,"",301,"","harmona4 (2019-12-16 09:23:40)","","georef batch tool 2019-12-16; GeoLocate","reviewed - high confidence","",NA,NA,NA,NA,NA,"",NA,NA,"harmona4","2020-05-08 08:53:22",NA,70,"urn:uuid:7df5fc47-154b-4c23-840f-9c251687c8fb","https://www.mycoportal.org/portal/collections/individual/index.php?occid=5109793"
"3",5109828,"CINC",NA,NA,"PreservedSpecimen","f2379b4f-06f5-438b-b7ae-bc3cc585d82c","CINC-F-0004986","","Fungi|Basidiomycota|Agaricomycotina|Agaricomycetes|Cantharellales|Hydnaceae","Fungi","Basidiomycota","Agaricomycetes","Cantharellales","Hydnaceae","Hydnum",8881,"L.","Hydnum",NA,"","","","Genus","","",NA,NA,NA,"","","Bacon","Hoffmann","s.n.","1961-10-00","1961","10","00",NA,NA,"October, 1961","","","on trunk of living tree","",NA,"",NA,NA,NA,"",NA,NA,NA,"",NA,NA,NA,"United States","Kentucky","Menifee","Menifee","Menifee",NA,NA,NA,37.9333,-83.6,"WGS84",301,"","","","GeoLocate","","",NA,NA,NA,NA,NA,"",NA,NA,"harmona4","2020-05-08 08:53:22",NA,70,"urn:uuid:f2379b4f-06f5-438b-b7ae-bc3cc585d82c","https://www.mycoportal.org/portal/collections/individual/index.php?occid=5109828"
"4",5121833,"CINC",NA,NA,"PreservedSpecimen","12a1793c-dfc7-4481-8105-a71ecc77fc94","CINC-F-0005259","","Fungi|Basidiomycota|Agaricomycotina|Agaricomycetes|Agaricomycetidae|Polyporales|Polyporaceae|Trametes","Fungi","Basidiomycota","Agaricomycetes","Polyporales","Polyporaceae","Trametes pubescens",189948,"(Schumach.) Pil�t","Trametes",NA,"pubescens","","","Species","","",NA,NA,NA,"","","Bacon","Hoffmann","s.n.","1961-00-00","1961","00","00",NA,NA,"Fall, 1961","","","","",NA,"",NA,NA,NA,"",NA,NA,NA,"",NA,NA,NA,"United States","Ohio","Butler","","Hueston Woods",NA,NA,NA,39.5667,-84.75,"WGS84",2996,"","","","GeoLocate","","",NA,NA,NA,NA,NA,"",NA,NA,"harmona4","2020-05-08 08:53:22",NA,70,"urn:uuid:12a1793c-dfc7-4481-8105-a71ecc77fc94","https://www.mycoportal.org/portal/collections/individual/index.php?occid=5121833"
"5",5154086,"CINC",NA,NA,"PreservedSpecimen","92a423cf-6021-49ba-94a6-13f32ab79b97","CINC-F-0006065","","Fungi|Basidiomycota|Agaricomycotina|Agaricomycetes|Agaricomycetidae|Polyporales|Polyporaceae|Trametes","Fungi","Basidiomycota","Agaricomycetes","Polyporales","Polyporaceae","Trametes robiniophila",441229,"Murrill","Trametes",NA,"robiniophila","","","Species","","",NA,NA,NA,"","","Hinson, D.L.","","s.n.","1961-10-01","1961","10","1",274,NA,"October 1, 1961","","","on west side of Prunus serrotina","",NA,"",NA,NA,NA,"",NA,NA,NA,"",NA,NA,NA,"United States","Ohio","Hamilton","Cincinnati","Burnett Woods",NA,NA,NA,39.13867,-84.517165,"",590,"","harmona4 (2020-04-17 06:10:33)","","georef batch tool 2020-04-17; GeoLocate","reviewed - high confidence","",NA,NA,NA,NA,NA,"",NA,NA,"harmona4","2020-04-25 09:54:14",NA,70,"urn:uuid:92a423cf-6021-49ba-94a6-13f32ab79b97","https://www.mycoportal.org/portal/collections/individual/index.php?occid=5154086"
