"","id","institutionCode","collectionCode","ownerInstitutionCode","basisOfRecord","occurrenceID","catalogNumber","otherCatalogNumbers","higherClassification","kingdom","phylum","class","order","family","scientificName","taxonID","scientificNameAuthorship","genus","subgenus","specificEpithet","verbatimTaxonRank","infraspecificEpithet","taxonRank","identifiedBy","dateIdentified","identificationReferences","identificationRemarks","taxonRemarks","identificationQualifier","typeStatus","recordedBy","associatedCollectors","recordNumber","eventDate","year","month","day","startDayOfYear","endDayOfYear","verbatimEventDate","occurrenceRemarks","habitat","substrate","verbatimAttributes","fieldNumber","informationWithheld","dataGeneralizations","dynamicProperties","associatedOccurrences","associatedTaxa","reproductiveCondition","establishmentMeans","cultivationStatus","lifeStage","sex","individualCount","preparations","country","stateProvince","county","municipality","locality","locationRemarks","localitySecurity","localitySecurityReason","decimalLatitude","decimalLongitude","geodeticDatum","coordinateUncertaintyInMeters","verbatimCoordinates","georeferencedBy","georeferenceProtocol","georeferenceSources","georeferenceVerificationStatus","georeferenceRemarks","minimumElevationInMeters","maximumElevationInMeters","minimumDepthInMeters","maximumDepthInMeters","verbatimDepth","verbatimElevation","disposition","language","recordEnteredBy","modified","sourcePrimaryKey.dbpk","collId","recordId","references"
"1",4389505,"CINC",NA,NA,"PreservedSpecimen","f64da6d4-401a-4696-a41b-33e0e36213e0","CINC-F-0000836","","Fungi|Ascomycota|Pezizomycotina|Sordariomycetes|Xylariomycetidae|Xylariales|Xylariaceae|Hypoxylon","Fungi","Ascomycota","Sordariomycetes","Xylariales","Xylariaceae","Hypoxylon turbinatum",249682,"Berk.","Hypoxylon",NA,"turbinatum","","","Species","","",NA,NA,NA,"","","Williams, R.S.","","s.n.","1905-04-00","1905","4","00",NA,NA,"April, 1905","","","","",NA,"",NA,NA,NA,"",NA,NA,NA,"",NA,NA,NA,"Philippines","Mindanao","","Jodaya","Mt. Apo, southeast Mindanao",NA,NA,NA,6.989444,125.269722,"WGS84",301,"","harmona4","","GeoLocate","","",1219,NA,NA,NA,NA,"4000ft.",NA,NA,"harmona4","2020-05-08 08:53:22",NA,70,"urn:uuid:f64da6d4-401a-4696-a41b-33e0e36213e0","https://www.mycoportal.org/portal/collections/individual/index.php?occid=4389505"
"2",4402605,"CINC",NA,NA,"PreservedSpecimen","eb024758-4420-4586-b8ec-6b9d322f0f86","CINC-F-0001317","","Fungi|Ascomycota|Pezizomycotina|Dothideomycetes|Dothideomycetidae|Capnodiales|Mycosphaerellaceae|Mycosphaerella","Fungi","Ascomycota","Dothideomycetes","Capnodiales","Mycosphaerellaceae","Mycosphaerella filicum",186056,"(Desm.) Starb�ck","Mycosphaerella",NA,"filicum","","","Species","","",NA,NA,NA,"","","Lind., J.","","s.n.","1905-09-16","1905","9","16",259,NA,"September 16, 1905","Micromycetes Rariores Selecti, 1-1800, plus extras, J.T.C. Vestergren, exs #: 1080","","on Aspidii spinulosa","",NA,"",NA,NA,NA,"",NA,NA,NA,"",NA,NA,NA,"Denmark","Jutland","","Viborg","Viborg",NA,NA,NA,56.45282,9.404291,"WGS84",917,"","harmona4","","GeoLocate","","",NA,NA,NA,NA,NA,"",NA,NA,"harmona4","2020-05-08 08:53:22",NA,70,"urn:uuid:eb024758-4420-4586-b8ec-6b9d322f0f86","https://www.mycoportal.org/portal/collections/individual/index.php?occid=4402605"
"3",4798001,"CINC",NA,NA,"PreservedSpecimen","9f3e213a-3019-4b9c-a3c5-51d1033f08a2","CINC-F-0002368","","Fungi|Basidiomycota|Pucciniomycotina|Pucciniomycetes|Pucciniales|Pucciniaceae|Puccinia","Fungi","Basidiomycota","Pucciniomycetes","Pucciniales","Pucciniaceae","Puccinia araucana",397254,"Dietel & Neger","Puccinia",NA,"araucana","","","Species","","",NA,NA,NA,"","","Thaxter, R.","","5123","1905-10-00","1905","10","00",NA,NA,"October, 1905","Reliquiae Farlowianae, 1 - 1000, R. Thaxter ; D. Linder, exs #: 746","","on Solanum tomatillo","",NA,"",NA,NA,NA,"",NA,NA,NA,"",NA,NA,NA,"Chile","","","","Ba�os de Apoquindo",NA,NA,NA,-33.416667,-70.533333,"WGS84",301,"","harmona4","","GeoLocate","","",NA,NA,NA,NA,NA,"",NA,NA,"harmona4","2020-05-08 08:53:22",NA,70,"urn:uuid:9f3e213a-3019-4b9c-a3c5-51d1033f08a2","https://www.mycoportal.org/portal/collections/individual/index.php?occid=4798001"
"4",4798130,"CINC",NA,NA,"PreservedSpecimen","ecbcd999-9066-4c38-b8e4-91a7cac33c79","CINC-F-0002410","","Fungi|Basidiomycota|Pucciniomycotina|Pucciniomycetes|Pucciniales|Pucciniaceae|Puccinia","Fungi","Basidiomycota","Pucciniomycetes","Pucciniales","Pucciniaceae","Puccinia benkei",397461,"Kusano","Puccinia",NA,"benkei","","","Species","","",NA,NA,NA,"","","Kusano, S.","","s.n.","1905-08-06","1905","8","6",218,NA,"August 6, 1905","Micromycetes Rariores Selecti, 1-1800, plus extras, J.T.C. Vestergren, exs #: 1568","","on Sedi telephii var. purpurea","",NA,"",NA,NA,NA,"",NA,NA,NA,"",NA,NA,NA,"Japan","Kant?","Tochigi","Nikk?","Nikk?",NA,NA,NA,36.818839,139.581179,"WGS84",301,"","harmona4","","GeoLocate","","",NA,NA,NA,NA,NA,"",NA,NA,"harmona4","2020-05-08 08:53:22",NA,70,"urn:uuid:ecbcd999-9066-4c38-b8e4-91a7cac33c79","https://www.mycoportal.org/portal/collections/individual/index.php?occid=4798130"
"5",4825085,"CINC",NA,NA,"PreservedSpecimen","a8e7e857-ea1c-4469-9d54-162c59e5ac81","CINC-F-0002615","","Fungi|Basidiomycota|Pucciniomycotina|Pucciniomycetes|Pucciniales|Pucciniaceae|Puccinia","Fungi","Basidiomycota","Pucciniomycetes","Pucciniales","Pucciniaceae","Puccinia dichondrae",188279,"Mont.","Puccinia",NA,"dichondrae","","","Species","","",NA,NA,NA,"","","Thaxter, R.","","5132","1905-10-10","1905","10","10",283,NA,"October 10, 1905","Reliquiae Farlowianae, 1 - 1000, R. Thaxter ; D. Linder, exs #: 752","","on Dichondra sp.","",NA,"",NA,NA,NA,"",NA,NA,NA,"",NA,NA,NA,"Argentina","Buenos Aires","","La Plata","La Plata",NA,NA,NA,-34.921454,-57.954533,"",15000,"","bdowns (2016-06-28 12:41:27)","","georef batch tool 2016-06-28; GeoLocate","reviewed - high confidence","",NA,NA,NA,NA,NA,"",NA,NA,"harmona4","2020-05-08 08:53:22",NA,70,"urn:uuid:a8e7e857-ea1c-4469-9d54-162c59e5ac81","https://www.mycoportal.org/portal/collections/individual/index.php?occid=4825085"
