"","id","institutionCode","collectionCode","ownerInstitutionCode","basisOfRecord","occurrenceID","catalogNumber","otherCatalogNumbers","higherClassification","kingdom","phylum","class","order","family","scientificName","taxonID","scientificNameAuthorship","genus","subgenus","specificEpithet","verbatimTaxonRank","infraspecificEpithet","taxonRank","identifiedBy","dateIdentified","identificationReferences","identificationRemarks","taxonRemarks","identificationQualifier","typeStatus","recordedBy","associatedCollectors","recordNumber","eventDate","year","month","day","startDayOfYear","endDayOfYear","verbatimEventDate","occurrenceRemarks","habitat","substrate","verbatimAttributes","fieldNumber","informationWithheld","dataGeneralizations","dynamicProperties","associatedOccurrences","associatedTaxa","reproductiveCondition","establishmentMeans","cultivationStatus","lifeStage","sex","individualCount","preparations","country","stateProvince","county","municipality","locality","locationRemarks","localitySecurity","localitySecurityReason","decimalLatitude","decimalLongitude","geodeticDatum","coordinateUncertaintyInMeters","verbatimCoordinates","georeferencedBy","georeferenceProtocol","georeferenceSources","georeferenceVerificationStatus","georeferenceRemarks","minimumElevationInMeters","maximumElevationInMeters","minimumDepthInMeters","maximumDepthInMeters","verbatimDepth","verbatimElevation","disposition","language","recordEnteredBy","modified","sourcePrimaryKey.dbpk","collId","recordId","references"
"1",4364571,"CINC",NA,NA,"PreservedSpecimen","42fd8ebf-c74d-4103-bd6d-3e2ca9155961","CINC-F-0000516","","","","","","","Albuginaceae","Cystopus candidus",633970,"(Pers.) L�v.","Cystopus",NA,"candidus","","","Species","","",NA,NA,NA,"","","Kelsey, F.D.","","216","1889-06-12","1889","6","12",163,NA,"June 12, 1889","From the herbarium of Curtis Gates Lloyd","","on Sisymbrium incisum","",NA,"",NA,NA,NA,"",NA,NA,NA,"",NA,NA,NA,"United States","Montana","Lewis and Clark","Helena","Helena",NA,NA,NA,46.592712,-112.036109,"WGS84",6121,"","harmona4","","GeoLocate","","",NA,NA,NA,NA,NA,"",NA,NA,"harmona4","2020-05-08 08:53:22",NA,70,"urn:uuid:42fd8ebf-c74d-4103-bd6d-3e2ca9155961","https://www.mycoportal.org/portal/collections/individual/index.php?occid=4364571"
"2",4390224,"CINC",NA,NA,"PreservedSpecimen","e069a80e-0b5d-452f-903f-a6399802ebc4","CINC-F-0000942","","Fungi|Ascomycota|Pezizomycotina|Leotiomycetes|Leotiomycetidae|Erysiphales|Erysiphaceae|Erysiphe","Fungi","Ascomycota","Leotiomycetes","Erysiphales","Erysiphaceae","Erysiphe graminis",216884,"DC.","Erysiphe",NA,"graminis","","","Species","","",NA,NA,NA,"","","Kellerman, W.A.","","2532","1889-05-07","1889","5","7",127,NA,"May 7, 1889","From the herbarium of Curtis Gates Lloyd","","Early stage of perithecia on Triticum vulgaris","",NA,"",NA,NA,NA,"",NA,NA,NA,"",NA,NA,NA,"United States","Kansas","Riley","Manhattan","Manhattan",NA,NA,NA,39.183608,-96.571669,"WGS84",6104,"","harmona4","","GeoLocate","","",NA,NA,NA,NA,NA,"",NA,NA,"harmona4","2020-05-08 08:53:22",NA,70,"urn:uuid:e069a80e-0b5d-452f-903f-a6399802ebc4","https://www.mycoportal.org/portal/collections/individual/index.php?occid=4390224"
"3",4390319,"CINC",NA,NA,"PreservedSpecimen","29ea016a-e024-474b-b4bc-0054042c112d","CINC-F-0000960","","Fungi|Ascomycota|Pezizomycotina|Leotiomycetes|Leotiomycetidae|Erysiphales|Erysiphaceae|Erysiphe","Fungi","Ascomycota","Leotiomycetes","Erysiphales","Erysiphaceae","Erysiphe cichoracearum",497175,"DC.","Erysiphe",NA,"cichoracearum","","","Species","","",NA,NA,NA,"","","Kelsey, F.D.","","261","1889-07-00","1889","7","00",NA,NA,"July, 1889","From the herbarium of Curtis Gates Lloyd","","on Echinospermum redowskii","",NA,"",NA,NA,NA,"",NA,NA,NA,"",NA,NA,NA,"United States","Montana","Lewis And Clark","Helena","Helena",NA,NA,NA,46.592712,-112.036109,"",6121,"","harmona4 (2019-12-20 10:57:03)","","georef batch tool 2019-12-20; GeoLocate","reviewed - high confidence","",NA,NA,NA,NA,NA,"",NA,NA,"harmona4","2020-05-08 08:53:22",NA,70,"urn:uuid:29ea016a-e024-474b-b4bc-0054042c112d","https://www.mycoportal.org/portal/collections/individual/index.php?occid=4390319"
"4",4390321,"CINC",NA,NA,"PreservedSpecimen","2e7ba851-62ef-44fa-872e-0d3ce258fb91","CINC-F-0000961","","Fungi|Ascomycota|Pezizomycotina|Leotiomycetes|Leotiomycetidae|Erysiphales|Erysiphaceae|Erysiphe","Fungi","Ascomycota","Leotiomycetes","Erysiphales","Erysiphaceae","Erysiphe cichoracearum",497175,"DC.","Erysiphe",NA,"cichoracearum","","","Species","","",NA,NA,NA,"","","Kelsey, F.D.","","254","1889-07-08","1889","7","8",189,NA,"July 8, 1889","From the herbarium of Curtis Gates Lloyd","","on Phacelia menziesii","",NA,"",NA,NA,NA,"",NA,NA,NA,"",NA,NA,NA,"United States","Montana","Lewis And Clark","Silver City","Silver City",NA,NA,NA,46.755493,-112.16973,"WGS84",3036,"","harmona4","","GeoLocate","","",NA,NA,NA,NA,NA,"",NA,NA,"harmona4","2020-05-08 08:53:22",NA,70,"urn:uuid:2e7ba851-62ef-44fa-872e-0d3ce258fb91","https://www.mycoportal.org/portal/collections/individual/index.php?occid=4390321"
"5",4440915,"CINC",NA,NA,"PreservedSpecimen","8b449ab6-8731-4b12-ba6e-d64e486222b0","CINC-F-0001720","","Fungi|Basidiomycota|Pucciniomycotina|Pucciniomycetes|Pucciniales|Caeoma","Fungi","Basidiomycota","Pucciniomycetes","Pucciniales","Phragmidiaceae","Caeoma nitens",121341,"(Schwein.) F.C. Newc.","Caeoma",NA,"nitens","","","Species","","",NA,NA,NA,"","","Wright, A.A.","","s.n.","1889-06-08","1889","6","8",159,NA,"June 8, 1889","From the herbarium of Curtis Gates Lloyd","","on Rubus villosus","",NA,"",NA,NA,NA,"",NA,NA,NA,"",NA,NA,NA,"United States","Ohio","Lorain","Elyria","Elyria",NA,NA,NA,41.36838,-82.107649,"WGS84",6704,"","harmona4","","GeoLocate","","",NA,NA,NA,NA,NA,"",NA,NA,"harmona4","2020-05-08 08:53:22",NA,70,"urn:uuid:8b449ab6-8731-4b12-ba6e-d64e486222b0","https://www.mycoportal.org/portal/collections/individual/index.php?occid=4440915"
"6",4440923,"CINC",NA,NA,"PreservedSpecimen","38693cf3-b657-4cc8-b9f6-f2ea7834764b","CINC-F-0001713","","Fungi|Basidiomycota|Pucciniomycotina|Pucciniomycetes|Pucciniales|Aecidium","Fungi","Basidiomycota","Pucciniomycetes","Pucciniales","Pucciniaceae","Aecidium violae",619810,"Alb. & Schwein.","Aecidium",NA,"violae","","","Species","","",NA,NA,NA,"","","Kelsey, F.D.","Alderson","238","1889-06-00","1889","6","00",NA,NA,"June, 1889","From the herbarium of Curtis Gates Lloyd","","on Viola canadensis","",NA,"",NA,NA,NA,"",NA,NA,NA,"",NA,NA,NA,"United States","Montana","Gallatin","Bozeman","Bozeman",NA,NA,NA,45.68743,-111.02578,"WGS84",6238,"","harmona4","","GeoLocate","","",NA,NA,NA,NA,NA,"",NA,NA,"harmona4","2020-05-08 08:53:22",NA,70,"urn:uuid:38693cf3-b657-4cc8-b9f6-f2ea7834764b","https://www.mycoportal.org/portal/collections/individual/index.php?occid=4440923"
"7",4440926,"CINC",NA,NA,"PreservedSpecimen","4ebc5330-007f-48ef-81b9-4abfc62eb3f9","CINC-F-0001710","","Fungi|Basidiomycota|Pucciniomycotina|Pucciniomycetes|Pucciniales|Aecidium","Fungi","Basidiomycota","Pucciniomycetes","Pucciniales","Pucciniaceae","Aecidium thalictri",87199,"Grev.","Aecidium",NA,"thalictri","","","Species","","",NA,NA,NA,"","","Kelsey, F.D.","","240","1889-06-21","1889","6","21",172,NA,"June 21, 1889","From the herbarium of Curtis Gates Lloyd","","on Thuja occidentalis","",NA,"",NA,NA,NA,"",NA,NA,NA,"",NA,NA,NA,"United States","Montana","Lewis And Clark","Helena","Helena",NA,NA,NA,46.592712,-112.036109,"WGS84",6121,"","harmona4","","GeoLocate","","",NA,NA,NA,NA,NA,"",NA,NA,"harmona4","2020-05-08 08:53:22",NA,70,"urn:uuid:4ebc5330-007f-48ef-81b9-4abfc62eb3f9","https://www.mycoportal.org/portal/collections/individual/index.php?occid=4440926"
"8",4440929,"CINC",NA,NA,"PreservedSpecimen","56bae2d5-1995-43cf-813e-3d8404114cbd","CINC-F-0001707","","Fungi|Basidiomycota|Pucciniomycotina|Pucciniomycetes|Pucciniales|Aecidium","Fungi","Basidiomycota","Pucciniomycetes","Pucciniales","Pucciniaceae","Aecidium ranunculi",619786,"Schwein.","Aecidium",NA,"ranunculi","","","Species","","",NA,NA,NA,"","","Kelsey, F.D.","","214","1889-06-03","1889","6","3",154,NA,"June 3, 1889","From the herbarium of Curtis Gates Lloyd","","on Ranunculus cymbalaria","",NA,"",NA,NA,NA,"",NA,NA,NA,"",NA,NA,NA,"United States","Montana","Lewis And Clark","Helena","Helena",NA,NA,NA,46.592712,-112.036109,"WGS84",6121,"","harmona4","","GeoLocate","","",NA,NA,NA,NA,NA,"",NA,NA,"harmona4","2020-05-08 08:53:22",NA,70,"urn:uuid:56bae2d5-1995-43cf-813e-3d8404114cbd","https://www.mycoportal.org/portal/collections/individual/index.php?occid=4440929"
"9",4703134,"CINC",NA,NA,"PreservedSpecimen","2e84959b-aa69-45fb-af92-d5272e9b770a","CINC-F-0001948","","Fungi|Basidiomycota|Pucciniomycotina|Pucciniomycetes|Pucciniales|Pucciniaceae|Puccinia","Fungi","Basidiomycota","Pucciniomycetes","Pucciniales","Pucciniaceae","Puccinia schedonnardi",400129,"Kellerm. & Swingle","Puccinia",NA,"schedonnardi","","","Species","","",NA,NA,NA,"","","Kellerman, W.A.","","s.n.","1889-03-20","1889","3","20",79,NA,"March 20, 1889","From the herbarium of Curtis Gates Lloyd; Kansas Fungi [Kellerman & Swingle], 1-50, plus extras, W.A. Kellerman and W.T. Swingle, exs #: 16","","on leaves and sheaths of Schedonnardus texanus","",NA,"",NA,NA,NA,"",NA,NA,NA,"",NA,NA,NA,"United States","Kansas","Riley","Manhattan","Manhattan",NA,NA,NA,39.183608,-96.571669,"",6104,"","harmona4 (2019-12-20 10:45:40)","","georef batch tool 2019-12-20; GeoLocate","reviewed - high confidence","",NA,NA,NA,NA,NA,"",NA,NA,"harmona4","2020-05-08 08:53:22",NA,70,"urn:uuid:2e84959b-aa69-45fb-af92-d5272e9b770a","https://www.mycoportal.org/portal/collections/individual/index.php?occid=4703134"
"10",4790644,"CINC",NA,NA,"PreservedSpecimen","bf2f14d1-df4e-47db-a5b0-107a6e595eff","CINC-F-0002305","","Fungi|Basidiomycota|Pucciniomycotina|Pucciniomycetes|Pucciniales|Pucciniaceae|Puccinia","Fungi","Basidiomycota","Pucciniomycetes","Pucciniales","Pucciniaceae","Puccinia pruni-spinosae",399908,"Pers.","Puccinia",NA,"pruni-spinosae","","","Species","","",NA,NA,NA,"","","s.n.","","s.n.","1889-09-19","1889","9","19",262,NA,"September 19, 1889","From the herbarium of Curtis Gates Lloyd; Kansas Fungi [Kellerman & Swingle], 1-50, plus extras, W.A. Kellerman and W.T. Swingle, exs #: 2001","","on leaves of cultivated plum (Prunus sp.)","",NA,"",NA,NA,NA,"",NA,NA,NA,"",NA,NA,NA,"United States","Kansas","Riley","Manhattan","Manhattan",NA,NA,NA,39.183608,-96.571669,"WGS84",6104,"","harmona4","","GeoLocate","","",NA,NA,NA,NA,NA,"",NA,NA,"harmona4","2020-05-08 08:53:22",NA,70,"urn:uuid:bf2f14d1-df4e-47db-a5b0-107a6e595eff","https://www.mycoportal.org/portal/collections/individual/index.php?occid=4790644"
"11",4797974,"CINC",NA,NA,"PreservedSpecimen","f3491717-3951-40fd-948c-e1939afd1894","CINC-F-0002351","66770","Fungi|Basidiomycota|Pucciniomycotina|Pucciniomycetes|Pucciniales|Pucciniaceae|Puccinia","Fungi","Basidiomycota","Pucciniomycetes","Pucciniales","Pucciniaceae","Puccinia anemones-virginianae",312647,"Schwein.","Puccinia",NA,"anemones-virginianae","","","Species","","",NA,NA,NA,"","","Fairchild, D.G.","","2781","1889-08-08","1889","8","8",220,NA,"August 8, 1889","","","on Anemone cylindrica","",NA,"",NA,NA,NA,"",NA,NA,NA,"",NA,NA,NA,"United States","District of Columbia","","","Washington, D.C.",NA,NA,NA,38.895112,-77.036366,"WGS84",13629,"","harmona4","","GeoLocate","reviewed - high confidence","",NA,NA,NA,NA,NA,"",NA,NA,"harmona4","2020-05-08 08:53:22",NA,70,"urn:uuid:f3491717-3951-40fd-948c-e1939afd1894","https://www.mycoportal.org/portal/collections/individual/index.php?occid=4797974"
"12",4800429,"CINC",NA,NA,"PreservedSpecimen","4572dff1-5a60-481c-b15b-b8dd86eea1fe","CINC-F-0002513","","Fungi|Basidiomycota|Pucciniomycotina|Pucciniomycetes|Pucciniales|Pucciniaceae|Puccinia","Fungi","Basidiomycota","Pucciniomycetes","Pucciniales","Pucciniaceae","Puccinia clematidis",697633,"(DC.) Lagerh.","Puccinia",NA,"clematidis","","","Species","","",NA,NA,NA,"","","Kelsey, F.D.","","227","1889-06-21","1889","6","21",172,NA,"June 21, 1889","From the herbarium of Curtis Gates Lloyd","","on Clematis ligusticifolia","",NA,"",NA,NA,NA,"",NA,NA,NA,"",NA,NA,NA,"United States","Montana","Lewis And Clark","Helena","Helena",NA,NA,NA,46.592712,-112.036109,"WGS84",6121,"","harmona4","","GeoLocate","","",NA,NA,NA,NA,NA,"",NA,NA,"harmona4","2020-05-08 08:53:22",NA,70,"urn:uuid:4572dff1-5a60-481c-b15b-b8dd86eea1fe","https://www.mycoportal.org/portal/collections/individual/index.php?occid=4800429"
"13",4800463,"CINC",NA,NA,"PreservedSpecimen","fc08be47-e95b-4991-bb81-4ffa85d482e0","CINC-F-0002518","","Fungi|Basidiomycota|Pucciniomycotina|Pucciniomycetes|Pucciniales|Pucciniaceae","Fungi","Basidiomycota","Pucciniomycetes","Pucciniales","Pucciniaceae","Puccinia",9990,"","Puccinia",NA,"","","","Genus","","",NA,NA,NA,"","","Kelsey, F.D.","","210","1889-06-03","1889","6","3",154,NA,"June 3, 1889","From the herbarium of Curtis Gates Lloyd","","on Lygodesmia juncea","",NA,"",NA,NA,NA,"",NA,NA,NA,"",NA,NA,NA,"United States","Montana","Lewis And Clark","Helena","Helena",NA,NA,NA,46.600212,-112.014719,"WGS84",6121,"","","","GeoLocate","","",NA,NA,NA,NA,NA,"",NA,NA,"harmona4","2020-05-08 08:53:22",NA,70,"urn:uuid:fc08be47-e95b-4991-bb81-4ffa85d482e0","https://www.mycoportal.org/portal/collections/individual/index.php?occid=4800463"
"14",4800648,"CINC",NA,NA,"PreservedSpecimen","adec3f0c-f8ca-4d8b-a6b5-09e0f936707b","CINC-F-0002599","","Fungi|Basidiomycota|Pucciniomycotina|Pucciniomycetes|Pucciniales|Pucciniaceae|Puccinia","Fungi","Basidiomycota","Pucciniomycetes","Pucciniales","Pucciniaceae","Puccinia graminis",188300,"Pers.","Puccinia",NA,"graminis","","","Species","","",NA,NA,NA,"","","s.n.","","2004","1889-06-19","1889","6","19",170,NA,"June 19, 1889","From the herbarium of Curtis Gates Lloyd; Kansas Fungi [Kellerman & Swingle], 1-50, plus extras, W.A. Kellerman and W.T. Swingle, exs #: 2004","","on leaves and stems of cultivated Avena sativa","",NA,"",NA,NA,NA,"",NA,NA,NA,"",NA,NA,NA,"United States","Kansas","Riley","Manhattan","Manhattan",NA,NA,NA,39.183608,-96.571669,"WGS84",6104,"","harmona4","","GeoLocate","","",NA,NA,NA,NA,NA,"",NA,NA,"harmona4","2020-05-08 08:53:22",NA,70,"urn:uuid:adec3f0c-f8ca-4d8b-a6b5-09e0f936707b","https://www.mycoportal.org/portal/collections/individual/index.php?occid=4800648"
"15",4825144,"CINC",NA,NA,"PreservedSpecimen","5db7fa18-36b2-4144-b42d-25afad582abf","CINC-F-0002633","","Fungi|Basidiomycota|Pucciniomycotina|Pucciniomycetes|Pucciniales|Pucciniaceae|Puccinia","Fungi","Basidiomycota","Pucciniomycetes","Pucciniales","Pucciniaceae","Puccinia epiphylla",398254,"(L.) Wettst.","Puccinia",NA,"epiphylla","","","Species","","",NA,NA,NA,"","","Kelsey, F.D.","","247","1889-06-21","1889","6","21",172,NA,"June 21, 1889","From the herbarium of Curtis Gates Lloyd","","on Crepis runcinata","",NA,"",NA,NA,NA,"",NA,NA,NA,"",NA,NA,NA,"United States","Montana","Lewis And Clark","Helena","Helena",NA,NA,NA,46.592712,-112.036109,"WGS84",6121,"","harmona4","","GeoLocate","","",NA,NA,NA,NA,NA,"",NA,NA,"harmona4","2020-05-08 08:53:22",NA,70,"urn:uuid:5db7fa18-36b2-4144-b42d-25afad582abf","https://www.mycoportal.org/portal/collections/individual/index.php?occid=4825144"
"16",4994165,"CINC",NA,NA,"PreservedSpecimen","ab395450-da69-4425-8eab-bd7c30aca189","CINC-F-0003837","","Fungi|Basidiomycota|Pucciniomycotina|Pucciniomycetes|Pucciniales|Pucciniaceae|Uromyces","Fungi","Basidiomycota","Pucciniomycetes","Pucciniales","Pucciniaceae","Uromyces pisi",554337,"(DC.) G.H. Otth","Uromyces",NA,"pisi","","","Species","","",NA,NA,NA,"","","Sydow, P.","","s.n.","1889-08-00","1889","8","00",NA,NA,"August, 1889","From the herbarium of Curtis Gates Lloyd","","on Lathyrus satious (cultivated)","",NA,"",NA,NA,NA,"",NA,NA,NA,"",NA,NA,NA,"Germany","Berlin","","Berlin","Berlin",NA,NA,NA,52.516667,13.4,"WGS84",4620,"","harmona4","","GeoLocate","reviewed - high confidence","",NA,NA,NA,NA,NA,"",NA,NA,"harmona4","2020-05-08 08:53:22",NA,70,"urn:uuid:ab395450-da69-4425-8eab-bd7c30aca189","https://www.mycoportal.org/portal/collections/individual/index.php?occid=4994165"
"17",4994300,"CINC",NA,NA,"PreservedSpecimen","c534be82-d9c7-49b3-90de-d0e1f12989b0","CINC-F-0003899","","Fungi|Basidiomycota|Pucciniomycotina|Pucciniomycetes|Pucciniales|Pucciniaceae|Uromyces","Fungi","Basidiomycota","Pucciniomycetes","Pucciniales","Pucciniaceae","Uromyces zygadeni",554739,"Peck","Uromyces",NA,"zygadeni","","","Species","","",NA,NA,NA,"","","Kellerman, W.A.","","s.n.","1889-05-16","1889","5","16",136,NA,"May 16, 1889","From the herbarium of Curtis Gates Lloyd; Kansas Fungi [Kellerman & Swingle], 1-50, plus extras, W.A. Kellerman and W.T. Swingle, exs #: 2504","","on Zigadenus nuttallii","",NA,"",NA,NA,NA,"",NA,NA,NA,"",NA,NA,NA,"United States","Kansas","Riley","Manhattan","Southwest of Manhattan",NA,NA,NA,39.183608,-96.571669,"",6104,"","harmona4 (2019-12-20 10:45:40)","","georef batch tool 2019-12-20; GeoLocate","reviewed - high confidence","",NA,NA,NA,NA,NA,"",NA,NA,"harmona4","2020-05-08 08:53:22",NA,70,"urn:uuid:c534be82-d9c7-49b3-90de-d0e1f12989b0","https://www.mycoportal.org/portal/collections/individual/index.php?occid=4994300"
"18",5097064,"CINC",NA,NA,"PreservedSpecimen","1bde99c0-21ba-4d2d-b709-53ac97c759bc","CINC-F-0004784","","Fungi|Basidiomycota|Agaricomycotina|Agaricomycetes|Agaricomycetidae|Polyporales","Fungi","Basidiomycota","Agaricomycetes","Polyporales","Polyporaceae","Lenzites repandus",NA,"Fr.","",NA,"","","","","","",NA,NA,NA,"","","Ellis, J.B.","Shear, C.L.","969","1889-00-00","1889","00","00",NA,NA,"1889","","","","",NA,"",NA,NA,NA,"",NA,NA,NA,"",NA,NA,NA,"Sierra Leone","","","","",NA,NA,NA,NA,NA,"",NA,"","","","","","",NA,NA,NA,NA,NA,"",NA,NA,"harmona4","2020-04-15 12:04:52",NA,70,"urn:uuid:1bde99c0-21ba-4d2d-b709-53ac97c759bc","https://www.mycoportal.org/portal/collections/individual/index.php?occid=5097064"
