"","id","institutionCode","collectionCode","ownerInstitutionCode","basisOfRecord","occurrenceID","catalogNumber","otherCatalogNumbers","higherClassification","kingdom","phylum","class","order","family","scientificName","taxonID","scientificNameAuthorship","genus","subgenus","specificEpithet","verbatimTaxonRank","infraspecificEpithet","taxonRank","identifiedBy","dateIdentified","identificationReferences","identificationRemarks","taxonRemarks","identificationQualifier","typeStatus","recordedBy","associatedCollectors","recordNumber","eventDate","year","month","day","startDayOfYear","endDayOfYear","verbatimEventDate","occurrenceRemarks","habitat","substrate","verbatimAttributes","fieldNumber","informationWithheld","dataGeneralizations","dynamicProperties","associatedOccurrences","associatedTaxa","reproductiveCondition","establishmentMeans","cultivationStatus","lifeStage","sex","individualCount","preparations","country","stateProvince","county","municipality","locality","locationRemarks","localitySecurity","localitySecurityReason","decimalLatitude","decimalLongitude","geodeticDatum","coordinateUncertaintyInMeters","verbatimCoordinates","georeferencedBy","georeferenceProtocol","georeferenceSources","georeferenceVerificationStatus","georeferenceRemarks","minimumElevationInMeters","maximumElevationInMeters","minimumDepthInMeters","maximumDepthInMeters","verbatimDepth","verbatimElevation","disposition","language","recordEnteredBy","modified","sourcePrimaryKey.dbpk","collId","recordId","references"
"1",4390305,"CINC",NA,NA,"PreservedSpecimen","296747cb-85e2-4c0d-b1f6-0817a24f7a66","CINC-F-0000954","","Fungi|Ascomycota|Pezizomycotina|Leotiomycetes|Leotiomycetidae|Erysiphales|Erysiphaceae|Erysiphe","Fungi","Ascomycota","Leotiomycetes","Erysiphales","Erysiphaceae","Erysiphe cichoracearum",497175,"DC.","Erysiphe",NA,"cichoracearum","","","Species","","",NA,NA,NA,"","","Kelsey, F.D.","","501","1893-10-21","1893","10","21",294,NA,"October 21, 1893","From the herbarium of Curtis Gates Lloyd","","on Eupatorium perfoliatum","",NA,"",NA,NA,NA,"",NA,NA,NA,"",NA,NA,NA,"United States","Ohio","Lorain","Oberlin","Oberlin",NA,NA,NA,41.293939,-82.217379,"",3835,"","harmona4 (2019-12-20 10:28:16)","","georef batch tool 2019-12-20; GeoLocate","reviewed - high confidence","",NA,NA,NA,NA,NA,"",NA,NA,"harmona4","2020-05-08 08:53:22",NA,70,"urn:uuid:296747cb-85e2-4c0d-b1f6-0817a24f7a66","https://www.mycoportal.org/portal/collections/individual/index.php?occid=4390305"
"2",4397507,"CINC",NA,NA,"PreservedSpecimen","404b7feb-8218-40b0-821c-20d6c32739dd","CINC-F-0001108","","","","","","","Sydowiellaceae","Dothidella ulmea",635725,"(Fr.) Ellis & Everh.","Dothidella",NA,"ulmea","","","Species","","",NA,NA,NA,"","","Kelsey, F.D.","","519","1893-08-23","1893","8","23",235,NA,"August 23, 1893","From the herbarium of Curits Gates Lloyd","","elm leaves","",NA,"",NA,NA,NA,"",NA,NA,NA,"",NA,NA,NA,"United States","Massachusetts","Essex","Andover","Andover",NA,NA,NA,42.658425,-71.137001,"WGS84",2884,"","harmona4","","GeoLocate","","",NA,NA,NA,NA,NA,"",NA,NA,"harmona4","2020-05-08 08:53:22",NA,70,"urn:uuid:404b7feb-8218-40b0-821c-20d6c32739dd","https://www.mycoportal.org/portal/collections/individual/index.php?occid=4397507"
"3",4398801,"CINC",NA,NA,"PreservedSpecimen","6aeb7c9b-434e-4d9b-a167-2c9b762acbc8","CINC-F-0001143","","Fungi|Ascomycota|Pezizomycotina|Dothideomycetes|Dothideomycetidae|Capnodiales|Asterinaceae|Asterina","Fungi","Ascomycota","Dothideomycetes","Capnodiales","Venturiaceae","Asterina plantaginis",107433,"Ellis","Asterina",NA,"plantaginis","","","Species","","",NA,NA,NA,"","","Kelsey, F.D.","Cowles, H.C.","499","1893-11-11","1893","11","11",315,NA,"November 11, 1893","From the herbarium of Curtis Gates Lloyd","","on Plantago rugelii","",NA,"",NA,NA,NA,"",NA,NA,NA,"",NA,NA,NA,"United States","Ohio","Lorain","Oberlin","Oberlin",NA,NA,NA,41.293939,-82.217379,"WGS84",3835,"","harmona4","","GeoLocate","","",NA,NA,NA,NA,NA,"",NA,NA,"harmona4","2020-05-08 08:53:22",NA,70,"urn:uuid:6aeb7c9b-434e-4d9b-a167-2c9b762acbc8","https://www.mycoportal.org/portal/collections/individual/index.php?occid=4398801"
"4",4440932,"CINC",NA,NA,"PreservedSpecimen","937b10f2-6e54-437e-8d58-fcc7eb80d19d","CINC-F-0001704","","Fungi|Basidiomycota|Pucciniomycotina|Pucciniomycetes|Pucciniales|Aecidium","Fungi","Basidiomycota","Pucciniomycetes","Pucciniales","Pucciniaceae","Aecidium pereziae",86848,"Arthur","Aecidium",NA,"pereziae","","","Species","J.C. Arthur","",NA,NA,NA,"","Type","Pringle, C.G.","","s.n.","1893-07-25","1893","7","25",206,NA,"July 25, 1893","Type Collection; Reliquiae Farlowianae, 1 - 1000, R. Thaxter ; D. Linder, exs #: 722","","on Perezia sp.","",NA,"",NA,NA,NA,"",NA,NA,NA,"",NA,NA,NA,"Mexico","","","Barranca","Barranca",NA,NA,NA,20.710017,-103.245988,"WGS84",4824,"","slwest (2016-05-19 10:08:49)","","georef batch tool 2016-05-19; GeoLocate","reviewed - high confidence","",NA,NA,NA,NA,NA,"",NA,NA,"harmona4","2020-04-26 10:05:37",NA,70,"urn:uuid:937b10f2-6e54-437e-8d58-fcc7eb80d19d","https://www.mycoportal.org/portal/collections/individual/index.php?occid=4440932"
"5",4440947,"CINC",NA,NA,"PreservedSpecimen","b03ee3a2-b75d-4b67-b2c1-a9d371229514","CINC-F-0001690","","Fungi|Basidiomycota|Pucciniomycotina|Pucciniomycetes|Pucciniales|Aecidium","Fungi","Basidiomycota","Pucciniomycetes","Pucciniales","Pucciniaceae","Aecidium hemisphaericum",86370,"Peck","Aecidium",NA,"hemisphaericum","","","Species","","",NA,NA,NA,"","","Baker, C.F.","","s.n.","1893-06-06","1893","6","6",157,NA,"June 6, 1893","From the herbarium of Curtis Gates Lloyd","","on Latuca pulchella","",NA,"",NA,NA,NA,"",NA,NA,NA,"",NA,NA,NA,"United States","Colorado","Larimer","Fort Collins","Fort Collins",NA,NA,NA,40.58526,-105.084423,"WGS84",11148,"","harmona4","","GeoLocate","","",NA,NA,NA,NA,NA,"",NA,NA,"harmona4","2020-05-08 08:53:22",NA,70,"urn:uuid:b03ee3a2-b75d-4b67-b2c1-a9d371229514","https://www.mycoportal.org/portal/collections/individual/index.php?occid=4440947"
"6",4440952,"CINC",NA,NA,"PreservedSpecimen","b1c705b1-6c76-4af1-92fb-ce0bd3b06ed9","CINC-F-0001685","","Fungi|Basidiomycota|Pucciniomycotina|Pucciniomycetes|Pucciniales","Fungi","Basidiomycota","Pucciniomycetes","Pucciniales","Pucciniaceae","Aecidium concentricum",NA,"E. & E.","",NA,"","","","","","",NA,NA,NA,"","","Baker, C.F.","","s.n.","1893-06-21","1893","6","21",172,NA,"June 21, 1893","From the herbarium of Curtis Gates Lloyd","","on Lactuca pulchella","",NA,"",NA,NA,NA,"",NA,NA,NA,"",NA,NA,NA,"United States","Colorado","Larimer","Fort Collins","Fort Collins",NA,NA,NA,40.58526,-105.084423,"WGS84",11148,"","harmona4","","GeoLocate","","",NA,NA,NA,NA,NA,"",NA,NA,"harmona4","2020-05-08 08:53:22",NA,70,"urn:uuid:b1c705b1-6c76-4af1-92fb-ce0bd3b06ed9","https://www.mycoportal.org/portal/collections/individual/index.php?occid=4440952"
"7",4440953,"CINC",NA,NA,"PreservedSpecimen","8e403ed4-6e83-4517-8e73-3c2ecd2d53ee","CINC-F-0001684","","Fungi|Basidiomycota|Pucciniomycotina|Pucciniomycetes|Pucciniales|Aecidium","Fungi","Basidiomycota","Pucciniomycetes","Pucciniales","Pucciniaceae","Aecidium clematidis",86013,"Schwein.","Aecidium",NA,"clematidis","","","Species","","",NA,NA,NA,"","","Baker, C.F.","Ellis","s.n.","1893-06-17","1893","6","17",168,NA,"June 17, 1893","From the herbarium of Curtis Gates Lloyd","","on Clematis ligusticifolia","",NA,"",NA,NA,NA,"",NA,NA,NA,"",NA,NA,NA,"United States","Colorado","Larimer","Fort Collins","Fort Collins",NA,NA,NA,40.58526,-105.084423,"WGS84",11148,"","harmona4","","GeoLocate","","",NA,NA,NA,NA,NA,"",NA,NA,"harmona4","2020-05-08 08:53:22",NA,70,"urn:uuid:8e403ed4-6e83-4517-8e73-3c2ecd2d53ee","https://www.mycoportal.org/portal/collections/individual/index.php?occid=4440953"
"8",4790206,"CINC",NA,NA,"PreservedSpecimen","3f114718-4da3-4ba5-8a10-f5230863c37e","CINC-F-0002238","","Fungi|Basidiomycota|Pucciniomycotina|Pucciniomycetes|Pucciniales|Pucciniaceae|Puccinia","Fungi","Basidiomycota","Pucciniomycetes","Pucciniales","Pucciniaceae","Puccinia persistens",399699,"Plowr.","Puccinia",NA,"persistens","","","Species","","",NA,NA,NA,"","","Crossland, C.","","s.n.","1893-06-16","1893","6","16",167,NA,"June 16, 1893","From the herbarium of Curtis Gates Lloyd","","on Thalictrum flavum","",NA,"",NA,NA,NA,"",NA,NA,NA,"",NA,NA,NA,"United Kingdom","England","Yorkshire","","East Yorkshire",NA,NA,NA,53.954772,-1.08252,"WGS84",18687,"","harmona4","","GeoLocate","","",NA,NA,NA,NA,NA,"",NA,NA,"harmona4","2020-05-08 08:53:22",NA,70,"urn:uuid:3f114718-4da3-4ba5-8a10-f5230863c37e","https://www.mycoportal.org/portal/collections/individual/index.php?occid=4790206"
"9",4790262,"CINC",NA,NA,"PreservedSpecimen","a84e9f6a-caad-438c-87c9-75b9aca63883","CINC-F-0002255","","Fungi|Basidiomycota|Pucciniomycotina|Pucciniomycetes|Pucciniales|Pucciniaceae|Puccinia","Fungi","Basidiomycota","Pucciniomycetes","Pucciniales","Pucciniaceae","Puccinia pimpinellae",188358,"(F. Strauss) Link","Puccinia",NA,"pimpinellae","","","Species","","",NA,NA,NA,"","","Seppett, H.T.","Crossland, C.","s.n.","1893-05-09","1893","5","9",129,NA,"May 9, 1893","From the herbarium of Curtis Gates Lloyd","","on Myrrhis odorata","",NA,"",NA,NA,NA,"",NA,NA,NA,"",NA,NA,NA,"United Kingdom","England","Yorkshire","Wilsden","Wilsden near Bradford",NA,NA,NA,53.822342,-1.859801,"WGS84",1245,"","harmona4","","GeoLocate","","",NA,NA,NA,NA,NA,"",NA,NA,"harmona4","2020-05-08 08:53:22",NA,70,"urn:uuid:a84e9f6a-caad-438c-87c9-75b9aca63883","https://www.mycoportal.org/portal/collections/individual/index.php?occid=4790262"
"10",4790266,"CINC",NA,NA,"PreservedSpecimen","7467fe9a-4f81-4d3d-ad06-5140cac6926f","CINC-F-0002258","","Fungi|Basidiomycota|Pucciniomycotina|Pucciniomycetes|Pucciniales|Pucciniaceae|Puccinia","Fungi","Basidiomycota","Pucciniomycetes","Pucciniales","Pucciniaceae","Puccinia pimpinellae",188358,"(F. Strauss) Link","Puccinia",NA,"pimpinellae","","","Species","","",NA,NA,NA,"","","Sydow, P.","","s.n.","1893-06-00","1893","6","00",NA,NA,"June, 1893","From the herbarium of Curtis Gates Lloyd","","on Anthriscus sylvestris","",NA,"",NA,NA,NA,"",NA,NA,NA,"",NA,NA,NA,"Germany","Brandenburg","Havelland","Nauen","Nauen bei Berlin",NA,NA,NA,52.60673,12.876518,"",3036,"","harmona4 (2019-12-20 10:37:22)","","georef batch tool 2019-12-20; GeoLocate","reviewed - high confidence","",NA,NA,NA,NA,NA,"",NA,NA,"harmona4","2020-05-08 08:53:22",NA,70,"urn:uuid:7467fe9a-4f81-4d3d-ad06-5140cac6926f","https://www.mycoportal.org/portal/collections/individual/index.php?occid=4790266"
"11",4798168,"CINC",NA,NA,"PreservedSpecimen","6dd5f61a-9c3a-4612-9c29-2baee7e3cc5d","CINC-F-0002422","","Fungi|Basidiomycota|Pucciniomycotina|Pucciniomycetes|Pucciniales|Pucciniaceae|Puccinia","Fungi","Basidiomycota","Pucciniomycetes","Pucciniales","Pucciniaceae","Puccinia bullata",397558,"(Pers.) J. Schr�t.","Puccinia",NA,"bullata","","","Species","","",NA,NA,NA,"","","Crossland, C.","","s.n.","1893-06-15","1893","6","15",166,NA,"June 14, 1893","From the herbarium of Curtis Gates Lloyd","","","",NA,"",NA,NA,NA,"",NA,NA,NA,"",NA,NA,NA,"United Kingdom","England","Yorkshire","","North Yorkshire",NA,NA,NA,54.166667,-1.5,"WGS84",5814,"","","","GeoLocate","","",NA,NA,NA,NA,NA,"",NA,NA,"harmona4","2020-04-25 13:11:16",NA,70,"urn:uuid:6dd5f61a-9c3a-4612-9c29-2baee7e3cc5d","https://www.mycoportal.org/portal/collections/individual/index.php?occid=4798168"
"12",4825189,"CINC",NA,NA,"PreservedSpecimen","ee679274-670e-41bf-bf22-bd72a9986600","CINC-F-0002656","","Fungi|Basidiomycota|Pucciniomycotina|Pucciniomycetes|Pucciniales|Pucciniaceae|Puccinia","Fungi","Basidiomycota","Pucciniomycetes","Pucciniales","Pucciniaceae","Puccinia fidelis",398362,"Arthur","Puccinia",NA,"fidelis","","","Species","","",NA,NA,NA,"","","Pringle, C.G.","","s.n.","1893-07-21","1893","7","21",202,NA,"July 21, 1893","Type Collection; Reliquiae Farlowianae, 1 - 1000, R. Thaxter ; D. Linder, exs #: 755","","on Hyptis stellulata","",NA,"",NA,NA,NA,"",NA,NA,NA,"",NA,NA,NA,"Mexico","Jalisco","","Guadalajara","Guadalajara",NA,NA,NA,20.660291,-103.344777,"WGS84",3036,"","harmona4","","GeoLocate","","",NA,NA,NA,NA,NA,"",NA,NA,"harmona4","2020-05-08 08:53:22",NA,70,"urn:uuid:ee679274-670e-41bf-bf22-bd72a9986600","https://www.mycoportal.org/portal/collections/individual/index.php?occid=4825189"
"13",4826135,"CINC",NA,NA,"PreservedSpecimen","4221c001-43fb-4606-bc28-27c7ef757e8d","CINC-F-0002744","","Fungi|Basidiomycota|Pucciniomycotina|Pucciniomycetes|Pucciniales|Pucciniaceae|Puccinia","Fungi","Basidiomycota","Pucciniomycetes","Pucciniales","Pucciniaceae","Puccinia lapsanae",188320,"Fuckel","Puccinia",NA,"lapsanae","","","Species","","",NA,NA,NA,"","","Crossland, C.","","s.n.","1893-05-07","1893","5","7",127,NA,"May 7, 1893","From the herbarium of Curtis Gates Lloyd","","on Crepis paludosa","",NA,"",NA,NA,NA,"",NA,NA,NA,"",NA,NA,NA,"United Kingdom","England","West Yorkshire","Halifax","Halifax",NA,NA,NA,53.725809,-1.856866,"WGS84",800,"","harmona4","","GeoLocate","","",NA,NA,NA,NA,NA,"",NA,NA,"harmona4","2020-05-08 08:53:22",NA,70,"urn:uuid:4221c001-43fb-4606-bc28-27c7ef757e8d","https://www.mycoportal.org/portal/collections/individual/index.php?occid=4826135"
"14",4922416,"CINC",NA,NA,"PreservedSpecimen","56bc142c-9db9-4493-95b2-cbda0f2faffe","CINC-F-0003359","","Fungi|Basidiomycota|Pucciniomycotina|Pucciniomycetes|Pucciniales|Coleosporiaceae|Chrysomyxa","Fungi","Basidiomycota","Pucciniomycetes","Pucciniales","Coleosporiaceae","Chrysomyxa albida",138520,"J.G. K�hn","Chrysomyxa",NA,"albida","","","Species","","",NA,NA,NA,"","","Sydow, P.","","s.n.","1893-08-00","1893","8","00",NA,NA,"August, 1893","","","on Rubus macrophyllus","",NA,"",NA,NA,NA,"",NA,NA,NA,"",NA,NA,NA,"Germany","Berlin","","Steglitz","Steglitz near Berlin",NA,NA,NA,52.516667,13.4,"",34709,"","kgrossn (2016-06-17 15:22:38)","","georef batch tool 2016-06-17; GeoLocate","reviewed - high confidence","",NA,NA,NA,NA,NA,"",NA,NA,"harmona4","2020-04-25 10:38:54",NA,70,"urn:uuid:56bc142c-9db9-4493-95b2-cbda0f2faffe","https://www.mycoportal.org/portal/collections/individual/index.php?occid=4922416"
"15",4924020,"CINC",NA,NA,"PreservedSpecimen","d966fbb2-806f-4fa6-bd8f-3add7a15f7d3","CINC-F-0003488","","Fungi|Basidiomycota|Pucciniomycotina|Pucciniomycetes|Pucciniales|Pucciniastraceae|Melampsorella","Fungi","Basidiomycota","Pucciniomycetes","Pucciniales","Pucciniastraceae","Melampsorella elatina",284703,"Arthur","Melampsorella",NA,"elatina","","","Species","","",NA,NA,NA,"","","Seppett, H.T.","","214","1893-00-00","1893","00","00",NA,NA,"1893","From the herbarium of Curtis Gates Lloyd","","on Cerastium triviale","",NA,"",NA,NA,NA,"Melampsora cerastii",NA,NA,NA,"",NA,NA,NA,"United Kingdom","England","Yorkshire","Pateley Bridge","Pateley Bridge",NA,NA,NA,54.083333,-1.75,"WGS84",301,"","","","GeoLocate","","",NA,NA,NA,NA,NA,"",NA,NA,"harmona4","2020-05-08 08:53:22",NA,70,"urn:uuid:d966fbb2-806f-4fa6-bd8f-3add7a15f7d3","https://www.mycoportal.org/portal/collections/individual/index.php?occid=4924020"
"16",4994301,"CINC",NA,NA,"PreservedSpecimen","e9a7b7ee-5cfc-47d8-955a-525ffa6c7b16","CINC-F-0003900","","Fungi|Basidiomycota|Pucciniomycotina|Pucciniomycetes|Pucciniales|Phragmidiaceae|Xenodochus","Fungi","Basidiomycota","Pucciniomycetes","Pucciniales","Phragmidiaceae","Xenodochus carbonarius",441579,"Schltdl.","Xenodochus",NA,"carbonarius","","","Species","","",NA,NA,NA,"","","Crossland, C.","","s.n.","1893-06-03","1893","6","3",154,NA,"June 3, 1893","From the herbarium of Curtis Gates Lloyd","","on Sanguisorba officinalis","",NA,"",NA,NA,NA,"",NA,NA,NA,"",NA,NA,NA,"United Kingdom","England","","Halifax","Near Halifax",NA,NA,NA,53.726621,-1.856866,"WGS84",2120,"","harmona4","","GeoLocate","","",NA,NA,NA,NA,NA,"",NA,NA,"harmona4","2020-05-08 08:53:22",NA,70,"urn:uuid:e9a7b7ee-5cfc-47d8-955a-525ffa6c7b16","https://www.mycoportal.org/portal/collections/individual/index.php?occid=4994301"
"17",4994302,"CINC",NA,NA,"PreservedSpecimen","af31ba9c-bc61-4fd6-a6ed-fb3b9adf5387","CINC-F-0003901","","Fungi|Basidiomycota|Pucciniomycotina|Pucciniomycetes|Pucciniales|Phragmidiaceae|Xenodochus","Fungi","Basidiomycota","Pucciniomycetes","Pucciniales","Phragmidiaceae","Xenodochus carbonarius",441579,"Schltdl.","Xenodochus",NA,"carbonarius","","","Species","","",NA,NA,NA,"","","Crossland, C.","","s.n.","1893-05-13","1893","5","13",133,NA,"May 13, 1893","From the herbarium of Curtis Gates Lloyd","","on Sanguisorba officinalis","",NA,"",NA,NA,NA,"",NA,NA,NA,"",NA,NA,NA,"United Kingdom","England","","Halifax","Near Halifax",NA,NA,NA,53.726418,-1.856523,"WGS84",1935,"","","","GeoLocate","","",NA,NA,NA,NA,NA,"",NA,NA,"harmona4","2020-05-08 08:53:22",NA,70,"urn:uuid:af31ba9c-bc61-4fd6-a6ed-fb3b9adf5387","https://www.mycoportal.org/portal/collections/individual/index.php?occid=4994302"
"18",5023724,"CINC",NA,NA,"PreservedSpecimen","4f60d159-dd3b-4c5c-bd62-6f8449875a51","CINC-F-0003981","","Fungi|Basidiomycota|Pucciniomycotina|Pucciniomycetes|Pucciniales|Pileolariaceae|Pileolaria","Fungi","Basidiomycota","Pucciniomycetes","Pucciniales","Pileolariaceae","Pileolaria extensa",377623,"Arthur","Pileolaria",NA,"extensa","","","Species","","",NA,NA,NA,"","","Pringle, Cyrus Guernsey","","s.n.","1893-05-21","1893","5","21",141,NA,"May 21, 1893","Reliquiae Farlowianae, 1 - 1000, R. Thaxter ; D. Linder, exs #: 741","","on Rhus mexicana","Type collection.",NA,"",NA,NA,NA,"",NA,NA,NA,"",NA,NA,NA,"Mexico","Jalisco","","","near Zapotlan",NA,NA,NA,21.883333,-105.416667,"",NA,"","","","","","",NA,NA,NA,NA,NA,"",NA,NA,"harmona4","2020-04-25 09:09:48",NA,70,"urn:uuid:4f60d159-dd3b-4c5c-bd62-6f8449875a51","https://www.mycoportal.org/portal/collections/individual/index.php?occid=5023724"
"19",5023765,"CINC",NA,NA,"PreservedSpecimen","3ff90a56-a127-4570-b3e2-0c2d553b1962","CINC-F-0004004","","Fungi|Basidiomycota|Pucciniomycotina|Pucciniomycetes|Pucciniales|Phragmidiaceae|Phragmidium","Fungi","Basidiomycota","Pucciniomycetes","Pucciniales","Phragmidiaceae","Phragmidium ivesiae",371103,"Syd. & P. Syd.","Phragmidium",NA,"ivesiae","","","Species","","",NA,NA,NA,"","","Piper, C.V.","","s.n.","1893-08-08","1893","8","8",220,NA,"August 8, 1893","Reliquiae Farlowianae, 1 - 1000, R. Thaxter ; D. Linder, exs #: 738","","on Potentilla blaschkeana","",NA,"",NA,NA,NA,"",NA,NA,NA,"",NA,NA,NA,"United States","Washington","Whitman","Pullman","Pullman",NA,NA,NA,46.73139,-117.17861,"",NA,"","","","","","",NA,NA,NA,NA,NA,"",NA,NA,"harmona4","2020-04-25 09:13:31",NA,70,"urn:uuid:3ff90a56-a127-4570-b3e2-0c2d553b1962","https://www.mycoportal.org/portal/collections/individual/index.php?occid=5023765"
