"","id","institutionCode","collectionCode","ownerInstitutionCode","basisOfRecord","occurrenceID","catalogNumber","otherCatalogNumbers","higherClassification","kingdom","phylum","class","order","family","scientificName","taxonID","scientificNameAuthorship","genus","subgenus","specificEpithet","verbatimTaxonRank","infraspecificEpithet","taxonRank","identifiedBy","dateIdentified","identificationReferences","identificationRemarks","taxonRemarks","identificationQualifier","typeStatus","recordedBy","associatedCollectors","recordNumber","eventDate","year","month","day","startDayOfYear","endDayOfYear","verbatimEventDate","occurrenceRemarks","habitat","substrate","verbatimAttributes","fieldNumber","informationWithheld","dataGeneralizations","dynamicProperties","associatedOccurrences","associatedTaxa","reproductiveCondition","establishmentMeans","cultivationStatus","lifeStage","sex","individualCount","preparations","country","stateProvince","county","municipality","locality","locationRemarks","localitySecurity","localitySecurityReason","decimalLatitude","decimalLongitude","geodeticDatum","coordinateUncertaintyInMeters","verbatimCoordinates","georeferencedBy","georeferenceProtocol","georeferenceSources","georeferenceVerificationStatus","georeferenceRemarks","minimumElevationInMeters","maximumElevationInMeters","minimumDepthInMeters","maximumDepthInMeters","verbatimDepth","verbatimElevation","disposition","language","recordEnteredBy","modified","sourcePrimaryKey.dbpk","collId","recordId","references"
"1",4398817,"CINC",NA,NA,"PreservedSpecimen","dac298a3-9f1d-43f4-9bc1-c52f41577120","CINC-F-0001147","","Fungi|Ascomycota|Pezizomycotina|Dothideomycetes|Dothideomycetidae|Capnodiales|Asterinaceae|Dimerosporium","Fungi","Ascomycota","Dothideomycetes","Capnodiales","Asterinaceae","Dimerosporium tropicale",173101,"Speg.","Dimerosporium",NA,"tropicale","","","Species","","",NA,NA,NA,"","","Earle, F.S.","","s.n.","1887-01-21","1887","1","21",21,NA,"January 21, 1887","","","on Bignonia capreolata","",NA,"",NA,NA,NA,"",NA,NA,NA,"",NA,NA,NA,"United States","Mississippi","Jackson","Ocean Springs","Ocean Springs",NA,NA,NA,30.41131,-88.827806,"WGS84",7844,"","harmona4","","GeoLocate","","",NA,NA,NA,NA,NA,"",NA,NA,"harmona4","2020-05-08 08:53:22",NA,70,"urn:uuid:dac298a3-9f1d-43f4-9bc1-c52f41577120","https://www.mycoportal.org/portal/collections/individual/index.php?occid=4398817"
"2",4798184,"CINC",NA,NA,"PreservedSpecimen","476328d0-6c33-4906-b66f-2edc104bc885","CINC-F-0002434","","Fungi|Basidiomycota|Pucciniomycotina|Pucciniomycetes|Pucciniales|Pucciniaceae|Puccinia","Fungi","Basidiomycota","Pucciniomycetes","Pucciniales","Pucciniaceae","Puccinia caricis",528806,"Rebent.","Puccinia",NA,"caricis","","","Species","","",NA,NA,NA,"","","s.n.","","891","1887-05-00","1887","5","00",NA,NA,"May or June, 1887","From the herbarium of Curtis Gates Lloyd; Kansas Fungi [Kellerman & Swingle], 1-50, plus extras, W.A. Kellerman and W.T. Swingle, exs #: 891","","on leaves of Urtica gracilis","",NA,"",NA,NA,NA,"",NA,NA,NA,"",NA,NA,NA,"United States","Kansas","Riley","Manhattan","Manhattan",NA,NA,NA,39.183608,-96.571669,"WGS84",6104,"","harmona4","","GeoLocate","","",NA,NA,NA,NA,NA,"",NA,NA,"harmona4","2020-05-08 08:53:22",NA,70,"urn:uuid:476328d0-6c33-4906-b66f-2edc104bc885","https://www.mycoportal.org/portal/collections/individual/index.php?occid=4798184"
"3",4800609,"CINC",NA,NA,"PreservedSpecimen","33e83435-7bdb-4ef2-8821-1ace6f9fee84","CINC-F-0002560","","Fungi|Basidiomycota|Pucciniomycotina|Pucciniomycetes|Pucciniales|Pucciniaceae|Puccinia","Fungi","Basidiomycota","Pucciniomycetes","Pucciniales","Pucciniaceae","Puccinia punctata",399943,"Link","Puccinia",NA,"punctata","","","Species","","",NA,NA,NA,"","","Baker, C.F.","","s.n.","1887-00-00","1887","00","00",NA,NA,"Fall, 1887","From the herbarium of Curtis Gates Lloyd","","on Galium sp.","",NA,"",NA,NA,NA,"Puccinia galii",NA,NA,NA,"",NA,NA,NA,"United States","Wisconsin","Polk","Deer Lake","Deer Lake",NA,NA,NA,45.580813,-92.685132,"WGS84",310,"","harmona4","","GeoLocate","","",NA,NA,NA,NA,NA,"",NA,NA,"harmona4","2020-05-08 08:53:22",NA,70,"urn:uuid:33e83435-7bdb-4ef2-8821-1ace6f9fee84","https://www.mycoportal.org/portal/collections/individual/index.php?occid=4800609"
"4",4800630,"CINC",NA,NA,"PreservedSpecimen","8d72221b-cc1c-4135-81c6-e93fd120bd02","CINC-F-0002581","","Fungi|Basidiomycota|Pucciniomycotina|Pucciniomycetes|Pucciniales|Pucciniaceae|Puccinia","Fungi","Basidiomycota","Pucciniomycetes","Pucciniales","Pucciniaceae","Puccinia gonolobi",398511,"Ravenel","Puccinia",NA,"gonolobi","","","Species","","",NA,NA,NA,"","","Tracy, S.M.","","s.n.","1887-08-13","1887","8","13",225,NA,"August 13, 1887","From the herbarium of Curtis Gates Lloyd","","","",NA,"",NA,NA,NA,"",NA,NA,NA,"",NA,NA,NA,"United States","Mississippi","Harrison","Biloxi","Biloxi",NA,NA,NA,30.396032,-88.885308,"WGS84",12422,"","harmona4","","GeoLocate","","",NA,NA,NA,NA,NA,"",NA,NA,"harmona4","2020-05-08 08:53:22",NA,70,"urn:uuid:8d72221b-cc1c-4135-81c6-e93fd120bd02","https://www.mycoportal.org/portal/collections/individual/index.php?occid=4800630"
"5",4992536,"CINC",NA,NA,"PreservedSpecimen","96654483-9e33-46a1-a538-d5f900c2df89","CINC-F-0003775","","Fungi|Basidiomycota|Pucciniomycotina|Pucciniomycetes|Pucciniales|Pucciniaceae|Uromyces","Fungi","Basidiomycota","Pucciniomycetes","Pucciniales","Pucciniaceae","Uromyces genistae-tinctoriae",553923,"(Pers.) Fuckel ex G. Winter","Uromyces",NA,"genistae-tinctoriae","","","Species","","",NA,NA,NA,"","","Kellerman, W.A.","","s.n.","1887-08-16","1887","8","16",228,NA,"August 16, 1887","From the herbarium of Curtis Gates Lloyd; Kansas Fungi [Kellerman & Swingle], 1-50, plus extras, W.A. Kellerman and W.T. Swingle, exs #: 1050","","on Colutea arborescens","",NA,"",NA,NA,NA,"",NA,NA,NA,"",NA,NA,NA,"United States","Kansas","Riley","Manhattan","Manhattan",NA,NA,NA,39.183608,-96.571669,"",6104,"","harmona4 (2019-12-20 10:45:40)","","georef batch tool 2019-12-20; GeoLocate","reviewed - high confidence","",NA,NA,NA,NA,NA,"",NA,NA,"harmona4","2020-05-08 08:53:22",NA,70,"urn:uuid:96654483-9e33-46a1-a538-d5f900c2df89","https://www.mycoportal.org/portal/collections/individual/index.php?occid=4992536"
"6",4994285,"CINC",NA,NA,"PreservedSpecimen","d1e7690d-7db7-4f40-8ad8-833bdca5b083","CINC-F-0003884","","Fungi|Basidiomycota|Pucciniomycotina|Pucciniomycetes|Pucciniales|Pucciniaceae|Uromyces","Fungi","Basidiomycota","Pucciniomycetes","Pucciniales","Pucciniaceae","Uromyces spermacoces",554549,"(Schwein.) Th�m.","Uromyces",NA,"spermacoces","","","Species","","",NA,NA,NA,"","","Thaxter, R.","","3249","1887-07-00","1887","7","00",NA,NA,"July, 1887","Reliquiae Farlowianae, 1 - 1000, R. Thaxter ; D. Linder, exs #: 784","","on Diodia sp.","",NA,"",NA,NA,NA,"",NA,NA,NA,"",NA,NA,NA,"United States","North Carolina","Jackson","Cullowhee","Cullowhee",NA,NA,NA,35.313711,-83.176533,"",3336,"","bdowns (2016-05-16 06:39:45)","","georef batch tool 2016-05-16; GeoLocate","reviewed - high confidence","",NA,NA,NA,NA,NA,"",NA,NA,"harmona4","2020-04-25 10:39:42",NA,70,"urn:uuid:d1e7690d-7db7-4f40-8ad8-833bdca5b083","https://www.mycoportal.org/portal/collections/individual/index.php?occid=4994285"
"7",4994330,"CINC",NA,NA,"PreservedSpecimen","79488171-6573-45fc-bb0a-3475a3c9fb0e","CINC-F-0003923","","Fungi|Basidiomycota|Pucciniomycotina|Pucciniomycetes|Pucciniales|Pucciniaceae|Gymnosporangium","Fungi","Basidiomycota","Pucciniomycetes","Pucciniales","Pucciniaceae","Gymnosporangium floriforme",233433,"Thaxt.","Gymnosporangium",NA,"floriforme","","","Species","","",NA,NA,NA,"","","Thaxter, R.","","6171","1887-02-00","1887","2","00",NA,NA,"February, 1887","Reliquiae Farlowianae, 1 - 1000, R. Thaxter ; D. Linder, exs #: 728","","on Juniperus virginiana","",NA,"",NA,NA,NA,"",NA,NA,NA,"",NA,NA,NA,"United States","Florida","Volusia","Daytona","Daytona Beach",NA,NA,NA,29.210815,-81.022833,"WGS84",12279,"","harmona4","","GeoLocate","","",NA,NA,NA,NA,NA,"",NA,NA,"harmona4","2020-05-08 08:53:22",NA,70,"urn:uuid:79488171-6573-45fc-bb0a-3475a3c9fb0e","https://www.mycoportal.org/portal/collections/individual/index.php?occid=4994330"
