"","id","institutionCode","collectionCode","ownerInstitutionCode","basisOfRecord","occurrenceID","catalogNumber","otherCatalogNumbers","higherClassification","kingdom","phylum","class","order","family","scientificName","taxonID","scientificNameAuthorship","genus","subgenus","specificEpithet","verbatimTaxonRank","infraspecificEpithet","taxonRank","identifiedBy","dateIdentified","identificationReferences","identificationRemarks","taxonRemarks","identificationQualifier","typeStatus","recordedBy","associatedCollectors","recordNumber","eventDate","year","month","day","startDayOfYear","endDayOfYear","verbatimEventDate","occurrenceRemarks","habitat","substrate","verbatimAttributes","fieldNumber","informationWithheld","dataGeneralizations","dynamicProperties","associatedOccurrences","associatedTaxa","reproductiveCondition","establishmentMeans","cultivationStatus","lifeStage","sex","individualCount","preparations","country","stateProvince","county","municipality","locality","locationRemarks","localitySecurity","localitySecurityReason","decimalLatitude","decimalLongitude","geodeticDatum","coordinateUncertaintyInMeters","verbatimCoordinates","georeferencedBy","georeferenceProtocol","georeferenceSources","georeferenceVerificationStatus","georeferenceRemarks","minimumElevationInMeters","maximumElevationInMeters","minimumDepthInMeters","maximumDepthInMeters","verbatimDepth","verbatimElevation","disposition","language","recordEnteredBy","modified","sourcePrimaryKey.dbpk","collId","recordId","references"
"1",4413084,"CINC",NA,NA,"PreservedSpecimen","078bc25b-b6ef-4c9d-8f56-6eb27d769680","CINC-F-0001490","","Fungi|Ascomycota|Pezizomycotina|Sordariomycetes|Phyllachorales|Phyllachoraceae|Trabutia","Fungi","Ascomycota","Sordariomycetes","Phyllachorales","Phyllachoraceae","Trabutia quercina",189924,"(F. Rudolphi ex Fr.) Sacc. & Roum.","Trabutia",NA,"quercina","","","Species","","",NA,NA,NA,"","","Parks, H.E.","Bonar, L.","s.n.","1923-12-28","1923","12","28",362,NA,"December 28, 1923","California Fungi. Berkeley, CA [Anonymous, Calif. Fungi], 1- ? 1425, Herbarium of the University of California., exs #: 580","","on Quercus agrifolia","",NA,"",NA,NA,NA,"",NA,NA,NA,"",NA,NA,NA,"United States","California","Santa Clara","","Near Holy City",NA,NA,NA,37.156753,-121.981423,"",2220,"","harmona4 (2018-05-16 10:42:05)","","georef batch tool 2018-05-16; GeoLocate","reviewed - high confidence","",NA,NA,NA,NA,NA,"",NA,NA,"harmona4","2020-05-08 08:53:22",NA,70,"urn:uuid:078bc25b-b6ef-4c9d-8f56-6eb27d769680","https://www.mycoportal.org/portal/collections/individual/index.php?occid=4413084"
"2",4413147,"CINC",NA,NA,"PreservedSpecimen","6545824f-49e3-4428-94ba-6d6f3555f1cf","CINC-F-0001530","","Fungi|Ascomycota|Pezizomycotina|Leotiomycetes|Leotiomycetidae|Rhytismatales|Rhytismataceae|Coccomyces","Fungi","Ascomycota","Leotiomycetes","Rhytismatales","Rhytismataceae","Coccomyces delta",145292,"(Kunze ex Fr.) Sacc.","Coccomyces",NA,"delta","","","Species","","",NA,NA,NA,"","","Parks, H.E.","","1974","1923-03-04","1923","3","4",63,NA,"March 4, 1923","California Fungi. Berkeley, CA [Anonymous, Calif. Fungi], 1- ? 1425, Herbarium of the University of California., exs #: 430","","On dead leaves of Eucalyptus globulus","",NA,"",NA,NA,NA,"",NA,NA,NA,"",NA,NA,NA,"United States","California","Alameda","Berkeley","Woolsey Canyon, Berkeley",NA,NA,NA,37.871593,-122.272747,"WGS84",5007,"","harmona4","","GeoLocate","","",NA,NA,NA,NA,NA,"",NA,NA,"harmona4","2020-05-08 08:53:22",NA,70,"urn:uuid:6545824f-49e3-4428-94ba-6d6f3555f1cf","https://www.mycoportal.org/portal/collections/individual/index.php?occid=4413147"
"3",4413293,"CINC",NA,NA,"PreservedSpecimen","ba718903-4d69-4a77-9609-aea0fb03d621","CINC-F-0001603","","Fungi|Ascomycota|Pezizomycotina|Pezizomycetes|Pezizomycetidae|Pezizales|Discinaceae|Gyromitra","Fungi","Ascomycota","Pezizomycetes","Pezizales","Discinaceae","Gyromitra brunnea",233666,"Underw.","Gyromitra",NA,"brunnea","","","Species","","",NA,NA,NA,"","","Jackson, C.","","s.n.","1923-04-07","1923","4","7",97,NA,"April 7, 1923","","","among fallen leaves","",NA,"",NA,NA,NA,"",NA,NA,NA,"",NA,NA,NA,"United States","Ohio","Hamilton","Cincinnati","Kroger Hills",NA,NA,NA,39.150157,-84.32093,"",3400,"","harmona4 (2019-12-16 08:08:39)","","georef batch tool 2019-12-16; GeoLocate","reviewed - high confidence","",NA,NA,NA,NA,NA,"",NA,NA,"harmona4","2020-05-08 08:53:22",NA,70,"urn:uuid:ba718903-4d69-4a77-9609-aea0fb03d621","https://www.mycoportal.org/portal/collections/individual/index.php?occid=4413293"
"4",4413309,"CINC",NA,NA,"PreservedSpecimen","817314a2-a8ef-4e6f-b85b-1e8e1d8caaae","CINC-F-0001607","","Fungi|Ascomycota|Pezizomycotina|Pezizomycetes|Pezizomycetidae|Pezizales|Discinaceae|Gyromitra","Fungi","Ascomycota","Pezizomycetes","Pezizales","Discinaceae","Gyromitra brunnea",233666,"Underw.","Gyromitra",NA,"brunnea","","","Species","","",NA,NA,NA,"","","Wells, E.","","s.n.","1923-04-07","1923","4","7",97,NA,"April 7, 1923","","","","",NA,"",NA,NA,NA,"",NA,NA,NA,"",NA,NA,NA,"United States","Ohio","Hamilton","Cincinnati","Kroger Hills",NA,NA,NA,39.150157,-84.32093,"",3400,"","harmona4 (2019-12-16 08:08:39)","","georef batch tool 2019-12-16; GeoLocate","reviewed - high confidence","",NA,NA,NA,NA,NA,"",NA,NA,"harmona4","2020-05-08 08:53:22",NA,70,"urn:uuid:817314a2-a8ef-4e6f-b85b-1e8e1d8caaae","https://www.mycoportal.org/portal/collections/individual/index.php?occid=4413309"
"5",4440918,"CINC",NA,NA,"PreservedSpecimen","ba15c5b6-07e5-4b31-ab97-6af370733425","CINC-F-0001718","","Fungi|Basidiomycota|Pucciniomycotina|Pucciniomycetes|Pucciniales|Caeoma","Fungi","Basidiomycota","Pucciniomycetes","Pucciniales","Phakopsoraceae","Caeoma divinum",121210,"Syd.","Caeoma",NA,"divinum","","","Species","","",NA,NA,NA,"","","Clemens, M.S.","","66754","1923-05-22","1923","5","22",142,NA,"May 22, 1923","","","on Salacia philippinensis","",NA,"",NA,NA,NA,"",NA,NA,NA,"",NA,NA,NA,"Philippines","Bataan","Luzon","Samal","Samal, Bataan Province, Luzaon",NA,NA,NA,14.770651,120.513889,"WGS84",3036,"","harmona4","","GeoLocate","","",NA,NA,NA,NA,NA,"",NA,NA,"harmona4","2020-05-08 08:53:22",NA,70,"urn:uuid:ba15c5b6-07e5-4b31-ab97-6af370733425","https://www.mycoportal.org/portal/collections/individual/index.php?occid=4440918"
"6",4632660,"CINC",NA,NA,"PreservedSpecimen","a019361e-e296-4a80-8114-5d1c708a6f85","CINC-F-0001905","","Fungi|Basidiomycota|Pucciniomycotina|Pucciniomycetes|Pucciniales|Pucciniaceae|Puccinia","Fungi","Basidiomycota","Pucciniomycetes","Pucciniales","Pucciniaceae","Puccinia rhamni",399996,"(J.F. Gmel.) Wettst.","Puccinia",NA,"rhamni","","","Species","","",NA,NA,NA,"","","Parks, H.E.","","s.n.","1923-07-22","1923","7","22",203,NA,"July 22, 1923","California Fungi. Berkeley, CA [Anonymous, Calif. Fungi], 1- ? 1425, Herbarium of the University of California., exs #: 107","","on Polypogon monspeliensis","",NA,"",NA,NA,NA,"",NA,NA,NA,"",NA,NA,NA,"United States","California","San Francisco","San Francisco","Golden Gate Park",NA,NA,NA,37.769097,-122.48025,"WGS84",3059,"","harmona4","","GeoLocate","","",NA,NA,NA,NA,NA,"",NA,NA,"harmona4","2020-05-08 08:53:22",NA,70,"urn:uuid:a019361e-e296-4a80-8114-5d1c708a6f85","https://www.mycoportal.org/portal/collections/individual/index.php?occid=4632660"
"7",4632707,"CINC",NA,NA,"PreservedSpecimen","3891a0e3-0914-40f4-a1c7-c7673ec006a3","CINC-F-0001915","","Fungi|Basidiomycota|Pucciniomycotina|Pucciniomycetes|Pucciniales|Pucciniaceae|Puccinia","Fungi","Basidiomycota","Pucciniomycetes","Pucciniales","Pucciniaceae","Puccinia rubigo-vera",529322,"(DC.) G. Winter","Puccinia",NA,"rubigo-vera","","","Species","","",NA,NA,NA,"","","Parks, H.E.","","s.n.","1923-03-22","1923","3","22",81,NA,"March 22, 1923","California Fungi. Berkeley, CA [Anonymous, Calif. Fungi], 1- ? 1425, Herbarium of the University of California., exs #: 29","","on Bromus villosus","",NA,"",NA,NA,NA,"",NA,NA,NA,"",NA,NA,NA,"United States","California","San Francisco","San Francisco","Golden Gate Park",NA,NA,NA,37.769097,-122.48025,"WGS84",3059,"","harmona4","","GeoLocate","","",NA,NA,NA,NA,NA,"",NA,NA,"harmona4","2020-05-08 08:53:22",NA,70,"urn:uuid:3891a0e3-0914-40f4-a1c7-c7673ec006a3","https://www.mycoportal.org/portal/collections/individual/index.php?occid=4632707"
"8",4703377,"CINC",NA,NA,"PreservedSpecimen","df755bf9-0515-468c-8898-a0481d608b21","CINC-F-0001991","","Fungi|Basidiomycota|Pucciniomycotina|Pucciniomycetes|Pucciniales|Pucciniaceae|Puccinia","Fungi","Basidiomycota","Pucciniomycetes","Pucciniales","Pucciniaceae","Puccinia symphoricarpi",400426,"Harkn.","Puccinia",NA,"symphoricarpi","","","Species","","",NA,NA,NA,"","","Parks, H.E.","","s.n.","1923-04-00","1923","4","00",NA,NA,"April, 1923","California Fungi. Berkeley, CA [Anonymous, Calif. Fungi], 1- ? 1425, Herbarium of the University of California., exs #: 113","","on Symphoricarpus racemosus","",NA,"",NA,NA,NA,"",NA,NA,NA,"",NA,NA,NA,"United States","California","Alameda","Berkeley Hills","Berkeley Hills",NA,NA,NA,37.882981,-122.23858,"WGS84",301,"","harmona4","","GeoLocate","","",NA,NA,NA,NA,NA,"",NA,NA,"harmona4","2020-05-08 08:53:22",NA,70,"urn:uuid:df755bf9-0515-468c-8898-a0481d608b21","https://www.mycoportal.org/portal/collections/individual/index.php?occid=4703377"
"9",4788459,"CINC",NA,NA,"PreservedSpecimen","73fddb46-d19b-4abd-80d2-06eac0b3bb5b","CINC-F-0002167","","Fungi|Basidiomycota|Pucciniomycotina|Pucciniomycetes|Pucciniales|Pucciniaceae|Puccinia","Fungi","Basidiomycota","Pucciniomycetes","Pucciniales","Pucciniaceae","Puccinia menthae",188334,"Pers.","Puccinia",NA,"menthae","","","Species","","",NA,NA,NA,"","","Parks, H.E.","Fields, W.S.","1886","1923-06-21","1923","6","21",172,NA,"June 21, 1923","California Fungi. Berkeley, CA [Anonymous, Calif. Fungi], 1- ? 1425, Herbarium of the University of California., exs #: 76","","on Micromeria chamissonis (syn. Micromeria douglasii)","",NA,"",NA,NA,NA,"",NA,NA,NA,"",NA,NA,NA,"United States","California","Marin","Mt. Tamalpais","Mt. Tamalpais",NA,NA,NA,37.924035,-122.596888,"WGS84",1807,"","harmona4 (2019-12-20 10:44:23)","","GeoLocate","reviewed - high confidence","",NA,NA,NA,NA,NA,"",NA,NA,"harmona4","2020-05-08 08:53:22",NA,70,"urn:uuid:73fddb46-d19b-4abd-80d2-06eac0b3bb5b","https://www.mycoportal.org/portal/collections/individual/index.php?occid=4788459"
"10",4788466,"CINC",NA,NA,"PreservedSpecimen","343e850d-f932-47e6-8a9c-22cfeb7426d5","CINC-F-0002170","","Fungi|Basidiomycota|Pucciniomycotina|Pucciniomycetes|Pucciniales|Pucciniaceae|Puccinia","Fungi","Basidiomycota","Pucciniomycetes","Pucciniales","Pucciniaceae","Puccinia menthae",188334,"Pers.","Puccinia",NA,"menthae","","","Species","","",NA,NA,NA,"","","Parks, H.E.","","75","1923-04-15","1923","4","15",105,NA,"","California Fungi. Berkeley, CA [Anonymous, Calif. Fungi], 1- ? 1425, Herbarium of the University of California., exs #: 75","","on Monardella odoratissima","",NA,"",NA,NA,NA,"",NA,NA,NA,"",NA,NA,NA,"United States","California","San Mateo","","Lake Pilarcitos",NA,NA,NA,37.554609,-122.431839,"",1181,"","jhofmeister (2017-05-04 10:45:44)","","georef batch tool 2017-05-04; GeoLocate","reviewed - high confidence","",NA,NA,NA,NA,NA,"",NA,NA,"harmona4","2020-04-06 14:48:52",NA,70,"urn:uuid:343e850d-f932-47e6-8a9c-22cfeb7426d5","https://www.mycoportal.org/portal/collections/individual/index.php?occid=4788466"
"11",4788545,"CINC",NA,NA,"PreservedSpecimen","115f6f1f-afb5-4cdf-84e8-172260ab49c7","CINC-F-0002203","","Fungi|Basidiomycota|Pucciniomycotina|Pucciniomycetes|Pucciniales|Pucciniaceae|Puccinia","Fungi","Basidiomycota","Pucciniomycetes","Pucciniales","Pucciniaceae","Puccinia nuda",399451,"Ellis & Everh.","Puccinia",NA,"nuda","","","Species","","",NA,NA,NA,"","","Parks, H.E.","","s.n.","1923-00-00","1923","00","00",NA,NA,"March and October, 1923","California Fungi. Berkeley, CA [Anonymous, Calif. Fungi], 1- ? 1425, Herbarium of the University of California., exs #: 52","","on Hemizonia citrina (attacks the earliest seedlings)","",NA,"",NA,NA,NA,"",NA,NA,NA,"",NA,NA,NA,"United States","California","Marin","","Tiburon Peninsula",NA,NA,NA,37.873611,-122.456667,"WGS84",3131,"","","","GeoLocate","","",NA,NA,NA,NA,NA,"",NA,NA,"harmona4","2020-05-08 08:53:22",NA,70,"urn:uuid:115f6f1f-afb5-4cdf-84e8-172260ab49c7","https://www.mycoportal.org/portal/collections/individual/index.php?occid=4788545"
"12",4788551,"CINC",NA,NA,"PreservedSpecimen","310f2736-1b3d-45f4-bb4b-85af5c15a784","CINC-F-0002204","","Fungi|Basidiomycota|Pucciniomycotina|Pucciniomycetes|Pucciniales|Pucciniaceae|Puccinia","Fungi","Basidiomycota","Pucciniomycetes","Pucciniales","Pucciniaceae","Puccinia nuda",399451,"Ellis & Everh.","Puccinia",NA,"nuda","","","Species","","",NA,NA,NA,"","","Parks, H.E.","","s.n.","1923-07-00","1923","7","00",NA,NA,"July, 1923","California Fungi. Berkeley, CA [Anonymous, Calif. Fungi], 1- ? 1425, Herbarium of the University of California., exs #: 53","open fields","on Hemizonia luzulaefolia","",NA,"",NA,NA,NA,"",NA,NA,NA,"",NA,NA,NA,"United States","California","Alameda","Berkeley Hills","Berkeley Hills",NA,NA,NA,37.8667,-122.2333,"WGS84",2715,"","harmona4","","GeoLocate","reviewed - high confidence","",NA,NA,NA,NA,NA,"",NA,NA,"harmona4","2020-05-08 08:53:22",NA,70,"urn:uuid:310f2736-1b3d-45f4-bb4b-85af5c15a784","https://www.mycoportal.org/portal/collections/individual/index.php?occid=4788551"
"13",4788574,"CINC",NA,NA,"PreservedSpecimen","d74b205a-ec25-46ea-a261-0317c9daad2e","CINC-F-0002213","","Fungi|Basidiomycota|Pucciniomycotina|Pucciniomycetes|Pucciniales|Pucciniaceae|Puccinia","Fungi","Basidiomycota","Pucciniomycetes","Pucciniales","Pucciniaceae","Puccinia oenotherae",399488,"Vize","Puccinia",NA,"oenotherae","","","Species","","",NA,NA,NA,"","","Parks, H.E.","","s.n.","1923-07-14","1923","7","14",195,NA,"July 14, 1923","California Fungi. Berkeley, CA [Anonymous, Calif. Fungi], 1- ? 1425, Herbarium of the University of California., exs #: 83","Ocean shore and sand dunes","on Oenothera cheiranthifolia","",NA,"",NA,NA,NA,"",NA,NA,NA,"",NA,NA,NA,"United States","California","San Francisco","San Francisco","San Francisco",NA,NA,NA,37.77493,-122.419416,"WGS84",9346,"","harmona4","","GeoLocate","","",NA,NA,NA,NA,NA,"",NA,NA,"harmona4","2020-05-08 08:53:22",NA,70,"urn:uuid:d74b205a-ec25-46ea-a261-0317c9daad2e","https://www.mycoportal.org/portal/collections/individual/index.php?occid=4788574"
"14",4788575,"CINC",NA,NA,"PreservedSpecimen","79548178-7aa2-4068-9627-1441626a2cbc","CINC-F-0002214","","Fungi|Basidiomycota|Pucciniomycotina|Pucciniomycetes|Pucciniales|Pucciniaceae|Puccinia","Fungi","Basidiomycota","Pucciniomycetes","Pucciniales","Pucciniaceae","Puccinia oenotherae",399488,"Vize","Puccinia",NA,"oenotherae","","","Species","","",NA,NA,NA,"","","Parks, H.E.","","1872","1923-07-06","1923","7","6",187,NA,"July 6, 1923","California Fungi. Berkeley, CA [Anonymous, Calif. Fungi], 1- ? 1425, Herbarium of the University of California., exs #: 82","","on Godetia amoena","",NA,"",NA,NA,NA,"",NA,NA,NA,"",NA,NA,NA,"United States","California","Alameda","Berkeley Hills","Berkeley Hills",NA,NA,NA,37.877728,-122.223842,"WGS84",803,"","","","GeoLocate","","",NA,NA,NA,NA,NA,"",NA,NA,"harmona4","2020-05-08 08:53:22",NA,70,"urn:uuid:79548178-7aa2-4068-9627-1441626a2cbc","https://www.mycoportal.org/portal/collections/individual/index.php?occid=4788575"
"15",4790229,"CINC",NA,NA,"PreservedSpecimen","9a8d9166-19a8-4201-8bb0-cd6812427dfe","CINC-F-0002246","","Fungi|Basidiomycota|Pucciniomycotina|Pucciniomycetes|Pucciniales|Pucciniaceae|Puccinia","Fungi","Basidiomycota","Pucciniomycetes","Pucciniales","Pucciniaceae","Puccinia pimpinellae",188358,"(F. Strauss) Link","Puccinia",NA,"pimpinellae","","","Species","","",NA,NA,NA,"","","Parks, H.E.","","1791","1923-06-16","1923","6","16",167,NA,"June 16, 1923","California Fungi. Berkeley, CA [Anonymous, Calif. Fungi], 1- ? 1425, Herbarium of the University of California., exs #: 84","","on Osmorhiza nuda","Sori large, very dark and abundant, very common.",NA,"",NA,NA,NA,"",NA,NA,NA,"",NA,NA,NA,"United States","California","Marin","Mill Valley","Mill Valley",NA,NA,NA,37.906037,-122.544976,"WGS84",3748,"","harmona4","","GeoLocate","reviewed - high confidence","",NA,NA,NA,NA,NA,"",NA,NA,"harmona4","2020-05-08 09:41:13",NA,70,"urn:uuid:9a8d9166-19a8-4201-8bb0-cd6812427dfe","https://www.mycoportal.org/portal/collections/individual/index.php?occid=4790229"
"16",4797859,"CINC",NA,NA,"PreservedSpecimen","28c2ea4a-0a48-4694-9f4d-438cf78d7901","CINC-F-0002317","","Fungi|Basidiomycota|Pucciniomycotina|Pucciniomycetes|Pucciniales|Pucciniaceae|Puccinia","Fungi","Basidiomycota","Pucciniomycetes","Pucciniales","Pucciniaceae","Puccinia absinthii",397014,"DC.","Puccinia",NA,"absinthii","","","Species","","",NA,NA,NA,"","","Watson, W.W.","","1207","1923-09-01","1923","9","1",244,NA,"September 1, 1923","Reliquiae Farlowianae, 1 - 1000, R. Thaxter ; D. Linder, exs #: 743","","on Artemisia ludoviciana","",NA,"",NA,NA,NA,"",NA,NA,NA,"",NA,NA,NA,"Canada","Ontario","","","Friday's Clearing, Lake Temagami, Nipissing District",NA,NA,NA,46.95,-80.083333,"WGS84",27142,"","harmona4","","GeoLocate","","",NA,NA,NA,NA,NA,"",NA,NA,"harmona4","2020-05-08 08:53:22",NA,70,"urn:uuid:28c2ea4a-0a48-4694-9f4d-438cf78d7901","https://www.mycoportal.org/portal/collections/individual/index.php?occid=4797859"
"17",4798179,"CINC",NA,NA,"PreservedSpecimen","e76bc566-4e0e-4b2a-90e8-d145964086b0","CINC-F-0002429","","Fungi|Basidiomycota|Pucciniomycotina|Pucciniomycetes|Pucciniales|Pucciniaceae|Puccinia","Fungi","Basidiomycota","Pucciniomycetes","Pucciniales","Pucciniaceae","Puccinia cannae",397617,"Henn.","Puccinia",NA,"cannae","","","Species","","",NA,NA,NA,"","","Foster, A.C.","","s.n.","1923-01-01","1923","1","1",1,NA,"January 1, 1923","Mycological Exchange of 1921, 1-947, F.W. Patterson, W.W. Diehl, and E.K. Cash, exs #: 1092","","on Cannae sp.","",NA,"",NA,NA,NA,"",NA,NA,NA,"",NA,NA,NA,"United States","Florida","Seminole","Sanford","Sanford",NA,NA,NA,28.800548,-81.27312,"WGS84",7621,"","harmona4","","GeoLocate","","",NA,NA,NA,NA,NA,"",NA,NA,"harmona4","2020-05-08 08:53:22",NA,70,"urn:uuid:e76bc566-4e0e-4b2a-90e8-d145964086b0","https://www.mycoportal.org/portal/collections/individual/index.php?occid=4798179"
"18",4798252,"CINC",NA,NA,"PreservedSpecimen","88bee1ca-d314-44e2-b8d5-916fb15eef3d","CINC-F-0002497","","Fungi|Basidiomycota|Pucciniomycotina|Pucciniomycetes|Pucciniales|Pucciniaceae|Puccinia","Fungi","Basidiomycota","Pucciniomycetes","Pucciniales","Pucciniaceae","Puccinia cirsii",397816,"Lasch","Puccinia",NA,"cirsii","","","Species","","",NA,NA,NA,"","","Parks, H.E.","","s.n.","1923-07-28","1923","7","28",209,NA,"July 28, 1923","California Fungi. Berkeley, CA [Anonymous, Calif. Fungi], 1- ? 1425, Herbarium of the University of California., exs #: 23","","on Cirsium coulteri","",NA,"",NA,NA,NA,"",NA,NA,NA,"",NA,NA,NA,"United States","California","Marin","Mt. Tamalpais","Mt. Tamalpais",NA,NA,NA,37.924035,-122.596888,"WGS84",1807,"","harmona4","","GeoLocate","reviewed - high confidence","",NA,NA,NA,NA,NA,"",NA,NA,"harmona4","2020-05-08 10:04:30",NA,70,"urn:uuid:88bee1ca-d314-44e2-b8d5-916fb15eef3d","https://www.mycoportal.org/portal/collections/individual/index.php?occid=4798252"
"19",4798253,"CINC",NA,NA,"PreservedSpecimen","694de64e-cb6c-4a18-8fff-3fce48572ba1","CINC-F-0002498","","Fungi|Basidiomycota|Pucciniomycotina|Pucciniomycetes|Pucciniales|Pucciniaceae|Puccinia","Fungi","Basidiomycota","Pucciniomycetes","Pucciniales","Pucciniaceae","Puccinia cirsii",397816,"Lasch","Puccinia",NA,"cirsii","","","Species","","",NA,NA,NA,"","","Parks, H.E.","","s.n.","1923-01-01","1923","1","1",1,NA,"January 1, 1923","California Fungi. Berkeley, CA [Anonymous, Calif. Fungi], 1- ? 1425, Herbarium of the University of California., exs #: 24","","on Cirsium lanceolatum","",NA,"",NA,NA,NA,"",NA,NA,NA,"",NA,NA,NA,"United States","California","Alameda","Berkeley Hills","Berkeley Hills",NA,NA,NA,37.8667,-122.2333,"WGS84",1705,"","harmona4","","GeoLocate","","",NA,NA,NA,NA,NA,"",NA,NA,"harmona4","2020-05-08 08:53:22",NA,70,"urn:uuid:694de64e-cb6c-4a18-8fff-3fce48572ba1","https://www.mycoportal.org/portal/collections/individual/index.php?occid=4798253"
"20",4798254,"CINC",NA,NA,"PreservedSpecimen","47cc4c34-4f7e-49a8-816f-a53361aadef6","CINC-F-0002499","","Fungi|Basidiomycota|Pucciniomycotina|Pucciniomycetes|Pucciniales|Pucciniaceae|Puccinia","Fungi","Basidiomycota","Pucciniomycetes","Pucciniales","Pucciniaceae","Puccinia cirsii",397816,"Lasch","Puccinia",NA,"cirsii","","","Species","","",NA,NA,NA,"","","Parks, H.E.","","25","1923-07-00","1923","7","00",NA,NA,"July, 1923","California Fungi. Berkeley, CA [Anonymous, Calif. Fungi], 1- ? 1425, Herbarium of the University of California., exs #: 25","sand dunes","on Cirsium occidentale","",NA,"",NA,NA,NA,"",NA,NA,NA,"",NA,NA,NA,"United States","California","San Francisco","San Francisco","Sloat Boulevard",NA,NA,NA,37.734222,-122.485629,"",1310,"","kgrossn (2016-06-08 11:27:45)","","georef batch tool 2016-06-08; GeoLocate","reviewed - high confidence","",NA,NA,NA,NA,NA,"",NA,NA,"harmona4","2020-04-06 14:48:52",NA,70,"urn:uuid:47cc4c34-4f7e-49a8-816f-a53361aadef6","https://www.mycoportal.org/portal/collections/individual/index.php?occid=4798254"
"21",4798258,"CINC",NA,NA,"PreservedSpecimen","a8cbc744-9620-4067-a172-d86708e33f1b","CINC-F-0002503","","Fungi|Basidiomycota|Pucciniomycotina|Pucciniomycetes|Pucciniales|Pucciniaceae|Puccinia","Fungi","Basidiomycota","Pucciniomycetes","Pucciniales","Pucciniaceae","Puccinia cirsii",397816,"Lasch","Puccinia",NA,"cirsii","","","Species","","",NA,NA,NA,"","","Parks, H.E.","","s.n.","1923-03-00","1923","3","00",NA,NA,"March, 1923","California Fungi. Berkeley, CA [Anonymous, Calif. Fungi], 1- ? 1425, Herbarium of the University of California., exs #: 26","","on Cirsium lanceolatum","",NA,"",NA,NA,NA,"",NA,NA,NA,"",NA,NA,NA,"United States","California","Alameda","Berkeley Hills","Berkeley Hills",NA,NA,NA,37.8667,-122.2333,"WGS84",2045,"","harmona4","","GeoLocate","","",NA,NA,NA,NA,NA,"",NA,NA,"harmona4","2020-05-08 08:53:22",NA,70,"urn:uuid:a8cbc744-9620-4067-a172-d86708e33f1b","https://www.mycoportal.org/portal/collections/individual/index.php?occid=4798258"
"22",4800497,"CINC",NA,NA,"PreservedSpecimen","43af5009-b4fc-4862-b6d3-8cbb230032b3","CINC-F-0002525","","Fungi|Basidiomycota|Pucciniomycotina|Pucciniomycetes|Pucciniales|Pucciniaceae|Puccinia","Fungi","Basidiomycota","Pucciniomycetes","Pucciniales","Pucciniaceae","Puccinia convolvuli",188274,"(Pers.) Castagne","Puccinia",NA,"convolvuli","","","Species","","",NA,NA,NA,"","","Parks, H.E.","","s.n.","1923-07-00","1923","7","00",NA,NA,"July, 1923","California Fungi. Berkeley, CA [Anonymous, Calif. Fungi], 1- ? 1425, Herbarium of the University of California., exs #: 33","","on Convolvulus luteolus","",NA,"",NA,NA,NA,"",NA,NA,NA,"",NA,NA,NA,"United States","California","San Francisco","San Francisco","along Sloat Boulevard",NA,NA,NA,37.769056,-122.445829,"WGS84",10000,"","harmona4","","GeoLocate","","",NA,NA,NA,NA,NA,"",NA,NA,"harmona4","2020-05-08 08:53:22",NA,70,"urn:uuid:43af5009-b4fc-4862-b6d3-8cbb230032b3","https://www.mycoportal.org/portal/collections/individual/index.php?occid=4800497"
"23",4800505,"CINC",NA,NA,"PreservedSpecimen","5c41c954-5d9e-44d6-9e1d-a982927cfe0c","CINC-F-0002528","","Fungi|Basidiomycota|Pucciniomycotina|Pucciniomycetes|Pucciniales|Pucciniaceae|Puccinia","Fungi","Basidiomycota","Pucciniomycetes","Pucciniales","Pucciniaceae","Puccinia convolvuli",188274,"(Pers.) Castagne","Puccinia",NA,"convolvuli","","","Species","","",NA,NA,NA,"","","Parks, H.E.","Fields, W.S.","s.n.","1923-07-00","1923","7","00",NA,NA,"July, 1923","California Fungi. Berkeley, CA [Anonymous, Calif. Fungi], 1- ? 1425, Herbarium of the University of California., exs #: 32","","on Convolvulus arvensis","",NA,"",NA,NA,NA,"",NA,NA,NA,"",NA,NA,NA,"United States","California","Marin","Corte Madera","Corte Madera",NA,NA,NA,37.925481,-122.527476,"WGS84",2866,"","harmona4","","GeoLocate","reviewed - high confidence","",NA,NA,NA,NA,NA,"",NA,NA,"harmona4","2020-05-08 08:53:22",NA,70,"urn:uuid:5c41c954-5d9e-44d6-9e1d-a982927cfe0c","https://www.mycoportal.org/portal/collections/individual/index.php?occid=4800505"
"24",4800605,"CINC",NA,NA,"PreservedSpecimen","d64ca078-4b69-4be7-ac16-f5030123f254","CINC-F-0002556","","Fungi|Basidiomycota|Pucciniomycotina|Pucciniomycetes|Pucciniales|Pucciniaceae|Puccinia","Fungi","Basidiomycota","Pucciniomycetes","Pucciniales","Pucciniaceae","Puccinia cyani",398023,"Pass.","Puccinia",NA,"cyani","","","Species","","",NA,NA,NA,"","","Parks, H.E.","","s.n.","1923-06-00","1923","6","00",NA,NA,"June, 1923","California Fungi. Berkeley, CA [Anonymous, Calif. Fungi], 1- ? 1425, Herbarium of the University of California., exs #: 35","","on Centaurea cyannus","",NA,"",NA,NA,NA,"",NA,NA,NA,"",NA,NA,NA,"United States","California","Marin","Mill Valley","Mill Valley",NA,NA,NA,37.906037,-122.544976,"WGS84",3748,"","harmona4","","GeoLocate","","",NA,NA,NA,NA,NA,"",NA,NA,"harmona4","2020-05-08 08:53:22",NA,70,"urn:uuid:d64ca078-4b69-4be7-ac16-f5030123f254","https://www.mycoportal.org/portal/collections/individual/index.php?occid=4800605"
"25",4800606,"CINC",NA,NA,"PreservedSpecimen","63335028-be8d-4f11-a651-6400867efab4","CINC-F-0002557","","Fungi|Basidiomycota|Pucciniomycotina|Pucciniomycetes|Pucciniales|Pucciniaceae|Puccinia","Fungi","Basidiomycota","Pucciniomycetes","Pucciniales","Pucciniaceae","Puccinia cynodontis",188278,"Lacroix ex Desm.","Puccinia",NA,"cynodontis","","","Species","","",NA,NA,NA,"","","Parks, H.E.","","s.n.","1923-07-00","1923","7","00",NA,NA,"July, 1923","California Fungi. Berkeley, CA [Anonymous, Calif. Fungi], 1- ? 1425, Herbarium of the University of California., exs #: 36","","on Cynodon dactylon","",NA,"",NA,NA,NA,"",NA,NA,NA,"",NA,NA,NA,"United States","California","Santa Clara","San Jose","Guadaloupe Creek",NA,NA,NA,37.24686,-121.87121,"WGS84",496,"","harmona4","","GeoLocate","","",NA,NA,NA,NA,NA,"",NA,NA,"harmona4","2020-05-08 08:53:22",NA,70,"urn:uuid:63335028-be8d-4f11-a651-6400867efab4","https://www.mycoportal.org/portal/collections/individual/index.php?occid=4800606"
"26",4800636,"CINC",NA,NA,"PreservedSpecimen","85fe2d59-6b7c-4766-abd5-dbc482d8c41c","CINC-F-0002587","","Fungi|Basidiomycota|Pucciniomycotina|Pucciniomycetes|Pucciniales|Pucciniaceae|Puccinia","Fungi","Basidiomycota","Pucciniomycetes","Pucciniales","Pucciniaceae","Puccinia graminis",188300,"Pers.","Puccinia",NA,"graminis","","","Species","","",NA,NA,NA,"","","Parks, H.E.","Tracy, J.P.","s.n.","1923-05-31","1923","5","31",151,NA,"May 31, 1923","California Fungi. Berkeley, CA [Anonymous, Calif. Fungi], 1- ? 1425, Herbarium of the University of California., exs #: 93","","on cultivated Avena sativa","",NA,"",NA,NA,NA,"",NA,NA,NA,"",NA,NA,NA,"United States","California","Humboldt","","Eel River Valley",NA,NA,NA,40.50971,-124.128557,"",12118,"","jwillis (2017-07-12 12:37:41)","","georef batch tool 2017-07-12; GeoLocate","reviewed - high confidence","",NA,NA,NA,NA,NA,"",NA,NA,"harmona4","2020-05-08 08:53:22",NA,70,"urn:uuid:85fe2d59-6b7c-4766-abd5-dbc482d8c41c","https://www.mycoportal.org/portal/collections/individual/index.php?occid=4800636"
"27",4800655,"CINC",NA,NA,"PreservedSpecimen","0eb87740-68c0-45a6-bd95-e8bd356286f0","CINC-F-0002606","","Fungi|Basidiomycota|Pucciniomycotina|Pucciniomycetes|Pucciniales|Pucciniaceae|Puccinia","Fungi","Basidiomycota","Pucciniomycetes","Pucciniales","Pucciniaceae","Puccinia grindeliae",398536,"Peck","Puccinia",NA,"grindeliae","","","Species","","",NA,NA,NA,"","","Parks, H.E.","","s.n.","1923-03-00","1923","3","00",NA,NA,"March, 1923","California Fungi. Berkeley, CA [Anonymous, Calif. Fungi], 1- ? 1425, Herbarium of the University of California., exs #: 44","Restricted to vicinity of salt water","on Grindelia robusta var. maritima","",NA,"",NA,NA,NA,"",NA,NA,NA,"",NA,NA,NA,"United States","California","Marin","Tiburon","Tiburon",NA,NA,NA,37.873538,-122.456639,"WGS84",3878,"","harmona4","","GeoLocate","","",NA,NA,NA,NA,NA,"",NA,NA,"harmona4","2020-05-08 08:53:22",NA,70,"urn:uuid:0eb87740-68c0-45a6-bd95-e8bd356286f0","https://www.mycoportal.org/portal/collections/individual/index.php?occid=4800655"
"28",4825274,"CINC",NA,NA,"PreservedSpecimen","1f79aca8-3bdc-4234-b2e8-98100d9fd3d3","CINC-F-0002699","","Fungi|Basidiomycota|Pucciniomycotina|Pucciniomycetes|Pucciniales|Pucciniaceae|Puccinia","Fungi","Basidiomycota","Pucciniomycetes","Pucciniales","Pucciniaceae","Puccinia hieracii",188306,"(R�hl.) H. Mart.","Puccinia",NA,"hieracii","","","Species","","",NA,NA,NA,"","","Parks, H.E.","","s.n.","1923-03-00","1923","3","00",NA,NA,"March, 1923","California Fungi. Berkeley, CA [Anonymous, Calif. Fungi], 1- ? 1425, Herbarium of the University of California., exs #: 57","Rust appears on very young seedlings","on Hypochaeris glabra","",NA,"",NA,NA,NA,"",NA,NA,NA,"",NA,NA,NA,"United States","California","Marin","","Tiburon Peninsula",NA,NA,NA,37.8833,-122.4667,"WGS84",2270,"","harmona4","","GeoLocate","","",NA,NA,NA,NA,NA,"",NA,NA,"harmona4","2020-05-08 08:53:22",NA,70,"urn:uuid:1f79aca8-3bdc-4234-b2e8-98100d9fd3d3","https://www.mycoportal.org/portal/collections/individual/index.php?occid=4825274"
"29",4826098,"CINC",NA,NA,"PreservedSpecimen","de0c97cc-7778-42e4-9726-beda80a5cd4d","CINC-F-0002722","","Fungi|Basidiomycota|Pucciniomycotina|Pucciniomycetes|Pucciniales|Pucciniaceae|Puccinia","Fungi","Basidiomycota","Pucciniomycetes","Pucciniales","Pucciniaceae","Puccinia interveniens",398797,"Bethel","Puccinia",NA,"interveniens","","","Species","","",NA,NA,NA,"","","Parks, H.E.","","s.n.","1923-12-00","1923","12","00",NA,NA,"December, 1923","California Fungi. Berkeley, CA [Anonymous, Calif. Fungi], 1- ? 1425, Herbarium of the University of California., exs #: 59","","on Sidalcea malviflora","",NA,"",NA,NA,NA,"",NA,NA,NA,"",NA,NA,NA,"United States","California","Marin","Mt. Tamalpais","Mt. Tamalpais",NA,NA,NA,37.924035,-122.596888,"WGS84",1807,"","harmona4","","GeoLocate","reviewed - high confidence","",NA,NA,NA,NA,NA,"",NA,NA,"harmona4","2020-05-08 08:53:22",NA,70,"urn:uuid:de0c97cc-7778-42e4-9726-beda80a5cd4d","https://www.mycoportal.org/portal/collections/individual/index.php?occid=4826098"
"30",4826106,"CINC",NA,NA,"PreservedSpecimen","d33cead9-13fa-4483-b366-5d40f35f5b5e","CINC-F-0002727","","Fungi|Basidiomycota|Pucciniomycotina|Pucciniomycetes|Pucciniales|Pucciniaceae|Puccinia","Fungi","Basidiomycota","Pucciniomycetes","Pucciniales","Pucciniaceae","Puccinia iridis",188311,"Wallr.","Puccinia",NA,"iridis","","","Species","","",NA,NA,NA,"","","Parks, H.E.","","1475","1923-04-00","1923","4","00",NA,NA,"April, 1923","California Fungi. Berkeley, CA [Anonymous, Calif. Fungi], 1- ? 1425, Herbarium of the University of California., exs #: 60","","on Iris douglasiana","",NA,"",NA,NA,NA,"",NA,NA,NA,"",NA,NA,NA,"United States","California","Marin","","Tiburon Peninsula",NA,NA,NA,37.8833,-122.4667,"WGS84",2450,"","harmona4","","GeoLocate","","",NA,NA,NA,NA,NA,"",NA,NA,"harmona4","2020-05-08 08:53:22",NA,70,"urn:uuid:d33cead9-13fa-4483-b366-5d40f35f5b5e","https://www.mycoportal.org/portal/collections/individual/index.php?occid=4826106"
"31",4826154,"CINC",NA,NA,"PreservedSpecimen","cbcf5f29-1acb-4355-804e-9bf00790592f","CINC-F-0002755","","","","","","","Pucciniaceae","Puccinia jonesii var. lindrothii",667029,"(Syd. ex Lindr.) Arthur","Puccinia",NA,"jonesii","var.","lindrothii","Variety","","",NA,NA,NA,"","","Parks, H.E.","","64","1923-07-00","1923","7","00",NA,NA,"July, 1923","California Fungi. Berkeley, CA [Anonymous, Calif. Fungi], 1- ? 1425, Herbarium of the University of California., exs #: 64","","on Drudeophytum hartwegii","",NA,"",NA,NA,NA,"",NA,NA,NA,"",NA,NA,NA,"United States","California","Marin","Mt. Tamalpais","Mt. Tamalpais",NA,NA,NA,37.923464,-122.596645,"WGS84",5691,"","slwest (2017-03-22 07:03:39)","","georef batch tool 2017-03-22; GeoLocate","reviewed - high confidence","",NA,NA,NA,NA,NA,"",NA,NA,"harmona4","2020-04-06 14:48:52",NA,70,"urn:uuid:cbcf5f29-1acb-4355-804e-9bf00790592f","https://www.mycoportal.org/portal/collections/individual/index.php?occid=4826154"
"32",4918597,"CINC",NA,NA,"PreservedSpecimen","55c7b4ca-d46a-4b16-9b43-c67252b1e9f6","CINC-F-0003338","","Fungi|Ascomycota|Pezizomycotina|Lichinomycetes|Lecanoromycetes|Lichinomycetidae|Lecanoromycetidae|Lichinales|Lecanorales|Heppiaceae|Lichinaceae|Guepinia","Fungi","Ascomycota","Lecanoromycetes","Lecanorales","Lichinaceae","Guepinia spathularia",231954,"(Schwein.) Fr.","Guepinia",NA,"spathularia","","","Species","","",NA,NA,NA,"","","Taylor, C.L.","","s.n.","1923-11-00","1923","11","00",NA,NA,"November, 1923","","","","",NA,"",NA,NA,NA,"",NA,NA,NA,"",NA,NA,NA,"United States","Ohio","Clinton","Wilmington","Wilmington",NA,NA,NA,39.445339,-83.828538,"WGS84",4939,"","","","GeoLocate","","",NA,NA,NA,NA,NA,"",NA,NA,"harmona4","2020-05-08 08:53:22",NA,70,"urn:uuid:55c7b4ca-d46a-4b16-9b43-c67252b1e9f6","https://www.mycoportal.org/portal/collections/individual/index.php?occid=4918597"
"33",5105458,"CINC",NA,NA,"PreservedSpecimen","ab6a5c30-686d-46d6-91e4-575f741ea06b","CINC-F-0004793","","Fungi|Basidiomycota|Agaricomycotina|Agaricomycetes|Agaricomycetidae|Polyporales|Polyporaceae|Lenzites","Fungi","Basidiomycota","Agaricomycetes","Polyporales","Polyporaceae","Lenzites styracina",185036,"(Henn. & Shirai) Lloyd","Lenzites",NA,"styracina","","","Species","","",NA,NA,NA,"","","Yasuda, A.","","202173","1923-10-28","1923","10","28",301,NA,"October 28, 1923","","","on Styrax japonicus","",NA,"",NA,NA,NA,"",NA,NA,NA,"",NA,NA,NA,"Japan","Miyagi","","Sendai","Sendai, Miyagi Pref.",NA,NA,NA,38.266667,140.866667,"WGS84",3036,"","harmona4","","GeoLocate","","",NA,NA,NA,NA,NA,"",NA,NA,"harmona4","2020-05-08 08:53:22",NA,70,"urn:uuid:ab6a5c30-686d-46d6-91e4-575f741ea06b","https://www.mycoportal.org/portal/collections/individual/index.php?occid=5105458"
"34",5110084,"CINC",NA,NA,"PreservedSpecimen","195c0852-137c-4801-a458-b2c980883ebb","CINC-F-0005090","","Fungi|Basidiomycota|Agaricomycotina|Agaricomycetes|Hymenochaetales|Hymenochaetaceae|Porodaedalea","Fungi","Basidiomycota","Agaricomycetes","Hymenochaetales","Hymenochaetaceae","Porodaedalea pini",187807,"(Brot.) Murrill","Porodaedalea",NA,"pini","","","Species","","",NA,NA,NA,"","","Parks, H.E.","","s.n.","1923-04-00","1923","4","00",NA,NA,"April, 1923","Not attaining large size.; California Fungi. Berkeley, CA [Anonymous, Calif. Fungi], 1- ? 1425, Herbarium of the University of California., exs #: 286","In abundance on living trees, appearing at small knot holes","on Pseudotsuga taxifolia","",NA,"",NA,NA,NA,"",NA,NA,NA,"",NA,NA,NA,"United States","California","Santa Clara","Los Gatos Canyon","Los Gatos Canyon",NA,NA,NA,37.226611,-121.97468,"WGS84",5281,"","titurri (2017-04-19 06:03:51)","","georef batch tool 2017-04-19; GeoLocate","reviewed - high confidence","",NA,NA,NA,NA,NA,"",NA,NA,"harmona4","2020-04-06 14:48:52",NA,70,"urn:uuid:195c0852-137c-4801-a458-b2c980883ebb","https://www.mycoportal.org/portal/collections/individual/index.php?occid=5110084"
"35",5110422,"CINC",NA,NA,"PreservedSpecimen","e0d564a0-c426-4037-9669-b4335ffe72fc","CINC-F-0005139","","Fungi|Basidiomycota|Agaricomycotina|Agaricomycetes|Agaricomycetidae|Polyporales|Meruliaceae|Phlebia","Fungi","Basidiomycota","Agaricomycetes","Polyporales","Meruliaceae","Phlebia tremellosa",366151,"(Schrad.) Nakasone & Burds.","Phlebia",NA,"tremellosa","","","Species","","",NA,NA,NA,"","","Nuttall, L.W.","","s.n.","1923-10-01","1923","10","1",274,NA,"October 1, 1923","","","on rotten log","",NA,"",NA,NA,NA,"",NA,NA,NA,"",NA,NA,NA,"United States","Pennsylvania","Centre","Philipsburg","Philipsburg",NA,NA,NA,40.896446,-78.220569,"WGS84",1840,"","","","GeoLocate","","",NA,NA,NA,NA,NA,"",NA,NA,"harmona4","2020-05-08 08:53:22",NA,70,"urn:uuid:e0d564a0-c426-4037-9669-b4335ffe72fc","https://www.mycoportal.org/portal/collections/individual/index.php?occid=5110422"
"36",5121297,"CINC",NA,NA,"PreservedSpecimen","cda06a5e-d0aa-4e4b-be5c-284df39a12ca","CINC-F-0005202","","Fungi|Basidiomycota|Agaricomycotina|Agaricomycetes|Agaricomycetidae|Polyporales|Polyporaceae|Lenzites","Fungi","Basidiomycota","Agaricomycetes","Polyporales","Polyporaceae","Lenzites betulinus",269043,"(L.) Fr.","Lenzites",NA,"betulinus","","","Species","","",NA,NA,NA,"","","Parks, H.E.","","s.n.","1923-02-00","1923","2","00",NA,NA,"February, 1923","California Fungi. Berkeley, CA [Anonymous, Calif. Fungi], 1- ? 1425, Herbarium of the University of California., exs #: 250","","on Quercus agrifolia","",NA,"",NA,NA,NA,"",NA,NA,NA,"",NA,NA,NA,"United States","California","Alameda","Berkeley Hills","Berkeley Hills",NA,NA,NA,37.883283,-122.238648,"WGS84",1000,"","harmona4","","GeoLocate","reviewed - high confidence","",NA,NA,NA,NA,NA,"",NA,NA,"harmona4","2020-05-08 08:53:22",NA,70,"urn:uuid:cda06a5e-d0aa-4e4b-be5c-284df39a12ca","https://www.mycoportal.org/portal/collections/individual/index.php?occid=5121297"
"37",5125086,"CINC",NA,NA,"PreservedSpecimen","37c5dbc7-2d56-49b2-84cc-e11eee0dc822","CINC-F-0005378","","Fungi|Basidiomycota|Agaricomycotina|Agaricomycetes|Agaricomycetidae|Polyporales|Polyporaceae|Trametes","Fungi","Basidiomycota","Agaricomycetes","Polyporales","Polyporaceae","Trametes versicolor",189955,"(L.) Lloyd","Trametes",NA,"versicolor","","","Species","","",NA,NA,NA,"","","Yasuda, A.","","201937","1923-10-25","1923","10","25",298,NA,"October 25, 1923","","","","",NA,"",NA,NA,NA,"",NA,NA,NA,"",NA,NA,NA,"Japan","Miyazi Prefecture","","Sendai","Sendai, Miyazi Prefecture",NA,NA,NA,38.266667,140.866667,"WGS84",3036,"","harmona4","","GeoLocate","","",NA,NA,NA,NA,NA,"",NA,NA,"harmona4","2020-05-08 08:53:22",NA,70,"urn:uuid:37c5dbc7-2d56-49b2-84cc-e11eee0dc822","https://www.mycoportal.org/portal/collections/individual/index.php?occid=5125086"
"38",5152341,"CINC",NA,NA,"PreservedSpecimen","da38263d-2f49-48d9-b292-5d690fbaea5b","CINC-F-0005768","","Fungi|Basidiomycota|Agaricomycotina|Agaricomycetes|Agaricomycetidae|Polyporales|Phanerochaetaceae|Antrodiella","Fungi","Basidiomycota","Agaricomycetes","Polyporales","Phanerochaetaceae","Antrodiella incrustans",98624,"(Cooke) Ryvarden","Antrodiella",NA,"incrustans","","","Species","","",NA,NA,NA,"","","Cooke, William Bridge","Zeller, S.M., OSC","8658","1923-05-04","1923","5","4",124,NA,"May 4, 1923","","","encrusting grass stems in lawn","",NA,"",NA,NA,NA,"",NA,NA,NA,"",NA,NA,NA,"United States","Oregon","Washington","Hillsboro","Hillsboro",NA,NA,NA,45.522894,-122.989827,"WGS84",7258,"","","","GeoLocate","","",NA,NA,NA,NA,NA,"",NA,NA,"harmona4","2020-05-08 08:53:22",NA,70,"urn:uuid:da38263d-2f49-48d9-b292-5d690fbaea5b","https://www.mycoportal.org/portal/collections/individual/index.php?occid=5152341"
"39",5153576,"CINC",NA,NA,"PreservedSpecimen","88bd0181-b32f-4794-b91b-4f0fc47e3f74","CINC-F-0005938","","Fungi|Basidiomycota|Agaricomycotina|Agaricomycetes|Agaricomycetidae|Polyporales|Polyporaceae|Trametes","Fungi","Basidiomycota","Agaricomycetes","Polyporales","Polyporaceae","Trametes modesta",189945,"(Kunze ex Fr.) Ryvarden","Trametes",NA,"modesta","","","Species","","",NA,NA,NA,"","","Weir, J.R.","","66814","1923-09-23","1923","9","23",266,NA,"September 23, 1923","","","","",NA,"",NA,NA,NA,"",NA,NA,NA,"",NA,NA,NA,"Brazil","","","","Rio Pacanova-Rio, Matto Grosso",NA,NA,NA,-10.015573,-51.127646,"",2000,"","vincenma (2015-07-29 05:40:23)","","georef batch tool 2015-07-29","reviewed - high confidence","",240,280,NA,NA,NA,"",NA,NA,"harmona4","2020-04-25 10:24:51",NA,70,"urn:uuid:88bd0181-b32f-4794-b91b-4f0fc47e3f74","https://www.mycoportal.org/portal/collections/individual/index.php?occid=5153576"
"40",5230790,"CINC",NA,NA,"PreservedSpecimen","3c972465-c341-4f7d-9894-98cb554ef0e6","CINC-F-0007079","","Fungi|Basidiomycota|Agaricomycotina|Agaricomycetes|Agaricomycetidae|Polyporales|Polyporaceae|Panus","Fungi","Basidiomycota","Agaricomycetes","Polyporales","Polyporaceae","Panus rudis",349606,"Fr.","Panus",NA,"rudis","","","Species","","",NA,NA,NA,"","","Weir, J.R.","","1957","1923-08-29","1923","8","29",241,NA,"August 29, 1923","","","on dead log of Mangifera indica","",NA,"",NA,NA,NA,"",NA,NA,NA,"",NA,NA,NA,"Brazil","Amazonas","","Diamantino","Diamantino, Madeira River, Amazonas",NA,NA,NA,-3.75,-64.5,"WGS84",3036,"","","","GeoLocate","","",NA,NA,NA,NA,NA,"",NA,NA,"harmona4","2020-04-26 16:03:27",NA,70,"urn:uuid:3c972465-c341-4f7d-9894-98cb554ef0e6","https://www.mycoportal.org/portal/collections/individual/index.php?occid=5230790"
"41",7086076,"CINC",NA,NA,"PreservedSpecimen","a348fc3f-9fcd-4991-a5c3-681c267ddbcb","CINC-F-0007572","","Fungi|Basidiomycota|Agaricomycotina|Agaricomycetes|Agaricomycetidae|Boletales|Rhizopogonaceae|Rhizopogon","Fungi","Basidiomycota","Agaricomycetes","Boletales","Rhizopogonaceae","Rhizopogon rubescens",531359,"(Tul. & C. Tul.) Tul. & C. Tul.","Rhizopogon",NA,"rubescens","","","Species","","",NA,NA,NA,"Rhizopogon rubescens","","Parks, H.E.","","1990","1923-03-15","1923","3","15",74,NA,"March 15, 1923","California Fungi. Berkeley, CA [Anonymous, Calif. Fungi], 1- ? 1425, Herbarium of the University of California., exs #: 559","","","",NA,"",NA,NA,NA,"",NA,NA,NA,"",NA,NA,NA,"United States","California","San Francisco","San Francisco","Golden Gate Park",NA,0,NA,37.76917,-122.47917,"WGS84",NA,"","","","","","",NA,NA,NA,NA,NA,"",NA,NA,"harmona4","2020-04-06 14:48:52",NA,70,"urn:uuid:a348fc3f-9fcd-4991-a5c3-681c267ddbcb","https://www.mycoportal.org/portal/collections/individual/index.php?occid=7086076"
"42",7086428,"CINC",NA,NA,"PreservedSpecimen","715b02dd-1b71-4dc2-a020-69ce3dce7ea6","CINC-F-0007584","","Fungi|Basidiomycota|Agaricomycotina|Agaricomycetes|Phallomycetidae|Geastrales|Geastraceae|Geaster","Fungi","Basidiomycota","Agaricomycetes","Geastrales","Geastraceae","Geaster hygrometricum",499341,"","Geaster",NA,"hygrometricum","","","Species","","",NA,NA,NA,"Geaster hygrometricus","","Orcutt, C.R.","","1879","1923-02-00","1923","2","00",NA,NA,"February, 1923","","","","",NA,"",NA,NA,NA,"",NA,NA,NA,"",NA,NA,NA,"United States","California","San Dieago","Fall Brook","Fall Brook",NA,0,NA,33.37642,-117.251147,"WGS84",6700,"","akasameyer (2019-01-07 15:10:02)","","georef batch tool 2019-01-07; GeoLocate","reviewed - high confidence","",NA,NA,NA,NA,NA,"",NA,NA,"harmona4","2020-04-25 09:14:32",NA,70,"urn:uuid:715b02dd-1b71-4dc2-a020-69ce3dce7ea6","https://www.mycoportal.org/portal/collections/individual/index.php?occid=7086428"
"43",7220412,"CINC",NA,NA,"PreservedSpecimen","6fe7dbaf-9e5e-417e-a156-449a201eced8","CINC-F-0007622","","Fungi|Basidiomycota|Agaricomycotina|Agaricomycetes|Agaricomycetidae|Agaricales|Agaricaceae|Disciseda","Fungi","Basidiomycota","Agaricomycetes","Agaricales","Agaricaceae","Disciseda pila",176020,"R.E. Fr.","Disciseda",NA,"pila","","","Species","","",NA,NA,NA,"Disciseda pila","","Parks, H.E.","","1416","1923-01-20","1923","1","20",20,NA,"January 20, 1923","California Fungi. Berkeley, CA [Anonymous, Calif. Fungi], 1- ? 1425, Herbarium of the University of California., exs #: 447","","","",NA,"",NA,NA,NA,"",NA,NA,NA,"",NA,NA,NA,"United States","California","Alameda","Berkeley","University of California Campus, Berkeley, near Greek Theater",NA,0,NA,37.884601,-122.259357,"",5007,"","harmona4 (2019-12-20 09:39:31)","","georef batch tool 2019-12-20; GeoLocate","reviewed - high confidence","",NA,NA,NA,NA,NA,"",NA,NA,"harmona4","2020-04-06 14:48:52",NA,70,"urn:uuid:6fe7dbaf-9e5e-417e-a156-449a201eced8","https://www.mycoportal.org/portal/collections/individual/index.php?occid=7220412"
